date,chain,volume_usd
2020-09-19,bsc,129
2020-09-20,bsc,16
2020-09-21,bsc,2277
2020-09-22,bsc,2114755
2020-09-23,bsc,2444663
2020-09-24,bsc,5458543
2020-09-25,bsc,5186591
2020-09-26,bsc,5630727
2020-09-27,bsc,6932158
2020-09-28,bsc,16412949
2020-09-29,bsc,20535002
2020-09-30,bsc,10563174
2020-10-01,bsc,9178975
2020-10-02,bsc,7414236
2020-10-03,bsc,9768977
2020-10-04,bsc,6836510
2020-10-05,bsc,4030481
2020-10-06,bsc,9985558
2020-10-07,bsc,5943002
2020-10-08,bsc,6915428
2020-10-09,bsc,8883467
2020-10-10,bsc,12134900
2020-10-11,bsc,11386585
2020-10-12,bsc,21342032
2020-10-13,bsc,27131197
2020-10-14,bsc,14096429
2020-10-15,bsc,10472466
2020-10-16,bsc,14921291
2020-10-17,bsc,12605500
2020-10-18,bsc,12486943
2020-10-19,bsc,11391424
2020-10-20,bsc,13283519
2020-10-21,bsc,14795941
2020-10-22,bsc,14482987
2020-10-23,bsc,15611188
2020-10-24,bsc,9070592
2020-10-25,bsc,12204295
2020-10-26,bsc,21386588
2020-10-27,bsc,16011291
2020-10-28,bsc,14286246
2020-10-29,bsc,13397872
2020-10-30,bsc,13498966
2020-10-31,bsc,6469798
2020-11-01,bsc,5596314
2020-11-02,bsc,8886938
2020-11-03,bsc,14601161
2020-11-04,bsc,8830912
2020-11-05,bsc,10095860
2020-11-06,bsc,15294650
2020-11-07,bsc,19198485
2020-11-08,bsc,8328893
2020-11-09,bsc,8611767
2020-11-10,bsc,8562728
2020-11-11,bsc,8070838
2020-11-12,bsc,6664031
2020-11-13,bsc,8528515
2020-11-14,bsc,6813098
2020-11-15,bsc,8650115
2020-11-16,bsc,10732157
2020-11-17,bsc,12107646
2020-11-18,bsc,12864726
2020-11-19,bsc,10872850
2020-11-20,bsc,14553145
2020-11-21,bsc,13915936
2020-11-22,bsc,15698873
2020-11-23,bsc,14209672
2020-11-24,bsc,27669186
2020-11-25,bsc,16019825
2020-11-26,bsc,23297533
2020-11-27,bsc,10706001
2020-11-28,bsc,8186172
2020-11-29,bsc,8025081
2020-11-30,bsc,9557925
2020-12-01,bsc,11105948
2020-12-02,bsc,8635277
2020-12-03,bsc,10497650
2020-12-04,bsc,10987895
2020-12-05,bsc,10143897
2020-12-06,bsc,11063427
2020-12-07,bsc,9018093
2020-12-08,bsc,14916946
2020-12-09,bsc,13864099
2020-12-10,bsc,7738627
2020-12-11,bsc,8806020
2020-12-12,bsc,6594930
2020-12-13,bsc,7007871
2020-12-14,bsc,10607982
2020-12-15,bsc,9200306
2020-12-16,bsc,14958881
2020-12-17,bsc,15912908
2020-12-18,bsc,10481075
2020-12-19,bsc,14558506
2020-12-20,bsc,16291264
2020-12-21,bsc,21216361
2020-12-22,bsc,19627968
2020-12-23,bsc,29925332
2020-12-24,bsc,19586742
2020-12-25,bsc,13903420
2020-12-26,bsc,12818325
2020-12-27,bsc,20865362
2020-12-28,bsc,24434541
2020-12-29,bsc,36870701
2020-12-30,bsc,21530928
2020-12-31,bsc,26206258
2021-01-01,bsc,20654457
2021-01-02,bsc,26370571
2021-01-03,bsc,40986314
2021-01-04,bsc,50440097
2021-01-05,bsc,45583386
2021-01-06,bsc,35511830
2021-01-07,bsc,49998416
2021-01-08,bsc,49255915
2021-01-09,bsc,32691174
2021-01-10,bsc,36736449
2021-01-11,bsc,54591170
2021-01-12,bsc,30731692
2021-01-13,bsc,39137533
2021-01-14,bsc,44646368
2021-01-15,bsc,44324095
2021-01-16,bsc,41885493
2021-01-17,bsc,43506837
2021-01-18,bsc,39349371
2021-01-19,bsc,44329582
2021-01-20,bsc,37921338
2021-01-21,bsc,43903181
2021-01-22,bsc,46503638
2021-01-23,bsc,43012666
2021-01-24,bsc,43379521
2021-01-25,bsc,51927044
2021-01-26,bsc,67543401
2021-01-27,bsc,95962844
2021-01-28,bsc,73174200
2021-01-29,bsc,74205041
2021-01-30,bsc,75096701
2021-01-31,bsc,89513832
2021-02-01,bsc,151019134
2021-02-02,bsc,135777706
2021-02-03,bsc,120810504
2021-02-04,bsc,136416913
2021-02-05,bsc,179731409
2021-02-06,bsc,239973448
2021-02-07,bsc,181543173
2021-02-08,bsc,229144346
2021-02-09,bsc,441947096
2021-02-10,bsc,657988491
2021-02-11,bsc,447198912
2021-02-12,bsc,413771582
2021-02-13,bsc,299519165
2021-02-14,bsc,394620735
2021-02-15,bsc,493237929
2021-02-16,bsc,508623727
2021-02-17,bsc,852567802
2021-02-18,bsc,1009702884
2021-02-19,bsc,2102889868
2021-02-20,bsc,1671930009
2021-02-21,bsc,1133362087
2021-02-22,bsc,1262084211
2021-02-23,bsc,1633527263
2021-02-24,bsc,1133732282
2021-02-25,bsc,751555390
2021-02-26,bsc,941089380
2021-02-27,bsc,640391227
2021-02-28,bsc,761867131
2021-03-01,bsc,899516144
2021-03-02,bsc,751272271
2021-03-03,bsc,591808027
2021-03-04,bsc,963310201
2021-03-05,bsc,716244067
2021-03-06,bsc,530889770
2021-03-07,bsc,758522587
2021-03-08,bsc,641127560
2021-03-09,bsc,862240948
2021-03-10,bsc,958991245
2021-03-11,bsc,966513289
2021-03-12,bsc,889781970
2021-03-13,bsc,705125907
2021-03-14,bsc,582211192
2021-03-15,bsc,767849312
2021-03-16,bsc,850426319
2021-03-17,bsc,734217281
2021-03-18,bsc,678147554
2021-03-19,bsc,573048817
2021-03-20,bsc,575668627
2021-03-21,bsc,537255028
2021-03-22,bsc,814535007
2021-03-23,bsc,765432778
2021-03-24,bsc,925812524
2021-03-25,bsc,1267989085
2021-03-26,bsc,903289021
2021-03-27,bsc,932140615
2021-03-28,bsc,823818057
2021-03-29,bsc,785295776
2021-03-30,bsc,1006540641
2021-03-31,bsc,997930628
2021-04-01,bsc,943504121
2021-04-02,bsc,1384587104
2021-04-03,bsc,1008427651
2021-04-04,bsc,877194993
2021-04-05,bsc,1052180691
2021-04-06,bsc,1345071608
2021-04-07,bsc,1639778351
2021-04-08,bsc,1782442920
2021-04-09,bsc,2394949774
2021-04-10,bsc,1600006446
2021-04-11,bsc,1421565548
2021-04-12,bsc,2665504606
2021-04-13,bsc,1907468057
2021-04-14,bsc,1632782837
2021-04-15,bsc,1539389793
2021-04-16,bsc,1482366568
2021-04-17,bsc,1154526900
2021-04-18,bsc,2217469090
2021-04-19,bsc,1852647511
2021-04-20,bsc,4189150245
2021-04-21,bsc,2492556933
2021-04-22,bsc,2293772797
2021-04-23,bsc,2080304257
2021-04-24,bsc,3053522585
2021-04-25,bsc,4679365688
2021-04-26,bsc,2981179362
2021-04-27,bsc,3252076141
2021-04-28,bsc,2641028420
2021-04-29,bsc,3879072678
2021-04-30,bsc,3258403789
2021-05-01,bsc,3031081921
2021-05-02,bsc,2780857770
2021-05-03,bsc,3601248010
2021-05-04,bsc,3821816750
2021-05-05,bsc,2837413628
2021-05-06,bsc,3267596807
2021-05-07,bsc,7692184084
2021-05-08,bsc,3100675262
2021-05-09,bsc,3668867143
2021-05-10,bsc,4175023646
2021-05-11,bsc,4957565139
2021-05-12,bsc,5572090375
2021-05-13,bsc,6321085802
2021-05-14,bsc,4191744102
2021-05-15,bsc,4455208195
2021-05-16,bsc,3950502535
2021-05-17,bsc,4562667975
2021-05-18,bsc,4782302923
2021-05-19,bsc,12999161543
2021-05-20,bsc,10012525083
2021-05-21,bsc,6807228518
2021-05-22,bsc,3147039693
2021-05-23,bsc,4373904906
2021-05-24,bsc,3382253209
2021-05-25,bsc,2988676549
2021-05-26,bsc,2510096130
2021-05-27,bsc,2685747673
2021-05-28,bsc,2405521238
2021-05-29,bsc,8951215618
2021-05-30,bsc,1532343436
2021-05-31,bsc,1640491639
2021-06-01,bsc,1786973012
2021-06-02,bsc,2029825537
2021-06-03,bsc,1708018158
2021-06-04,bsc,2137912235
2021-06-05,bsc,1711603673
2021-06-06,bsc,1146598924
2021-06-07,bsc,1649664927
2021-06-08,bsc,1926753974
2021-06-09,bsc,1413223815
2021-06-10,bsc,1349048346
2021-06-11,bsc,1367092731
2021-06-12,bsc,1304234832
2021-06-13,bsc,1160503617
2021-06-14,bsc,1381279302
2021-06-15,bsc,1217676960
2021-06-16,bsc,1326587985
2021-06-17,bsc,1187601326
2021-06-18,bsc,1214507257
2021-06-19,bsc,894124459
2021-06-20,bsc,1049101427
2021-06-21,bsc,2040623616
2021-06-22,bsc,2572342711
2021-06-23,bsc,1325400767
2021-06-24,bsc,1146564929
2021-06-25,bsc,1253338036
2021-06-26,bsc,906009371
2021-06-27,bsc,759072485
2021-06-28,bsc,894812390
2021-06-29,bsc,1004502391
2021-06-30,bsc,859308188
2021-07-01,bsc,984212724
2021-07-02,bsc,772783800
2021-07-03,bsc,735556523
2021-07-04,bsc,1162267011
2021-07-05,bsc,1115898981
2021-07-06,bsc,1470928721
2021-07-07,bsc,1228027821
2021-07-08,bsc,1083422398
2021-07-09,bsc,998478687
2021-07-10,bsc,819464454
2021-07-11,bsc,786110817
2021-07-12,bsc,996267119
2021-07-13,bsc,878706161
2021-07-14,bsc,1258248124
2021-07-15,bsc,1402150334
2021-07-16,bsc,1073292554
2021-07-17,bsc,778267744
2021-07-18,bsc,781843873
2021-07-19,bsc,1099753393
2021-07-20,bsc,1172597190
2021-07-21,bsc,1048711814
2021-07-22,bsc,1063301421
2021-07-23,bsc,1202533037
2021-07-24,bsc,1406260975
2021-07-25,bsc,1216514106
2021-07-26,bsc,1873229683
2021-07-27,bsc,1475393830
2021-07-28,bsc,1680885830
2021-07-29,bsc,1317454486
2021-07-30,bsc,1338022368
2021-07-31,bsc,1189736595
2021-08-01,bsc,1367023745
2021-08-02,bsc,1192501042
2021-08-03,bsc,1109390103
2021-08-04,bsc,1296010195
2021-08-05,bsc,1282077223
2021-08-06,bsc,1163709996
2021-08-07,bsc,1230024220
2021-08-08,bsc,1215433673
2021-08-09,bsc,1203322136
2021-08-10,bsc,1363713271
2021-08-11,bsc,1997453892
2021-08-12,bsc,1552542593
2021-08-13,bsc,1212661090
2021-08-14,bsc,1241910512
2021-08-15,bsc,1329396555
2021-08-16,bsc,1725120546
2021-08-17,bsc,1782981754
2021-08-18,bsc,1731725219
2021-08-19,bsc,2015623527
2021-08-20,bsc,1906059300
2021-08-21,bsc,1880231602
2021-08-22,bsc,1568145541
2021-08-23,bsc,2286437990
2021-08-24,bsc,2484620253
2021-08-25,bsc,2859940688
2021-08-26,bsc,2809292997
2021-08-27,bsc,2282902938
2021-08-28,bsc,1610299249
2021-08-29,bsc,1696187962
2021-08-30,bsc,1921191719
2021-08-31,bsc,2076746553
2021-09-01,bsc,1981756406
2021-09-02,bsc,1812682362
2021-09-03,bsc,1890485310
2021-09-04,bsc,1741542953
2021-09-05,bsc,1483548722
2021-09-06,bsc,1909933516
2021-09-07,bsc,3774810027
2021-09-08,bsc,2328552919
2021-09-09,bsc,1869647338
2021-09-10,bsc,1894831171
2021-09-11,bsc,1225647680
2021-09-12,bsc,1318734382
2021-09-13,bsc,1808432314
2021-09-14,bsc,1410801063
2021-09-15,bsc,1659387775
2021-09-16,bsc,1835821070
2021-09-17,bsc,1504000065
2021-09-18,bsc,1356584562
2021-09-19,bsc,1308275052
2021-09-20,bsc,2349245830
2021-09-21,bsc,2013909490
2021-09-22,bsc,1646565455
2021-09-23,bsc,1505065933
2021-09-24,bsc,1904406663
2021-09-25,bsc,1107142448
2021-09-26,bsc,1508226089
2021-09-27,bsc,1317100831
2021-09-28,bsc,1242422873
2021-09-29,bsc,1527787340
2021-09-30,bsc,1383222206
2021-10-01,bsc,1490633907
2021-10-02,bsc,1621006444
2021-10-02,solana,3
2021-10-03,bsc,1357662589
2021-10-04,bsc,1734324863
2021-10-05,bsc,1947832499
2021-10-05,solana,100
2021-10-06,bsc,1892247628
2021-10-06,solana,5
2021-10-07,bsc,2216716999
2021-10-07,solana,42287
2021-10-08,bsc,1971374285
2021-10-08,solana,33360
2021-10-09,bsc,2163877131
2021-10-09,solana,13601
2021-10-10,bsc,2396587198
2021-10-10,solana,47552
2021-10-11,bsc,2648037781
2021-10-11,solana,19481
2021-10-12,bsc,2867922138
2021-10-12,solana,18576
2021-10-13,bsc,3231602737
2021-10-13,solana,2968
2021-10-14,bsc,2427772301
2021-10-14,solana,31697
2021-10-15,bsc,2321425976
2021-10-15,solana,275161
2021-10-16,bsc,1907943338
2021-10-16,solana,1141819
2021-10-17,bsc,2056973856
2021-10-17,solana,65818
2021-10-18,bsc,2044302783
2021-10-18,solana,15260
2021-10-19,bsc,1971792837
2021-10-19,solana,100286
2021-10-20,bsc,2446923296
2021-10-20,solana,10929
2021-10-21,bsc,2372941253
2021-10-21,solana,246353
2021-10-22,bsc,2314145590
2021-10-22,solana,223185
2021-10-23,bsc,1624366537
2021-10-23,solana,121817
2021-10-24,bsc,1801891542
2021-10-24,solana,36176
2021-10-25,bsc,2131606416
2021-10-25,solana,365946
2021-10-26,bsc,2608692839
2021-10-26,solana,1085978
2021-10-27,bsc,2950809604
2021-10-27,solana,1182288
2021-10-28,bsc,3503311346
2021-10-28,solana,412394
2021-10-29,bsc,3661938017
2021-10-29,solana,664863
2021-10-30,bsc,3625522339
2021-10-30,solana,917332
2021-10-31,bsc,3215536447
2021-10-31,solana,71914
2021-11-01,bsc,3516484032
2021-11-01,solana,133931
2021-11-02,bsc,3750680623
2021-11-02,solana,343255
2021-11-03,bsc,3878295713
2021-11-03,solana,422857
2021-11-04,bsc,4234001741
2021-11-04,solana,101180
2021-11-05,bsc,3888137360
2021-11-05,solana,943020
2021-11-06,bsc,4099700851
2021-11-06,solana,111395
2021-11-07,bsc,4405104544
2021-11-07,solana,536425
2021-11-08,bsc,4019196463
2021-11-08,solana,12221
2021-11-09,bsc,3762268200
2021-11-09,solana,8715
2021-11-10,bsc,5082344668
2021-11-10,solana,466423
2021-11-11,bsc,3922073140
2021-11-11,solana,356665
2021-11-12,bsc,4195613281
2021-11-12,solana,246815
2021-11-13,bsc,3886242189
2021-11-13,solana,165442
2021-11-14,bsc,4094123154
2021-11-14,solana,10841
2021-11-15,bsc,4455278312
2021-11-15,solana,1931
2021-11-16,bsc,4860496653
2021-11-16,solana,115922
2021-11-17,bsc,4325803017
2021-11-17,solana,231845
2021-11-18,bsc,5100304600
2021-11-18,solana,89830
2021-11-19,bsc,4342206116
2021-11-19,solana,23617
2021-11-20,bsc,4955354947
2021-11-20,solana,518202
2021-11-21,bsc,4373205297
2021-11-21,solana,7815
2021-11-22,bsc,4086574930
2021-11-22,solana,8977
2021-11-23,bsc,4467991717
2021-11-23,solana,17955
2021-11-24,bsc,4814019017
2021-11-24,solana,26933
2021-11-25,bsc,4966800725
2021-11-25,solana,980
2021-11-26,bsc,5394644663
2021-11-26,solana,422951
2021-11-27,bsc,3804956554
2021-11-27,solana,184231
2021-11-28,bsc,3901367427
2021-11-28,solana,610689
2021-11-29,bsc,4988490192
2021-11-29,solana,30874
2021-11-30,bsc,5182389215
2021-11-30,solana,24576
2021-12-01,bsc,5656909331
2021-12-01,solana,509643
2021-12-02,bsc,5231986118
2021-12-02,solana,20298
2021-12-03,bsc,4651427446
2021-12-03,solana,24220
2021-12-04,bsc,5149926306
2021-12-04,solana,815
2021-12-05,bsc,3875330316
2021-12-05,solana,182868
2021-12-06,bsc,4574439779
2021-12-06,solana,74983
2021-12-07,bsc,4112050411
2021-12-07,solana,32010
2021-12-08,bsc,3684786410
2021-12-08,solana,70838
2021-12-09,bsc,3511330736
2021-12-10,bsc,3681324433
2021-12-10,solana,2318
2021-12-11,bsc,2625153371
2021-12-11,solana,21348
2021-12-12,bsc,2404763042
2021-12-12,solana,50060
2021-12-13,bsc,2750968360
2021-12-13,solana,41802
2021-12-14,bsc,2967386114
2021-12-14,solana,33555
2021-12-15,bsc,2619043798
2021-12-15,solana,785
2021-12-16,bsc,2520143108
2021-12-16,solana,110250
2021-12-17,bsc,3249073333
2021-12-17,solana,8277
2021-12-18,bsc,2509064752
2021-12-18,solana,45981
2021-12-19,bsc,2034821796
2021-12-19,solana,1938
2021-12-20,bsc,2552100599
2021-12-20,solana,15327
2021-12-21,bsc,2298977579
2021-12-21,solana,25122
2021-12-22,bsc,2389734792
2021-12-22,solana,5185
2021-12-23,bsc,2879354232
2021-12-23,solana,111185
2021-12-24,bsc,2463163525
2021-12-24,solana,31763
2021-12-25,bsc,2009419013
2021-12-25,solana,112801
2021-12-26,bsc,2061850760
2021-12-26,solana,114759
2021-12-27,bsc,2226727969
2021-12-27,solana,135167
2021-12-28,bsc,2432334504
2021-12-28,solana,111819
2021-12-29,bsc,2205973197
2021-12-29,solana,47124
2021-12-30,bsc,2007582757
2021-12-30,solana,40126
2021-12-31,bsc,2119560961
2021-12-31,solana,24572
2022-01-01,bsc,1606496262
2022-01-01,solana,233696
2022-01-02,bsc,1655839814
2022-01-02,solana,56891
2022-01-03,bsc,1828636642
2022-01-03,solana,768569
2022-01-04,bsc,2146928943
2022-01-04,solana,104768
2022-01-05,bsc,2738979680
2022-01-05,solana,381382
2022-01-06,bsc,2196982896
2022-01-06,solana,73392
2022-01-07,bsc,2102307901
2022-01-07,solana,95557
2022-01-08,bsc,1857837497
2022-01-08,solana,50563
2022-01-09,bsc,1592221881
2022-01-09,solana,450228
2022-01-10,bsc,2315868326
2022-01-10,solana,163609
2022-01-11,bsc,1831843538
2022-01-11,solana,269657
2022-01-12,bsc,2012177260
2022-01-12,solana,432887
2022-01-13,bsc,2058729076
2022-01-13,solana,514734
2022-01-14,bsc,1836823063
2022-01-14,solana,890189
2022-01-15,bsc,1556784302
2022-01-15,solana,81217
2022-01-16,bsc,1647987822
2022-01-16,solana,181402
2022-01-17,bsc,1743093383
2022-01-17,solana,233146
2022-01-18,bsc,1788055653
2022-01-18,solana,117774
2022-01-19,bsc,1597120015
2022-01-19,solana,110680
2022-01-20,bsc,1748743647
2022-01-20,solana,375777
2022-01-21,bsc,2608068948
2022-01-21,solana,392851
2022-01-22,bsc,2811687534
2022-01-22,solana,345622
2022-01-23,bsc,1418733454
2022-01-23,solana,894302
2022-01-24,bsc,1796926187
2022-01-24,solana,2017444
2022-01-25,bsc,1361417660
2022-01-25,solana,287645
2022-01-26,bsc,1595476547
2022-01-26,solana,9811602
2022-01-27,bsc,2236272337
2022-01-27,solana,19338242
2022-01-28,bsc,1431449974
2022-01-28,solana,9918240
2022-01-29,bsc,1252010712
2022-01-29,solana,6598012
2022-01-30,bsc,1265409769
2022-01-30,solana,4337640
2022-01-31,bsc,1372262427
2022-01-31,solana,5565333
2022-02-01,bsc,1123272281
2022-02-01,solana,11302826
2022-02-02,bsc,1165676639
2022-02-02,solana,36043833
2022-02-03,bsc,1225338905
2022-02-03,solana,10930763
2022-02-04,bsc,1413483681
2022-02-04,solana,16802042
2022-02-05,bsc,1483999037
2022-02-05,solana,7438657
2022-02-06,bsc,1232186624
2022-02-06,solana,4640361
2022-02-07,bsc,1572368781
2022-02-07,solana,7708374
2022-02-08,bsc,1585851511
2022-02-08,solana,9880444
2022-02-09,bsc,1340452900
2022-02-09,solana,6502633
2022-02-10,bsc,1770497149
2022-02-10,solana,7608633
2022-02-11,bsc,1945213950
2022-02-11,solana,7454800
2022-02-12,bsc,1379414341
2022-02-12,solana,7461418
2022-02-13,bsc,1254120984
2022-02-13,solana,4238527
2022-02-14,bsc,1217123261
2022-02-14,solana,5988780
2022-02-15,bsc,1553253848
2022-02-15,solana,5476849
2022-02-16,bsc,1462386629
2022-02-16,solana,5347028
2022-02-17,bsc,1771950196
2022-02-17,solana,7499299
2022-02-18,bsc,1577576773
2022-02-18,solana,7440254
2022-02-19,bsc,1373009677
2022-02-19,solana,6066587
2022-02-20,bsc,1427760410
2022-02-20,solana,9466811
2022-02-21,bsc,1520463839
2022-02-21,solana,14706587
2022-02-22,bsc,1492243536
2022-02-22,solana,10788300
2022-02-23,bsc,1540952497
2022-02-23,solana,9938919
2022-02-24,bsc,2125133594
2022-02-24,solana,24515368
2022-02-25,bsc,1897187396
2022-02-25,solana,16385519
2022-02-26,bsc,1379466733
2022-02-26,solana,8566978
2022-02-27,bsc,1293169240
2022-02-27,solana,9934066
2022-02-28,bsc,1478603572
2022-02-28,solana,15430883
2022-03-01,bsc,1491068960
2022-03-01,solana,13585491
2022-03-02,bsc,1342424349
2022-03-02,solana,16213946
2022-03-03,bsc,1518580784
2022-03-03,solana,8784934
2022-03-04,bsc,1240332305
2022-03-04,solana,9212291
2022-03-05,bsc,1008041591
2022-03-05,solana,6469474
2022-03-06,bsc,1087365600
2022-03-06,solana,5572626
2022-03-07,bsc,1451378086
2022-03-07,solana,8475450
2022-03-08,bsc,1050474934
2022-03-08,solana,8546340
2022-03-09,bsc,1297010741
2022-03-09,solana,9259358
2022-03-10,bsc,1054756524
2022-03-10,solana,8313501
2022-03-11,bsc,1065725302
2022-03-11,solana,6464943
2022-03-12,bsc,1255595465
2022-03-12,solana,3690057
2022-03-13,bsc,1222632969
2022-03-13,solana,3873657
2022-03-14,bsc,1142387881
2022-03-14,solana,6599592
2022-03-15,bsc,1162922205
2022-03-15,solana,7249940
2022-03-16,bsc,1184699823
2022-03-16,solana,6866218
2022-03-17,bsc,1578087117
2022-03-17,solana,6357111
2022-03-18,bsc,1182328345
2022-03-18,solana,6603853
2022-03-19,bsc,1445030322
2022-03-19,solana,6703783
2022-03-20,bsc,1381156616
2022-03-20,solana,4713413
2022-03-21,bsc,2261573919
2022-03-21,solana,6806547
2022-03-22,bsc,1473149141
2022-03-22,solana,8305610
2022-03-23,bsc,1398081556
2022-03-23,solana,10759741
2022-03-24,bsc,1405738463
2022-03-24,solana,11426336
2022-03-25,bsc,1921846756
2022-03-25,solana,7726730
2022-03-26,bsc,1064263408
2022-03-26,solana,6054229
2022-03-27,bsc,1203581951
2022-03-27,solana,5256193
2022-03-28,bsc,1605089121
2022-03-28,solana,4693830
2022-03-29,bsc,1525919931
2022-03-29,solana,9348786
2022-03-30,bsc,1776573637
2022-03-30,solana,12503150
2022-03-31,bsc,1861624320
2022-03-31,solana,16378123
2022-04-01,bsc,2577970626
2022-04-01,solana,16535120
2022-04-02,bsc,2543572594
2022-04-02,solana,10925789
2022-04-03,bsc,1631286349
2022-04-03,solana,9811345
2022-04-04,bsc,1717528733
2022-04-04,solana,10651046
2022-04-05,bsc,1621535899
2022-04-05,solana,12170062
2022-04-06,bsc,1733674895
2022-04-06,solana,16651357
2022-04-07,bsc,1806257216
2022-04-07,solana,14437072
2022-04-08,bsc,1912430422
2022-04-08,solana,11527017
2022-04-09,bsc,1766534205
2022-04-09,solana,9589034
2022-04-10,bsc,1923074355
2022-04-10,solana,6864454
2022-04-11,bsc,1893905047
2022-04-11,solana,14459791
2022-04-12,bsc,2680186094
2022-04-12,solana,13824492
2022-04-13,bsc,1527833073
2022-04-13,solana,18366367
2022-04-14,bsc,1478012161
2022-04-14,solana,8371265
2022-04-15,bsc,1346868332
2022-04-15,solana,15673772
2022-04-16,bsc,1234691259
2022-04-16,solana,4846978
2022-04-17,bsc,1073303227
2022-04-17,solana,7678741
2022-04-18,bsc,1398628332
2022-04-18,solana,12576176
2022-04-19,bsc,1408703750
2022-04-19,solana,10179997
2022-04-20,bsc,1391526982
2022-04-20,solana,12594912
2022-04-21,bsc,1415984681
2022-04-21,solana,10387577
2022-04-22,bsc,1139397199
2022-04-22,solana,11874347
2022-04-23,bsc,1002365879
2022-04-23,solana,9473030
2022-04-24,bsc,1231654681
2022-04-24,solana,6445753
2022-04-25,bsc,1513124466
2022-04-25,solana,18295393
2022-04-26,bsc,1469385029
2022-04-26,solana,11507038
2022-04-27,bsc,1257173837
2022-04-27,solana,10610876
2022-04-28,bsc,1514710995
2022-04-28,solana,9672119
2022-04-29,bsc,1558564967
2022-04-29,solana,8282760
2022-04-30,bsc,1424702325
2022-04-30,solana,6385427
2022-05-01,bsc,1227221330
2022-05-01,solana,3689160
2022-05-02,bsc,1121078107
2022-05-02,solana,8386400
2022-05-03,bsc,1031623609
2022-05-03,solana,5890001
2022-05-04,bsc,1139275916
2022-05-04,solana,5554244
2022-05-05,bsc,1416354986
2022-05-05,solana,12479953
2022-05-06,bsc,1118942526
2022-05-06,solana,21429250
2022-05-07,bsc,1162765985
2022-05-07,solana,11446202
2022-05-08,bsc,1399984467
2022-05-08,solana,18800812
2022-05-09,bsc,2696433126
2022-05-09,solana,23672134
2022-05-10,bsc,2575225311
2022-05-10,solana,63396925
2022-05-11,bsc,3597397993
2022-05-11,solana,76458291
2022-05-12,bsc,3607081230
2022-05-12,solana,86529156
2022-05-13,bsc,1921182468
2022-05-13,solana,27229804
2022-05-14,bsc,1822689190
2022-05-14,solana,16414386
2022-05-15,bsc,1391341359
2022-05-15,solana,13045408
2022-05-16,bsc,1319305185
2022-05-16,solana,14270601
2022-05-17,bsc,1110756859
2022-05-17,solana,11236370
2022-05-18,bsc,1201658542
2022-05-18,solana,11802773
2022-05-19,bsc,1099790405
2022-05-19,solana,15222945
2022-05-20,bsc,1362099778
2022-05-20,solana,12813953
2022-05-21,bsc,882977244
2022-05-21,solana,7387202
2022-05-22,bsc,1001636521
2022-05-22,solana,6202972
2022-05-23,bsc,1272513825
2022-05-23,solana,9168932
2022-05-24,bsc,1338072768
2022-05-24,solana,9882856
2022-05-25,bsc,1173393926
2022-05-25,solana,7961621
2022-05-26,bsc,1596053138
2022-05-26,solana,10886070
2022-05-27,bsc,1269018515
2022-05-27,solana,20320169
2022-05-28,bsc,1002269272
2022-05-28,solana,8498128
2022-05-29,bsc,883792022
2022-05-29,solana,9364777
2022-05-30,bsc,1098800943
2022-05-30,solana,10109591
2022-05-31,bsc,980465415
2022-05-31,solana,13049686
2022-06-01,bsc,900361342
2022-06-01,solana,11603183
2022-06-02,bsc,784602870
2022-06-02,solana,13810783
2022-06-03,bsc,654528785
2022-06-03,solana,13952280
2022-06-04,bsc,619446596
2022-06-04,solana,10556899
2022-06-05,bsc,687837421
2022-06-05,solana,10025375
2022-06-06,bsc,832502339
2022-06-06,solana,12522221
2022-06-07,bsc,1066403476
2022-06-07,solana,16012979
2022-06-08,bsc,1012240349
2022-06-08,solana,16801894
2022-06-09,bsc,859426003
2022-06-09,solana,10905791
2022-06-10,bsc,836476077
2022-06-10,solana,12940944
2022-06-11,bsc,812544058
2022-06-11,solana,14918844
2022-06-12,bsc,845201727
2022-06-12,solana,16960440
2022-06-13,bsc,1717029036
2022-06-13,solana,46708697
2022-06-14,bsc,1306838456
2022-06-14,solana,25983185
2022-06-15,bsc,1237843949
2022-06-15,solana,45810929
2022-06-16,bsc,771560885
2022-06-16,solana,38298970
2022-06-17,bsc,604933184
2022-06-17,solana,29526465
2022-06-18,bsc,885399894
2022-06-18,solana,25807334
2022-06-19,bsc,685030183
2022-06-19,solana,28632079
2022-06-20,bsc,680606727
2022-06-20,solana,29027490
2022-06-21,bsc,774895383
2022-06-21,solana,26226109
2022-06-22,bsc,674077304
2022-06-22,solana,29281713
2022-06-23,bsc,661761368
2022-06-23,solana,24933031
2022-06-24,bsc,633957841
2022-06-24,solana,31845645
2022-06-25,bsc,518379840
2022-06-25,solana,30439937
2022-06-26,bsc,511223842
2022-06-26,solana,51360907
2022-06-27,bsc,525944585
2022-06-27,solana,58659390
2022-06-28,bsc,656143881
2022-06-28,solana,57124832
2022-06-29,bsc,667448583
2022-06-29,solana,98710458
2022-06-30,bsc,710640782
2022-06-30,solana,62176564
2022-07-01,bsc,648994982
2022-07-01,solana,60547081
2022-07-02,bsc,497136447
2022-07-02,solana,44800606
2022-07-03,bsc,446026987
2022-07-03,solana,33204651
2022-07-04,bsc,585324977
2022-07-04,solana,31938625
2022-07-05,bsc,584431723
2022-07-05,solana,34860582
2022-07-06,bsc,536862143
2022-07-06,solana,39114469
2022-07-07,bsc,498705621
2022-07-07,solana,26751934
2022-07-08,bsc,569259051
2022-07-08,solana,46573161
2022-07-09,bsc,404922678
2022-07-09,solana,19746390
2022-07-10,bsc,443728010
2022-07-10,solana,14848194
2022-07-11,bsc,492637962
2022-07-11,solana,25984275
2022-07-12,bsc,473798136
2022-07-12,solana,27164866
2022-07-13,bsc,593357592
2022-07-13,solana,27025622
2022-07-14,bsc,577881398
2022-07-14,solana,28442568
2022-07-15,bsc,523718793
2022-07-15,solana,28421070
2022-07-16,bsc,492424992
2022-07-16,solana,40666632
2022-07-17,bsc,503326808
2022-07-17,solana,25299523
2022-07-18,bsc,698697329
2022-07-18,solana,34421224
2022-07-19,bsc,748575297
2022-07-19,solana,56433367
2022-07-20,bsc,710505594
2022-07-20,solana,44983790
2022-07-21,bsc,561282135
2022-07-21,solana,42669662
2022-07-22,bsc,570377591
2022-07-22,solana,26838641
2022-07-23,bsc,516846006
2022-07-23,solana,26768734
2022-07-24,bsc,484295871
2022-07-24,solana,22259553
2022-07-25,bsc,568121573
2022-07-25,solana,36850900
2022-07-26,bsc,521550265
2022-07-26,solana,26983386
2022-07-27,bsc,613459776
2022-07-27,solana,35850228
2022-07-28,bsc,621408795
2022-07-28,solana,55109069
2022-07-29,bsc,761674617
2022-07-29,solana,41287600
2022-07-30,bsc,654404919
2022-07-30,solana,31875708
2022-07-31,bsc,631586150
2022-07-31,solana,25853312
2022-08-01,bsc,605799356
2022-08-01,solana,25746152
2022-08-02,bsc,622592268
2022-08-02,solana,33568646
2022-08-03,bsc,562331232
2022-08-03,solana,65301222
2022-08-04,bsc,1183588777
2022-08-04,solana,32547429
2022-08-05,bsc,684430557
2022-08-05,solana,29230654
2022-08-06,bsc,547467353
2022-08-06,solana,13733618
2022-08-07,bsc,523006443
2022-08-07,solana,12856021
2022-08-08,bsc,632568865
2022-08-08,solana,27050569
2022-08-09,bsc,642274863
2022-08-09,solana,20441667
2022-08-10,bsc,693902751
2022-08-10,solana,47393815
2022-08-11,bsc,378500289
2022-08-11,solana,41956277
2022-08-12,bsc,570557889
2022-08-12,solana,31424233
2022-08-13,bsc,547239443
2022-08-13,solana,46506942
2022-08-14,bsc,523717059
2022-08-14,solana,45786989
2022-08-15,bsc,556609765
2022-08-15,solana,166492609
2022-08-16,bsc,502444451
2022-08-16,solana,50291048
2022-08-17,bsc,603534728
2022-08-17,solana,49241768
2022-08-18,bsc,540584063
2022-08-18,solana,36993315
2022-08-19,bsc,686414384
2022-08-19,solana,82615655
2022-08-20,bsc,496575728
2022-08-20,solana,68022958
2022-08-21,bsc,523372009
2022-08-21,solana,53104463
2022-08-22,bsc,581170695
2022-08-22,solana,60812621
2022-08-23,bsc,515066711
2022-08-23,solana,35480199
2022-08-24,bsc,484730469
2022-08-24,solana,32449516
2022-08-25,bsc,459041017
2022-08-25,solana,29893166
2022-08-26,bsc,642829530
2022-08-26,solana,88351896
2022-08-27,bsc,539042407
2022-08-27,solana,38099467
2022-08-28,bsc,453940622
2022-08-28,solana,27444932
2022-08-29,bsc,529247412
2022-08-29,solana,33203621
2022-08-30,bsc,713071813
2022-08-30,solana,42646592
2022-08-31,bsc,560493283
2022-08-31,solana,33218480
2022-09-01,bsc,604363117
2022-09-01,solana,42317179
2022-09-02,bsc,463953104
2022-09-02,solana,28287561
2022-09-03,bsc,364507852
2022-09-03,solana,15008871
2022-09-04,bsc,461284810
2022-09-04,solana,20958839
2022-09-05,bsc,455484926
2022-09-05,solana,21691284
2022-09-06,bsc,572534291
2022-09-06,solana,62053781
2022-09-07,bsc,472757817
2022-09-07,solana,38701808
2022-09-08,bsc,583010260
2022-09-08,solana,44178301
2022-09-09,bsc,637463410
2022-09-09,solana,52388999
2022-09-10,bsc,394559236
2022-09-10,solana,34019686
2022-09-11,bsc,408738956
2022-09-11,solana,34206532
2022-09-12,bsc,502801097
2022-09-12,solana,61134875
2022-09-13,bsc,547589555
2022-09-13,solana,80911064
2022-09-14,bsc,437034343
2022-09-14,solana,81247222
2022-09-15,bsc,547460120
2022-09-15,solana,90373273
2022-09-16,bsc,477999478
2022-09-16,solana,63606313
2022-09-17,bsc,370213478
2022-09-17,solana,42542153
2022-09-18,bsc,432623233
2022-09-18,solana,88953895
2022-09-19,bsc,595354491
2022-09-19,solana,141465408
2022-09-20,bsc,467728868
2022-09-20,solana,67622873
2022-09-21,bsc,310891964
2022-09-21,solana,116396914
2022-09-22,bsc,275409882
2022-09-22,solana,71981777
2022-09-23,bsc,253303072
2022-09-23,solana,89327309
2022-09-24,bsc,210811168
2022-09-24,solana,64053051
2022-09-25,bsc,205649621
2022-09-25,solana,44298382
2022-09-26,bsc,238622228
2022-09-26,solana,73597275
2022-09-27,bsc,283253123
2022-09-27,solana,76383160
2022-09-28,bsc,278723772
2022-09-28,solana,74333315
2022-09-29,bsc,239234748
2022-09-29,solana,92139370
2022-09-30,bsc,253548674
2022-09-30,solana,79707100
2022-10-01,bsc,297831816
2022-10-01,solana,39416530
2022-10-02,bsc,198209490
2022-10-02,solana,46220532
2022-10-03,bsc,221755247
2022-10-03,solana,54239773
2022-10-04,bsc,284325250
2022-10-04,solana,51688341
2022-10-05,bsc,223436382
2022-10-05,solana,84240836
2022-10-06,bsc,129696249
2022-10-06,solana,36767739
2022-10-07,bsc,218840492
2022-10-07,solana,39854394
2022-10-08,bsc,204369626
2022-10-08,solana,14877544
2022-10-09,bsc,209351220
2022-10-09,solana,18129880
2022-10-10,bsc,213331853
2022-10-10,solana,37172918
2022-10-11,bsc,209139250
2022-10-11,solana,64889477
2022-10-12,bsc,183275025
2022-10-12,solana,49905684
2022-10-13,bsc,272261911
2022-10-13,solana,73567320
2022-10-14,bsc,213427701
2022-10-14,solana,34466057
2022-10-15,bsc,209815713
2022-10-15,solana,15788045
2022-10-16,bsc,212403194
2022-10-16,solana,34368214
2022-10-17,bsc,253070835
2022-10-17,solana,24889901
2022-10-18,bsc,249211219
2022-10-18,solana,31808834
2022-10-19,bsc,209338388
2022-10-19,solana,26938970
2022-10-20,bsc,239200380
2022-10-20,solana,30034349
2022-10-21,bsc,213418213
2022-10-21,solana,48415674
2022-10-22,bsc,176729691
2022-10-22,solana,19948899
2022-10-23,bsc,200213883
2022-10-23,solana,18439423
2022-10-24,bsc,255372767
2022-10-24,solana,22349658
2022-10-25,bsc,289539829
2022-10-25,solana,52099385
2022-10-26,bsc,280403876
2022-10-26,solana,35682731
2022-10-27,bsc,302008802
2022-10-27,solana,52469285
2022-10-28,bsc,278834166
2022-10-28,solana,45488938
2022-10-29,bsc,378484119
2022-10-29,solana,48190889
2022-10-30,bsc,325642337
2022-10-30,solana,41095524
2022-10-31,bsc,389396754
2022-10-31,solana,60379848
2022-11-01,bsc,360922704
2022-11-01,solana,34491943
2022-11-02,bsc,333858437
2022-11-02,solana,62799759
2022-11-03,bsc,461032902
2022-11-03,solana,40194120
2022-11-04,bsc,480819435
2022-11-04,solana,63346365
2022-11-05,bsc,310292582
2022-11-05,solana,107996872
2022-11-06,bsc,313331173
2022-11-06,solana,318196265
2022-11-07,bsc,347457416
2022-11-07,solana,122599311
2022-11-08,bsc,976541410
2022-11-08,solana,372573570
2022-11-09,bsc,865029841
2022-11-09,solana,563167805
2022-11-10,bsc,658923319
2022-11-10,solana,310153403
2022-11-11,bsc,353130173
2022-11-11,solana,133109341
2022-11-12,bsc,843042343
2022-11-12,solana,58728797
2022-11-13,bsc,454356855
2022-11-13,solana,58553514
2022-11-14,bsc,358612557
2022-11-14,solana,98533235
2022-11-15,bsc,333476998
2022-11-15,solana,56966668
2022-11-16,bsc,330275983
2022-11-16,solana,28765792
2022-11-17,bsc,285634543
2022-11-17,solana,125768685
2022-11-18,bsc,203165406
2022-11-18,solana,61379254
2022-11-19,bsc,275247988
2022-11-19,solana,33944046
2022-11-20,bsc,246418431
2022-11-20,solana,57562596
2022-11-21,bsc,296870842
2022-11-21,solana,73847194
2022-11-22,bsc,220881587
2022-11-22,solana,57054638
2022-11-23,bsc,344076041
2022-11-23,solana,69766876
2022-11-24,bsc,201615714
2022-11-24,solana,41711996
2022-11-25,bsc,198120250
2022-11-25,solana,26041526
2022-11-26,bsc,207798422
2022-11-26,solana,36063387
2022-11-27,bsc,176251889
2022-11-27,solana,13994038
2022-11-28,bsc,212671446
2022-11-28,solana,26691885
2022-11-29,bsc,179564694
2022-11-29,solana,14656072
2022-11-30,bsc,217793940
2022-11-30,solana,21773819
2022-12-01,bsc,225224509
2022-12-01,solana,14109010
2022-12-02,bsc,372226638
2022-12-02,solana,13493952
2022-12-03,bsc,197454949
2022-12-03,solana,16061176
2022-12-04,bsc,210114778
2022-12-04,solana,17366438
2022-12-05,bsc,217302578
2022-12-05,solana,24128718
2022-12-06,bsc,237018178
2022-12-06,solana,28103928
2022-12-07,bsc,178744420
2022-12-07,solana,14869383
2022-12-08,bsc,173341034
2022-12-08,solana,10768350
2022-12-09,bsc,220438472
2022-12-09,solana,13534374
2022-12-10,bsc,217863071
2022-12-10,solana,10460706
2022-12-11,bsc,136326884
2022-12-11,solana,7900001
2022-12-12,bsc,209072093
2022-12-12,solana,12495175
2022-12-13,bsc,432545876
2022-12-13,solana,20578940
2022-12-14,bsc,290077660
2022-12-14,solana,27039523
2022-12-15,bsc,186029616
2022-12-15,solana,22237268
2022-12-16,bsc,270374298
2022-12-16,solana,33420569
2022-12-17,bsc,251537533
2022-12-17,solana,12347386
2022-12-18,bsc,154900482
2022-12-18,solana,10929602
2022-12-19,bsc,162965776
2022-12-19,solana,15067922
2022-12-20,bsc,142693781
2022-12-20,solana,12309453
2022-12-21,bsc,133499555
2022-12-21,solana,11137063
2022-12-22,bsc,145206445
2022-12-22,solana,14706022
2022-12-23,bsc,110270287
2022-12-23,solana,12327747
2022-12-24,bsc,100582993
2022-12-24,solana,11589597
2022-12-25,bsc,106933870
2022-12-25,solana,10275217
2022-12-26,bsc,104575118
2022-12-26,solana,11690055
2022-12-27,bsc,110559387
2022-12-27,solana,16005277
2022-12-28,bsc,130158406
2022-12-28,solana,41908035
2022-12-29,bsc,127440572
2022-12-29,solana,31782376
2022-12-30,bsc,132156506
2022-12-30,solana,32922640
2022-12-31,bsc,121399391
2022-12-31,solana,17938175
2023-01-01,bsc,39574341
2023-01-01,solana,15224407
2023-01-02,bsc,46674116
2023-01-02,solana,43357234
2023-01-03,bsc,39153010
2023-01-03,solana,68981440
2023-01-04,bsc,68280291
2023-01-04,solana,121739440
2023-01-05,bsc,52258966
2023-01-05,solana,153720821
2023-01-06,bsc,63432860
2023-01-06,solana,108123867
2023-01-07,bsc,37977242
2023-01-07,solana,53669573
2023-01-08,bsc,66310837
2023-01-08,solana,65067421
2023-01-09,bsc,96566224
2023-01-09,solana,93610329
2023-01-10,bsc,67362860
2023-01-10,solana,60899958
2023-01-11,bsc,73702571
2023-01-11,solana,51225015
2023-01-12,bsc,127572652
2023-01-12,solana,63211524
2023-01-13,bsc,113097102
2023-01-13,solana,51814264
2023-01-14,bsc,176240846
2023-01-14,solana,102217581
2023-01-15,bsc,97608031
2023-01-15,solana,68947529
2023-01-16,bsc,106934670
2023-01-16,solana,66573613
2023-01-17,bsc,90139582
2023-01-17,solana,50565797
2023-01-18,bsc,152000829
2023-01-18,solana,86846677
2023-01-19,bsc,93303123
2023-01-19,solana,43828863
2023-01-20,bsc,110210626
2023-01-20,solana,53953113
2023-01-21,bsc,118828868
2023-01-21,solana,60012203
2023-01-22,bsc,92292447
2023-01-22,solana,44424338
2023-01-23,bsc,96344192
2023-01-23,solana,75329856
2023-01-24,bsc,113073618
2023-01-24,solana,47735941
2023-01-25,bsc,109999598
2023-01-25,solana,55366295
2023-01-26,bsc,87211088
2023-01-26,solana,44632842
2023-01-27,bsc,109425803
2023-01-27,solana,39086643
2023-01-28,bsc,74915708
2023-01-28,solana,32151041
2023-01-29,bsc,124545516
2023-01-29,solana,47336087
2023-01-30,bsc,128911884
2023-01-30,solana,47319004
2023-01-31,bsc,124556133
2023-01-31,solana,32985763
2023-02-01,bsc,113611324
2023-02-01,solana,53930231
2023-02-02,bsc,159816657
2023-02-02,solana,41727216
2023-02-03,bsc,137645340
2023-02-03,solana,37498886
2023-02-04,bsc,99748069
2023-02-04,solana,30351873
2023-02-05,bsc,140753032
2023-02-05,solana,37055699
2023-02-06,bsc,122927498
2023-02-06,solana,30218334
2023-02-07,bsc,148806826
2023-02-07,solana,32509673
2023-02-08,bsc,171317217
2023-02-08,solana,33157384
2023-02-09,bsc,186868210
2023-02-09,solana,41842520
2023-02-10,bsc,121703362
2023-02-10,solana,45255401
2023-02-11,bsc,73605250
2023-02-11,solana,22492753
2023-02-12,bsc,263453452
2023-02-12,solana,29954975
2023-02-13,bsc,456874538
2023-02-13,solana,37388067
2023-02-14,bsc,213521055
2023-02-14,solana,43155803
2023-02-15,bsc,214059140
2023-02-15,solana,39276235
2023-02-16,bsc,235071223
2023-02-16,solana,56833526
2023-02-17,bsc,205005240
2023-02-17,solana,37475161
2023-02-18,bsc,149063091
2023-02-18,solana,36083536
2023-02-19,bsc,142556587
2023-02-19,solana,55873115
2023-02-20,bsc,175474521
2023-02-20,solana,58291703
2023-02-21,bsc,152547716
2023-02-21,solana,63530261
2023-02-22,bsc,170639721
2023-02-22,solana,47864940
2023-02-23,bsc,131365829
2023-02-23,solana,30224283
2023-02-24,bsc,125055361
2023-02-24,solana,47899179
2023-02-25,bsc,91167625
2023-02-25,solana,15635703
2023-02-26,bsc,88932506
2023-02-26,solana,25766646
2023-02-27,bsc,126464065
2023-02-27,solana,26706349
2023-02-28,bsc,132047440
2023-02-28,solana,31363705
2023-03-01,bsc,108599327
2023-03-01,solana,26776159
2023-03-02,bsc,103043176
2023-03-02,solana,26779772
2023-03-03,bsc,139150453
2023-03-03,solana,30840808
2023-03-04,bsc,77424122
2023-03-04,solana,19899094
2023-03-05,bsc,85201248
2023-03-05,solana,20233976
2023-03-06,bsc,98297680
2023-03-06,solana,18423550
2023-03-07,bsc,116005632
2023-03-07,solana,32254880
2023-03-08,bsc,99952855
2023-03-08,solana,36743083
2023-03-09,bsc,145548741
2023-03-09,solana,57950535
2023-03-10,bsc,282557775
2023-03-10,solana,85974982
2023-03-11,bsc,768204849
2023-03-11,solana,139021845
2023-03-12,bsc,243438395
2023-03-12,solana,52673832
2023-03-13,bsc,395241342
2023-03-13,solana,88733792
2023-03-14,bsc,296378935
2023-03-14,solana,65859990
2023-03-15,bsc,223729433
2023-03-15,solana,63549750
2023-03-16,bsc,252507131
2023-03-16,solana,46398018
2023-03-17,bsc,249216722
2023-03-17,solana,55329401
2023-03-18,bsc,177873798
2023-03-18,solana,68342084
2023-03-19,bsc,121574033
2023-03-19,solana,43451944
2023-03-20,bsc,170959675
2023-03-20,solana,93491087
2023-03-21,bsc,164608575
2023-03-21,solana,61415896
2023-03-22,bsc,217662369
2023-03-22,solana,815231155
2023-03-23,bsc,150447679
2023-03-23,solana,38151875
2023-03-24,bsc,159142392
2023-03-24,solana,38290256
2023-03-25,bsc,87543221
2023-03-25,solana,25377021
2023-03-26,bsc,83944960
2023-03-26,solana,22455581
2023-03-27,bsc,173902386
2023-03-27,solana,28346534
2023-03-28,bsc,120984420
2023-03-28,solana,30651620
2023-03-29,bsc,156661063
2023-03-29,solana,808174478
2023-03-30,bsc,185973250
2023-03-30,solana,37714734
2023-03-31,bsc,137000111
2023-03-31,solana,33744223
2023-04-01,bsc,107333137
2023-04-01,solana,23981206
2023-04-02,bsc,115140483
2023-04-02,solana,24631624
2023-04-03,bsc,239515497
2023-04-03,solana,39964817
2023-04-04,bsc,205505184
2023-04-04,solana,25160464
2023-04-05,bsc,246027875
2023-04-05,solana,25614852
2023-04-06,bsc,177283465
2023-04-06,solana,21442169
2023-04-07,bsc,150464520
2023-04-07,solana,19004024
2023-04-08,bsc,113411573
2023-04-08,solana,15726761
2023-04-09,bsc,137587753
2023-04-09,solana,15214071
2023-04-10,bsc,243963904
2023-04-10,solana,20908010
2023-04-11,bsc,280739625
2023-04-11,solana,68215434
2023-04-12,bsc,266332792
2023-04-12,solana,74701934
2023-04-13,bsc,275230830
2023-04-13,solana,51298566
2023-04-14,bsc,370278344
2023-04-14,solana,59398548
2023-04-15,bsc,190943671
2023-04-15,solana,26045141
2023-04-16,bsc,239886142
2023-04-16,solana,32030411
2023-04-17,bsc,274764964
2023-04-17,solana,55951204
2023-04-18,bsc,263335213
2023-04-18,solana,41895685
2023-04-19,bsc,381927026
2023-04-19,solana,57266253
2023-04-20,bsc,312287137
2023-04-20,solana,52479387
2023-04-21,bsc,420483304
2023-04-21,solana,42247226
2023-04-22,bsc,186135781
2023-04-22,solana,21288741
2023-04-23,bsc,177085981
2023-04-23,solana,26475094
2023-04-24,bsc,303078637
2023-04-24,solana,29972358
2023-04-25,bsc,302413285
2023-04-25,solana,29881659
2023-04-26,bsc,420622359
2023-04-26,solana,45911711
2023-04-27,bsc,386639828
2023-04-27,solana,41014405
2023-04-28,bsc,273983177
2023-04-28,solana,36924450
2023-04-29,bsc,126129243
2023-04-29,solana,34590253
2023-04-30,bsc,265434035
2023-04-30,solana,34725203
2023-05-01,bsc,363379388
2023-05-01,solana,39951366
2023-05-02,bsc,292334621
2023-05-02,solana,24101569
2023-05-03,bsc,344735897
2023-05-03,solana,40992947
2023-05-04,bsc,179601343
2023-05-04,solana,41482007
2023-05-05,bsc,314347789
2023-05-05,solana,56649960
2023-05-06,bsc,285826723
2023-05-06,solana,76388014
2023-05-07,bsc,234316286
2023-05-07,solana,46673986
2023-05-08,bsc,379568862
2023-05-08,solana,79629582
2023-05-09,bsc,210547904
2023-05-09,solana,40469305
2023-05-10,bsc,330605531
2023-05-10,solana,59441401
2023-05-11,bsc,267618654
2023-05-11,solana,52975304
2023-05-12,bsc,282944802
2023-05-12,solana,39205741
2023-05-13,bsc,144313707
2023-05-13,solana,32097420
2023-05-14,bsc,149544579
2023-05-14,solana,18590233
2023-05-15,bsc,203133870
2023-05-15,solana,36462581
2023-05-16,bsc,177442334
2023-05-16,solana,26219360
2023-05-17,bsc,186200222
2023-05-17,solana,39382186
2023-05-18,bsc,215734100
2023-05-18,solana,31685695
2023-05-19,bsc,145007329
2023-05-19,solana,20943469
2023-05-20,bsc,91838838
2023-05-20,solana,15684575
2023-05-21,bsc,104968255
2023-05-21,solana,18076111
2023-05-22,bsc,136360648
2023-05-22,solana,24055054
2023-05-23,bsc,137252953
2023-05-23,solana,520416659
2023-05-24,bsc,213992821
2023-05-24,solana,55121850
2023-05-25,bsc,160894652
2023-05-25,solana,30228211
2023-05-26,bsc,200308760
2023-05-26,solana,17630261
2023-05-27,bsc,95406698
2023-05-27,solana,24726578
2023-05-28,bsc,197896146
2023-05-28,solana,32202038
2023-05-29,bsc,198600455
2023-05-29,solana,537160340
2023-05-30,bsc,148373412
2023-05-30,solana,37697891
2023-05-31,bsc,189703373
2023-05-31,solana,45254044
2023-06-01,bsc,149734123
2023-06-01,solana,37846583
2023-06-02,bsc,176499304
2023-06-02,solana,21518405
2023-06-03,bsc,92060327
2023-06-03,solana,23592803
2023-06-04,bsc,106626444
2023-06-04,solana,29948400
2023-06-05,bsc,457113213
2023-06-05,solana,59898105
2023-06-06,bsc,419703229
2023-06-06,solana,45062723
2023-06-07,bsc,321209402
2023-06-07,solana,59135121
2023-06-08,bsc,203951678
2023-06-08,solana,36428796
2023-06-09,bsc,165830815
2023-06-09,solana,42550344
2023-06-10,bsc,331020834
2023-06-10,solana,113845148
2023-06-11,bsc,130712865
2023-06-11,solana,35012158
2023-06-12,bsc,321177859
2023-06-12,solana,31414922
2023-06-13,bsc,299001378
2023-06-13,solana,30764231
2023-06-14,bsc,237781173
2023-06-14,solana,302803177
2023-06-15,bsc,329784225
2023-06-15,solana,36771038
2023-06-16,bsc,188664805
2023-06-16,solana,23335192
2023-06-17,bsc,166212089
2023-06-17,solana,17489142
2023-06-18,bsc,142396298
2023-06-18,solana,17222464
2023-06-19,bsc,142487075
2023-06-19,solana,23853195
2023-06-20,bsc,205650077
2023-06-20,solana,24511594
2023-06-21,bsc,351267129
2023-06-21,solana,32718965
2023-06-22,bsc,237185356
2023-06-22,solana,27446227
2023-06-23,bsc,263581554
2023-06-23,solana,34146178
2023-06-24,bsc,158414535
2023-06-24,solana,25815805
2023-06-25,bsc,174691236
2023-06-25,solana,25914175
2023-06-26,bsc,213174236
2023-06-26,solana,21462938
2023-06-27,bsc,154197981
2023-06-27,solana,22322557
2023-06-28,bsc,195956602
2023-06-28,solana,30391924
2023-06-29,bsc,127559633
2023-06-29,solana,52823532
2023-06-30,bsc,350331178
2023-06-30,solana,112399853
2023-07-01,bsc,124674893
2023-07-01,solana,30636320
2023-07-02,bsc,146333069
2023-07-02,solana,49095816
2023-07-03,bsc,181997109
2023-07-03,solana,30778687
2023-07-04,bsc,133242894
2023-07-04,solana,35336130
2023-07-05,bsc,1240848399
2023-07-05,solana,30545877
2023-07-06,bsc,362974413
2023-07-06,solana,96528972
2023-07-07,bsc,244023650
2023-07-07,solana,90663454
2023-07-08,bsc,199250765
2023-07-08,solana,58912421
2023-07-09,bsc,157142088
2023-07-09,solana,34233433
2023-07-10,bsc,301184734
2023-07-10,solana,51999513
2023-07-11,bsc,235180403
2023-07-11,solana,38881293
2023-07-12,bsc,196096533
2023-07-12,solana,45979279
2023-07-13,bsc,316296196
2023-07-13,solana,105587880
2023-07-14,bsc,284021318
2023-07-14,solana,174503213
2023-07-15,bsc,145559203
2023-07-15,solana,105651782
2023-07-16,bsc,154716801
2023-07-16,solana,83784668
2023-07-17,bsc,235763444
2023-07-17,solana,68694941
2023-07-18,bsc,180830019
2023-07-18,solana,52715416
2023-07-19,bsc,149357977
2023-07-19,solana,54872912
2023-07-20,bsc,158797501
2023-07-20,solana,46592781
2023-07-21,bsc,108439003
2023-07-21,solana,34009810
2023-07-22,bsc,88689779
2023-07-22,solana,29238204
2023-07-23,bsc,91305335
2023-07-23,solana,22406423
2023-07-24,bsc,154695089
2023-07-24,solana,41223127
2023-07-25,bsc,113402191
2023-07-25,solana,30729478
2023-07-26,bsc,126798898
2023-07-26,solana,60791055
2023-07-27,bsc,117063868
2023-07-27,solana,39910953
2023-07-28,bsc,175947841
2023-07-28,solana,26919794
2023-07-29,bsc,76734905
2023-07-29,solana,18823951
2023-07-30,bsc,96870749
2023-07-30,solana,22162605
2023-07-31,bsc,134352993
2023-07-31,solana,65257485
2023-08-01,bsc,204454525
2023-08-01,solana,46572832
2023-08-02,bsc,170803774
2023-08-02,solana,48332186
2023-08-03,bsc,137318102
2023-08-03,solana,35754581
2023-08-04,bsc,118963054
2023-08-04,solana,34797433
2023-08-05,bsc,89382871
2023-08-05,solana,22534176
2023-08-06,bsc,84291678
2023-08-06,solana,29876126
2023-08-07,bsc,132388931
2023-08-07,solana,39685303
2023-08-08,bsc,261388248
2023-08-08,solana,51973105
2023-08-09,bsc,199034029
2023-08-09,solana,47933351
2023-08-10,bsc,102009706
2023-08-10,solana,34739640
2023-08-11,bsc,92051459
2023-08-11,solana,26216534
2023-08-12,bsc,173391297
2023-08-12,solana,20340534
2023-08-13,bsc,81843315
2023-08-13,solana,20904816
2023-08-14,bsc,124474607
2023-08-14,solana,28857653
2023-08-15,bsc,257463375
2023-08-15,solana,33838667
2023-08-16,bsc,361063191
2023-08-16,solana,47765580
2023-08-17,bsc,441345236
2023-08-17,solana,80795781
2023-08-18,bsc,325149042
2023-08-18,solana,47333486
2023-08-19,bsc,220508685
2023-08-19,solana,24726104
2023-08-20,bsc,116880993
2023-08-20,solana,21232065
2023-08-21,bsc,285819291
2023-08-21,solana,29907010
2023-08-22,bsc,215930282
2023-08-22,solana,37467772
2023-08-23,bsc,187897718
2023-08-23,solana,36051828
2023-08-24,bsc,145333690
2023-08-24,solana,34115269
2023-08-25,bsc,256080042
2023-08-25,solana,30190421
2023-08-26,bsc,67811486
2023-08-26,solana,16444608
2023-08-27,bsc,67582557
2023-08-27,solana,18140675
2023-08-28,bsc,221138759
2023-08-28,solana,21919151
2023-08-29,bsc,243605929
2023-08-29,solana,49762362
2023-08-30,bsc,141252481
2023-08-30,solana,29058979
2023-08-31,bsc,155832175
2023-08-31,solana,34434454
2023-09-01,bsc,273312888
2023-09-01,solana,22756970
2023-09-02,bsc,108586863
2023-09-02,solana,18742349
2023-09-03,bsc,97879838
2023-09-03,solana,15610446
2023-09-04,bsc,164574514
2023-09-04,solana,21057753
2023-09-05,bsc,126447025
2023-09-05,solana,33788219
2023-09-06,bsc,148161710
2023-09-06,solana,34458070
2023-09-07,bsc,142659329
2023-09-07,solana,18972583
2023-09-08,bsc,229043379
2023-09-08,solana,18746663
2023-09-09,bsc,69341866
2023-09-09,solana,14951173
2023-09-10,bsc,216291975
2023-09-10,solana,44286370
2023-09-11,bsc,288320175
2023-09-11,solana,51836584
2023-09-12,bsc,243543312
2023-09-12,solana,44005536
2023-09-13,bsc,261117161
2023-09-13,solana,41916025
2023-09-14,bsc,334246956
2023-09-14,solana,38100075
2023-09-15,bsc,150974925
2023-09-15,solana,30956051
2023-09-16,bsc,91933299
2023-09-16,solana,26657942
2023-09-17,bsc,171636650
2023-09-17,solana,17854786
2023-09-18,bsc,263782831
2023-09-18,solana,34118415
2023-09-19,bsc,136364392
2023-09-19,solana,31536333
2023-09-20,bsc,134249516
2023-09-20,solana,38255894
2023-09-21,bsc,144162855
2023-09-21,solana,46768790
2023-09-22,bsc,101720543
2023-09-22,solana,23264982
2023-09-23,bsc,56514474
2023-09-23,solana,13343750
2023-09-24,bsc,71494373
2023-09-24,solana,16101401
2023-09-25,bsc,162744049
2023-09-25,solana,20790194
2023-09-26,bsc,118184475
2023-09-26,solana,19268519
2023-09-27,bsc,246654830
2023-09-27,solana,296328888
2023-09-28,bsc,162274009
2023-09-28,solana,298657433
2023-09-29,bsc,119837556
2023-09-29,solana,307288017
2023-09-30,bsc,88039383
2023-09-30,solana,308832573
2023-10-01,bsc,141852985
2023-10-01,solana,323487844
2023-10-02,bsc,236517093
2023-10-02,solana,336286629
2023-10-03,bsc,146303385
2023-10-03,solana,331793432
2023-10-04,bsc,134150883
2023-10-04,solana,60265245
2023-10-05,bsc,171497831
2023-10-05,solana,41420090
2023-10-06,bsc,115656283
2023-10-06,solana,82121772
2023-10-07,bsc,67734068
2023-10-07,solana,32969529
2023-10-08,bsc,86190387
2023-10-08,solana,36333821
2023-10-09,bsc,144476134
2023-10-09,solana,52871070
2023-10-10,bsc,279301756
2023-10-10,solana,34436860
2023-10-11,bsc,141342588
2023-10-11,solana,40311992
2023-10-12,bsc,145063657
2023-10-12,solana,38017032
2023-10-13,bsc,115093936
2023-10-13,solana,36744936
2023-10-14,bsc,71622092
2023-10-14,solana,23754806
2023-10-15,bsc,164030078
2023-10-15,solana,20761452
2023-10-16,bsc,272394782
2023-10-16,solana,85912759
2023-10-17,bsc,188512030
2023-10-17,solana,59770356
2023-10-18,bsc,104982547
2023-10-18,solana,33172444
2023-10-19,bsc,107041786
2023-10-19,solana,54003267
2023-10-20,bsc,223636456
2023-10-20,solana,95687787
2023-10-21,bsc,161015593
2023-10-21,solana,100215068
2023-10-22,bsc,145276687
2023-10-22,solana,63627243
2023-10-23,bsc,404890716
2023-10-23,solana,130213033
2023-10-24,bsc,384750977
2023-10-24,solana,149914891
2023-10-25,bsc,229406475
2023-10-25,solana,149862321
2023-10-26,bsc,278039950
2023-10-26,solana,95446490
2023-10-27,bsc,305454597
2023-10-27,solana,81076683
2023-10-28,bsc,133477870
2023-10-28,solana,37085706
2023-10-29,bsc,211543221
2023-10-29,solana,54155838
2023-10-30,bsc,178868893
2023-10-30,solana,86085078
2023-10-31,bsc,192413855
2023-10-31,solana,118592462
2023-11-01,bsc,380652871
2023-11-01,solana,320839238
2023-11-02,bsc,328792157
2023-11-02,solana,263248712
2023-11-03,bsc,216406913
2023-11-03,solana,141618272
2023-11-04,bsc,221825825
2023-11-04,solana,115999150
2023-11-05,bsc,340377420
2023-11-05,solana,84064455
2023-11-06,bsc,351231305
2023-11-06,solana,89079917
2023-11-07,bsc,307332695
2023-11-07,solana,150848693
2023-11-08,bsc,234524704
2023-11-08,solana,104592508
2023-11-09,bsc,580867331
2023-11-09,solana,305614308
2023-11-10,bsc,313824108
2023-11-10,solana,389697037
2023-11-11,bsc,285085496
2023-11-11,solana,491946425
2023-11-12,bsc,219275461
2023-11-12,solana,302234489
2023-11-13,bsc,429076343
2023-11-13,solana,336206291
2023-11-14,bsc,313443995
2023-11-14,solana,429801990
2023-11-15,bsc,460782563
2023-11-15,solana,338800709
2023-11-16,bsc,350606395
2023-11-16,solana,428445965
2023-11-17,bsc,266412886
2023-11-17,solana,343428929
2023-11-18,bsc,267268337
2023-11-18,solana,219064521
2023-11-19,bsc,184862123
2023-11-19,solana,265408978
2023-11-20,bsc,395441816
2023-11-20,solana,419552014
2023-11-21,bsc,798353646
2023-11-21,solana,382838337
2023-11-22,bsc,346601205
2023-11-22,solana,356461350
2023-11-23,bsc,303321274
2023-11-23,solana,253195527
2023-11-24,bsc,229840648
2023-11-24,solana,217373105
2023-11-25,bsc,227554240
2023-11-25,solana,191023658
2023-11-26,bsc,255303841
2023-11-26,solana,193086184
2023-11-27,bsc,254039106
2023-11-27,solana,237129261
2023-11-28,bsc,232010974
2023-11-28,solana,223584003
2023-11-29,bsc,204955554
2023-11-29,solana,264440671
2023-11-30,bsc,177131187
2023-11-30,solana,221639264
2023-12-01,bsc,209498268
2023-12-01,solana,201684335
2023-12-02,bsc,286177178
2023-12-02,solana,245989490
2023-12-03,bsc,232919583
2023-12-03,solana,236652687
2023-12-04,bsc,429899661
2023-12-04,solana,406801872
2023-12-05,bsc,382939700
2023-12-05,solana,339223350
2023-12-06,bsc,444376289
2023-12-06,solana,483943932
2023-12-07,bsc,283603734
2023-12-07,solana,813420328
2023-12-08,bsc,438949859
2023-12-08,solana,924206570
2023-12-09,bsc,460577454
2023-12-09,solana,775593705
2023-12-10,bsc,256635013
2023-12-10,solana,500967512
2023-12-11,bsc,652362077
2023-12-11,solana,801951055
2023-12-12,bsc,518803097
2023-12-12,solana,768034719
2023-12-13,bsc,405223974
2023-12-13,solana,576081767
2023-12-14,bsc,434726012
2023-12-14,solana,843726489
2023-12-15,bsc,412401068
2023-12-15,solana,1464910123
2023-12-16,bsc,249404945
2023-12-16,solana,868850549
2023-12-17,bsc,240286993
2023-12-17,solana,770506471
2023-12-18,bsc,337542537
2023-12-18,solana,969142590
2023-12-19,bsc,431974074
2023-12-19,solana,932880693
2023-12-20,bsc,307680243
2023-12-20,solana,1209952630
2023-12-21,bsc,467013244
2023-12-21,solana,1554468618
2023-12-22,bsc,438671600
2023-12-22,solana,2606803847
2023-12-23,bsc,372615867
2023-12-23,solana,1217050327
2023-12-24,bsc,342071035
2023-12-24,solana,1396795207
2023-12-25,bsc,344233479
2023-12-25,solana,1354802585
2023-12-26,bsc,785913978
2023-12-26,solana,1447288818
2023-12-27,bsc,660660950
2023-12-27,solana,1173078218
2023-12-28,bsc,867291435
2023-12-28,solana,1143546810
2023-12-29,bsc,566730985
2023-12-29,solana,979401824
2023-12-30,bsc,345902076
2023-12-30,solana,589296278
2023-12-31,bsc,338015149
2023-12-31,solana,544594493
2024-01-01,bsc,330121304
2024-01-01,solana,545790362
2024-01-02,bsc,510593875
2024-01-02,solana,776878449
2024-01-03,bsc,852609283
2024-01-03,solana,919541969
2024-01-04,bsc,492565844
2024-01-04,solana,683652747
2024-01-05,bsc,519497178
2024-01-05,solana,1146642288
2024-01-06,bsc,403501574
2024-01-06,solana,583360864
2024-01-07,bsc,391912625
2024-01-07,solana,459602857
2024-01-08,bsc,734047071
2024-01-08,solana,705184003
2024-01-09,bsc,869989148
2024-01-09,solana,807852393
2024-01-10,bsc,1011277141
2024-01-10,solana,833842823
2024-01-11,bsc,1084224634
2024-01-11,solana,887175747
2024-01-12,bsc,972877563
2024-01-12,solana,690075029
2024-01-13,bsc,327399231
2024-01-13,solana,581264662
2024-01-14,bsc,303036623
2024-01-14,solana,706859354
2024-01-15,bsc,591667452
2024-01-15,solana,615074501
2024-01-16,bsc,463187645
2024-01-16,solana,577141586
2024-01-17,bsc,342881233
2024-01-17,solana,823382631
2024-01-18,bsc,361222719
2024-01-18,solana,899839039
2024-01-19,bsc,358756300
2024-01-19,solana,742801572
2024-01-20,bsc,174790952
2024-01-20,solana,571207221
2024-01-21,bsc,184826355
2024-01-21,solana,536758110
2024-01-22,bsc,387310211
2024-01-22,solana,763324087
2024-01-23,bsc,416437218
2024-01-23,solana,748509997
2024-01-24,bsc,319092813
2024-01-24,solana,528069563
2024-01-25,bsc,319600648
2024-01-25,solana,554887867
2024-01-26,bsc,291564723
2024-01-26,solana,658106125
2024-01-27,bsc,220036782
2024-01-27,solana,495926753
2024-01-28,bsc,246968724
2024-01-28,solana,705776989
2024-01-29,bsc,264494685
2024-01-29,solana,797008241
2024-01-30,bsc,296515112
2024-01-30,solana,854740958
2024-01-31,bsc,331354283
2024-01-31,solana,1479993265
2024-02-01,bsc,320708440
2024-02-01,solana,1147829670
2024-02-02,bsc,220089062
2024-02-02,solana,875373698
2024-02-03,bsc,162901350
2024-02-03,solana,543896411
2024-02-04,bsc,236854840
2024-02-04,solana,561316523
2024-02-05,bsc,276355112
2024-02-05,solana,603278080
2024-02-06,bsc,250145905
2024-02-06,solana,494871014
2024-02-07,bsc,293020200
2024-02-07,solana,734048177
2024-02-08,bsc,354150454
2024-02-08,solana,695192887
2024-02-09,bsc,434667877
2024-02-09,solana,755043225
2024-02-10,bsc,268705228
2024-02-10,solana,562265261
2024-02-11,bsc,241008033
2024-02-11,solana,517256178
2024-02-12,bsc,363203107
2024-02-12,solana,797453594
2024-02-13,bsc,357878855
2024-02-13,solana,779983074
2024-02-14,bsc,388659326
2024-02-14,solana,781905528
2024-02-15,bsc,563669988
2024-02-15,solana,834883727
2024-02-16,bsc,515167744
2024-02-16,solana,717241033
2024-02-17,bsc,432399747
2024-02-17,solana,536602473
2024-02-18,bsc,348559966
2024-02-18,solana,590949009
2024-02-19,bsc,458263597
2024-02-19,solana,656515452
2024-02-20,bsc,537599236
2024-02-20,solana,765618568
2024-02-21,bsc,656551117
2024-02-21,solana,711757131
2024-02-22,bsc,669016751
2024-02-22,solana,620718246
2024-02-23,bsc,584118848
2024-02-23,solana,655861806
2024-02-24,bsc,511607823
2024-02-24,solana,513119550
2024-02-25,bsc,800607153
2024-02-25,solana,473040232
2024-02-26,bsc,925060895
2024-02-26,solana,868405121
2024-02-27,bsc,696256125
2024-02-27,solana,1135596940
2024-02-28,bsc,1213520237
2024-02-28,solana,1672094210
2024-02-29,bsc,829253277
2024-02-29,solana,1998469687
2024-03-01,bsc,659529614
2024-03-01,solana,1880004197
2024-03-02,bsc,616830598
2024-03-02,solana,1643298894
2024-03-03,bsc,652271017
2024-03-03,solana,2083221132
2024-03-04,bsc,873109328
2024-03-04,solana,2492118810
2024-03-05,bsc,1345445978
2024-03-05,solana,2863373398
2024-03-06,bsc,1109992683
2024-03-06,solana,2328741946
2024-03-07,bsc,999598725
2024-03-07,solana,2267619139
2024-03-08,bsc,1301943064
2024-03-08,solana,1861613370
2024-03-09,bsc,834808988
2024-03-09,solana,1311755835
2024-03-10,bsc,1262789362
2024-03-10,solana,1419078235
2024-03-11,bsc,1379609299
2024-03-11,solana,1522449597
2024-03-12,bsc,1340103031
2024-03-12,solana,1471354507
2024-03-13,bsc,1267199472
2024-03-13,solana,1691635138
2024-03-14,bsc,1391785347
2024-03-14,solana,2369598020
2024-03-15,bsc,1849561636
2024-03-15,solana,3828263103
2024-03-16,bsc,1258896241
2024-03-16,solana,3522321222
2024-03-17,bsc,1029402642
2024-03-17,solana,3189944614
2024-03-18,bsc,1048543093
2024-03-18,solana,3334019290
2024-03-19,bsc,1615090071
2024-03-19,solana,3412447928
2024-03-20,bsc,1296704983
2024-03-20,solana,2467439379
2024-03-21,bsc,1038741934
2024-03-21,solana,1697880326
2024-03-22,bsc,1110939111
2024-03-22,solana,1367844887
2024-03-23,bsc,427761577
2024-03-23,solana,884366862
2024-03-24,bsc,625136758
2024-03-24,solana,855941757
2024-03-25,bsc,1494360188
2024-03-25,solana,1435122240
2024-03-26,bsc,1080529879
2024-03-26,solana,1233294451
2024-03-27,bsc,1087427891
2024-03-27,solana,1019162954
2024-03-28,bsc,909861365
2024-03-28,solana,1281305015
2024-03-29,bsc,941131294
2024-03-29,solana,1263896249
2024-03-30,bsc,588800117
2024-03-30,solana,1231721692
2024-03-31,bsc,470489541
2024-03-31,solana,944077792
2024-04-01,bsc,896097029
2024-04-01,solana,1233799102
2024-04-02,bsc,1039163101
2024-04-02,solana,1416571891
2024-04-03,bsc,710006114
2024-04-03,solana,1676615759
2024-04-04,bsc,739525076
2024-04-04,solana,1468118452
2024-04-05,bsc,822970433
2024-04-05,solana,1273773232
2024-04-06,bsc,460785469
2024-04-06,solana,843808701
2024-04-07,bsc,389653993
2024-04-07,solana,832959233
2024-04-08,bsc,818234085
2024-04-08,solana,1198223613
2024-04-09,bsc,454230409
2024-04-09,solana,971764947
2024-04-10,bsc,721349151
2024-04-10,solana,994631604
2024-04-11,bsc,619312670
2024-04-11,solana,965632789
2024-04-12,bsc,1031601967
2024-04-12,solana,1407207919
2024-04-13,bsc,1214685466
2024-04-13,solana,1600831865
2024-04-14,bsc,889690679
2024-04-14,solana,1415253225
2024-04-15,bsc,768165014
2024-04-15,solana,1195158065
2024-04-16,bsc,639370070
2024-04-16,solana,1200481599
2024-04-17,bsc,562109953
2024-04-17,solana,1090492211
2024-04-18,bsc,473628795
2024-04-18,solana,1047165560
2024-04-19,bsc,532479733
2024-04-19,solana,1286488260
2024-04-20,bsc,495015176
2024-04-20,solana,1112233154
2024-04-21,bsc,453471792
2024-04-21,solana,1443276971
2024-04-22,bsc,593883116
2024-04-22,solana,1437874377
2024-04-23,bsc,464037295
2024-04-23,solana,1206092944
2024-04-24,bsc,559878904
2024-04-24,solana,1669344583
2024-04-25,bsc,532499321
2024-04-25,solana,1021243336
2024-04-26,bsc,342243477
2024-04-26,solana,905694817
2024-04-27,bsc,339647324
2024-04-27,solana,906633578
2024-04-28,bsc,262757798
2024-04-28,solana,837280936
2024-04-29,bsc,326749460
2024-04-29,solana,878960886
2024-04-30,bsc,491562467
2024-04-30,solana,995844976
2024-05-01,bsc,554585105
2024-05-01,solana,1322060254
2024-05-02,bsc,363194462
2024-05-02,solana,1429290216
2024-05-03,bsc,356730837
2024-05-03,solana,1345494838
2024-05-04,bsc,244624947
2024-05-04,solana,1063326293
2024-05-05,bsc,242611111
2024-05-05,solana,948375337
2024-05-06,bsc,394491882
2024-05-06,solana,1106647332
2024-05-07,bsc,324669084
2024-05-07,solana,1207428487
2024-05-08,bsc,338573067
2024-05-08,solana,1377367480
2024-05-09,bsc,367264796
2024-05-09,solana,1134061456
2024-05-10,bsc,344033735
2024-05-10,solana,999976527
2024-05-11,bsc,249591391
2024-05-11,solana,613575291
2024-05-12,bsc,220587185
2024-05-12,solana,700556508
2024-05-13,bsc,374104631
2024-05-13,solana,1032986088
2024-05-14,bsc,344162812
2024-05-14,solana,1310103842
2024-05-15,bsc,423395349
2024-05-15,solana,1297152371
2024-05-16,bsc,373135738
2024-05-16,solana,1307172056
2024-05-17,bsc,309111444
2024-05-17,solana,1161504035
2024-05-18,bsc,227754655
2024-05-18,solana,1192776082
2024-05-19,bsc,252940859
2024-05-19,solana,1029240313
2024-05-20,bsc,519574542
2024-05-20,solana,1191823381
2024-05-21,bsc,702898631
2024-05-21,solana,1521532193
2024-05-22,bsc,573087781
2024-05-22,solana,1307643724
2024-05-23,bsc,466938574
2024-05-23,solana,1496679378
2024-05-24,bsc,697121127
2024-05-24,solana,1170146356
2024-05-25,bsc,204491348
2024-05-25,solana,882546153
2024-05-26,bsc,232669089
2024-05-26,solana,891953026
2024-05-27,bsc,290156736
2024-05-27,solana,1191657661
2024-05-28,bsc,188743277
2024-05-28,solana,1567962393
2024-05-29,bsc,486107501
2024-05-29,solana,1447560350
2024-05-30,bsc,315249561
2024-05-30,solana,1387344695
2024-05-31,bsc,299531248
2024-05-31,solana,765194216
2024-06-01,bsc,157250617
2024-06-01,solana,637303169
2024-06-02,bsc,229044850
2024-06-02,solana,811439709
2024-06-03,bsc,403672031
2024-06-03,solana,1178512596
2024-06-04,bsc,242325508
2024-06-04,solana,1098844196
2024-06-05,bsc,741880409
2024-06-05,solana,1191084920
2024-06-06,bsc,597522060
2024-06-06,solana,1258319039
2024-06-07,bsc,530264372
2024-06-07,solana,2966797083
2024-06-08,bsc,309500809
2024-06-08,solana,1806568021
2024-06-09,bsc,252042886
2024-06-09,solana,1184291840
2024-06-10,bsc,489198142
2024-06-10,solana,1353007713
2024-06-11,bsc,581878730
2024-06-11,solana,1776691720
2024-06-12,bsc,504133603
2024-06-12,solana,1806045980
2024-06-13,bsc,429733782
2024-06-13,solana,1807831340
2024-06-14,bsc,374080924
2024-06-14,solana,1559434603
2024-06-15,bsc,228852053
2024-06-15,solana,926412881
2024-06-16,bsc,202692546
2024-06-16,solana,1079450339
2024-06-17,bsc,340174303
2024-06-17,solana,1626622732
2024-06-18,bsc,509466101
2024-06-18,solana,2350183144
2024-06-19,bsc,294076433
2024-06-19,solana,1445427679
2024-06-20,bsc,370042522
2024-06-20,solana,1390257446
2024-06-21,bsc,311519154
2024-06-21,solana,1229028977
2024-06-22,bsc,197627329
2024-06-22,solana,968054301
2024-06-23,bsc,206749623
2024-06-23,solana,768645721
2024-06-24,bsc,472870849
2024-06-24,solana,1608476805
2024-06-25,bsc,206073962
2024-06-25,solana,1404657610
2024-06-26,bsc,273632108
2024-06-26,solana,1094220222
2024-06-27,bsc,331302552
2024-06-27,solana,1436362959
2024-06-28,bsc,327515436
2024-06-28,solana,1218194305
2024-06-29,bsc,182871476
2024-06-29,solana,642988764
2024-06-30,bsc,130842756
2024-06-30,solana,905592881
2024-07-01,bsc,281315194
2024-07-01,solana,1143676821
2024-07-02,bsc,300167818
2024-07-02,solana,1210815784
2024-07-03,bsc,339102206
2024-07-03,solana,1470370303
2024-07-04,bsc,392462486
2024-07-04,solana,2247506044
2024-07-05,bsc,685690895
2024-07-05,solana,2385613891
2024-07-06,bsc,282974893
2024-07-06,solana,1872120536
2024-07-07,bsc,274409164
2024-07-07,solana,1820788666
2024-07-08,bsc,523045823
2024-07-08,solana,2453066478
2024-07-09,bsc,230974932
2024-07-09,solana,2162450885
2024-07-10,bsc,281393797
2024-07-10,solana,1888971515
2024-07-11,bsc,365099873
2024-07-11,solana,1895770025
2024-07-12,bsc,291764733
2024-07-12,solana,1656688352
2024-07-13,bsc,177914903
2024-07-13,solana,1609345111
2024-07-14,bsc,224372991
2024-07-14,solana,2099625778
2024-07-15,bsc,306957221
2024-07-15,solana,2150174499
2024-07-16,bsc,379920032
2024-07-16,solana,2104437646
2024-07-17,bsc,347955604
2024-07-17,solana,1769383436
2024-07-18,bsc,333467875
2024-07-18,solana,1949880664
2024-07-19,bsc,379204394
2024-07-19,solana,2628411636
2024-07-20,bsc,289345268
2024-07-20,solana,1808643499
2024-07-21,bsc,365773838
2024-07-21,solana,2342527874
2024-07-22,bsc,468598744
2024-07-22,solana,1294081762
2024-07-23,bsc,461142810
2024-07-23,solana,1603535784
2024-07-24,bsc,173323633
2024-07-24,solana,1569423669
2024-07-25,bsc,380527366
2024-07-25,solana,1742673155
2024-07-26,bsc,194170078
2024-07-26,solana,1300192031
2024-07-27,bsc,176649991
2024-07-27,solana,1949902221
2024-07-28,bsc,150346847
2024-07-28,solana,1959510726
2024-07-29,bsc,285451136
2024-07-29,solana,1719718082
2024-07-30,bsc,258119141
2024-07-30,solana,1571144670
2024-07-31,bsc,353509433
2024-07-31,solana,1565859356
2024-08-01,bsc,425726756
2024-08-01,solana,1681339133
2024-08-02,bsc,503461801
2024-08-02,solana,1266026577
2024-08-03,bsc,472007399
2024-08-03,solana,1180165790
2024-08-04,bsc,494504149
2024-08-04,solana,2819414565
2024-08-05,bsc,1470018246
2024-08-05,solana,3381844983
2024-08-06,bsc,589108260
2024-08-06,solana,1940598616
2024-08-07,bsc,504044928
2024-08-07,solana,1786050276
2024-08-08,bsc,402605892
2024-08-08,solana,1575750046
2024-08-09,bsc,341392997
2024-08-09,solana,1071007392
2024-08-10,bsc,237400418
2024-08-10,solana,988304975
2024-08-11,bsc,273331282
2024-08-11,solana,1383195782
2024-08-12,bsc,376765754
2024-08-12,solana,1264328640
2024-08-13,bsc,350373588
2024-08-13,solana,1169706030
2024-08-14,bsc,194542212
2024-08-14,solana,1203670456
2024-08-15,bsc,323889604
2024-08-15,solana,1244196639
2024-08-16,bsc,309185629
2024-08-16,solana,698184421
2024-08-17,bsc,260710940
2024-08-17,solana,697538105
2024-08-18,bsc,242359523
2024-08-18,solana,992546841
2024-08-19,bsc,247884807
2024-08-19,solana,1466663121
2024-08-20,bsc,477615120
2024-08-20,solana,883093006
2024-08-21,bsc,826227782
2024-08-21,solana,738399720
2024-08-22,bsc,954101400
2024-08-22,solana,902088452
2024-08-23,bsc,421532251
2024-08-23,solana,909141068
2024-08-24,bsc,383970493
2024-08-24,solana,775327910
2024-08-25,bsc,309587879
2024-08-25,solana,1034110823
2024-08-26,bsc,407249414
2024-08-26,solana,1077112533
2024-08-27,bsc,336648750
2024-08-27,solana,1117502327
2024-08-28,bsc,389155314
2024-08-28,solana,919418587
2024-08-29,bsc,352182678
2024-08-29,solana,794990246
2024-08-30,bsc,342690337
2024-08-30,solana,491123852
2024-08-31,bsc,202361878
2024-08-31,solana,570552179
2024-09-01,bsc,283717396
2024-09-01,solana,740700138
2024-09-02,bsc,339940022
2024-09-02,solana,728592924
2024-09-03,bsc,313929920
2024-09-03,solana,857662917
2024-09-04,bsc,366101556
2024-09-04,solana,897484738
2024-09-05,bsc,294496939
2024-09-05,solana,1049214826
2024-09-06,bsc,443467326
2024-09-06,solana,772412751
2024-09-07,bsc,280433921
2024-09-07,solana,531766057
2024-09-08,bsc,227144553
2024-09-08,solana,741669528
2024-09-09,bsc,353465328
2024-09-09,solana,740530374
2024-09-10,bsc,354010500
2024-09-10,solana,772189047
2024-09-11,bsc,386325723
2024-09-11,solana,757774958
2024-09-12,bsc,226870644
2024-09-12,solana,761916833
2024-09-13,bsc,371754027
2024-09-13,solana,606609553
2024-09-14,bsc,244563110
2024-09-14,solana,437602427
2024-09-15,bsc,285493519
2024-09-15,solana,600586609
2024-09-16,bsc,496588555
2024-09-16,solana,634825642
2024-09-17,bsc,343614088
2024-09-17,solana,837099180
2024-09-18,bsc,406310680
2024-09-18,solana,964873103
2024-09-19,bsc,492667756
2024-09-19,solana,1062700983
2024-09-20,bsc,486322761
2024-09-20,solana,782351768
2024-09-21,bsc,329625562
2024-09-21,solana,559938565
2024-09-22,bsc,351353720
2024-09-22,solana,831066618
2024-09-23,bsc,578280876
2024-09-23,solana,1095299263
2024-09-24,bsc,476403892
2024-09-24,solana,1114473012
2024-09-25,bsc,482140832
2024-09-25,solana,1327440795
2024-09-26,bsc,528035929
2024-09-26,solana,1537509787
2024-09-27,bsc,862020965
2024-09-27,solana,1277229622
2024-09-28,bsc,478861343
2024-09-28,solana,1281810174
2024-09-29,bsc,386277294
2024-09-29,solana,1410289622
2024-09-30,bsc,507922304
2024-09-30,solana,1770998115
2024-10-01,bsc,731421430
2024-10-01,solana,1805179851
2024-10-02,bsc,538714205
2024-10-02,solana,1451062954
2024-10-03,bsc,459952079
2024-10-03,solana,1373275354
2024-10-04,bsc,402145098
2024-10-04,solana,1108959305
2024-10-05,bsc,289892899
2024-10-05,solana,988139455
2024-10-06,bsc,290103962
2024-10-06,solana,1392621888
2024-10-07,bsc,458016081
2024-10-07,solana,1490854123
2024-10-08,bsc,479602153
2024-10-08,solana,1432031672
2024-10-09,bsc,437813288
2024-10-09,solana,1313102888
2024-10-10,bsc,362236027
2024-10-10,solana,1359271192
2024-10-11,bsc,368942975
2024-10-11,solana,1364996389
2024-10-12,bsc,266726783
2024-10-12,solana,1458966348
2024-10-13,bsc,242116076
2024-10-13,solana,1915082867
2024-10-14,bsc,462968450
2024-10-14,solana,2310279689
2024-10-15,bsc,582632180
2024-10-15,solana,2102265418
2024-10-16,bsc,505356660
2024-10-16,solana,1792239803
2024-10-17,bsc,379882451
2024-10-17,solana,1793043950
2024-10-18,bsc,381411255
2024-10-18,solana,2137963631
2024-10-19,bsc,262719409
2024-10-19,solana,1956151066
2024-10-20,bsc,282517453
2024-10-20,solana,2597952800
2024-10-21,bsc,615439505
2024-10-21,solana,2514598297
2024-10-22,bsc,422647847
2024-10-22,solana,2790031286
2024-10-23,bsc,554356634
2024-10-23,solana,3241686528
2024-10-24,bsc,385206960
2024-10-24,solana,2846122002
2024-10-25,bsc,871219823
2024-10-25,solana,2525673001
2024-10-26,bsc,345321545
2024-10-26,solana,2188506225
2024-10-27,bsc,235212416
2024-10-27,solana,2150405083
2024-10-28,bsc,410828918
2024-10-28,solana,2479374285
2024-10-29,bsc,479277944
2024-10-29,solana,2209421617
2024-10-30,bsc,413691977
2024-10-30,solana,2094730465
2024-10-31,bsc,432471853
2024-10-31,solana,2245772858
2024-11-01,bsc,415731423
2024-11-01,solana,2110986695
2024-11-02,bsc,267559011
2024-11-02,solana,2046794921
2024-11-03,bsc,317835307
2024-11-03,solana,2023835573
2024-11-04,bsc,377021528
2024-11-04,solana,2088581097
2024-11-05,bsc,352387025
2024-11-05,solana,2847872779
2024-11-06,bsc,819905659
2024-11-06,solana,3398376947
2024-11-07,bsc,573888236
2024-11-07,solana,3008125169
2024-11-08,bsc,495647368
2024-11-08,solana,2525408427
2024-11-09,bsc,531079614
2024-11-09,solana,3080388752
2024-11-10,bsc,881278714
2024-11-10,solana,5411075499
2024-11-11,bsc,1012629885
2024-11-11,solana,6178740845
2024-11-12,bsc,1329859078
2024-11-12,solana,7814931627
2024-11-13,bsc,1118263822
2024-11-13,solana,7948692915
2024-11-14,bsc,1191606083
2024-11-14,solana,6935957035
2024-11-15,bsc,853517029
2024-11-15,solana,6105940643
2024-11-16,bsc,703461692
2024-11-16,solana,6970526686
2024-11-17,bsc,752582392
2024-11-17,solana,7807916450
2024-11-18,bsc,724683227
2024-11-18,solana,8667368406
2024-11-19,bsc,704028466
2024-11-19,solana,7835329768
2024-11-20,bsc,700102235
2024-11-20,solana,8426623442
2024-11-21,bsc,843871057
2024-11-21,solana,7659482158
2024-11-22,bsc,754124262
2024-11-22,solana,6661289466
2024-11-23,bsc,1026728047
2024-11-23,solana,5760814427
2024-11-24,bsc,1017755543
2024-11-24,solana,5966904511
2024-11-25,bsc,1137735079
2024-11-25,solana,6150169422
2024-11-26,bsc,1248997674
2024-11-26,solana,6432535477
2024-11-27,bsc,1508592430
2024-11-27,solana,5266177484
2024-11-28,bsc,1401643748
2024-11-28,solana,4258628780
2024-11-29,bsc,807261651
2024-11-29,solana,3699782557
2024-11-30,bsc,763020222
2024-11-30,solana,3433022045
2024-12-01,bsc,1301273514
2024-12-01,solana,4969831928
2024-12-02,bsc,1154662493
2024-12-02,solana,5836418234
2024-12-03,bsc,1203836024
2024-12-03,solana,5229193264
2024-12-04,bsc,1919807902
2024-12-04,solana,5914687773
2024-12-05,bsc,1499882479
2024-12-05,solana,5067221396
2024-12-06,bsc,889962236
2024-12-06,solana,3792973564
2024-12-07,bsc,748850921
2024-12-07,solana,3069097099
2024-12-08,bsc,685941960
2024-12-08,solana,4514462517
2024-12-09,bsc,1151771303
2024-12-09,solana,6037827754
2024-12-10,bsc,1335118889
2024-12-10,solana,5543377783
2024-12-11,bsc,853510182
2024-12-11,solana,4516645934
2024-12-12,bsc,1095700302
2024-12-12,solana,4220066498
2024-12-13,bsc,742044825
2024-12-13,solana,3691080242
2024-12-14,bsc,591375213
2024-12-14,solana,3235808858
2024-12-15,bsc,525449209
2024-12-15,solana,3583147200
2024-12-16,bsc,1066503134
2024-12-16,solana,5328654215
2024-12-17,bsc,907860228
2024-12-17,solana,5306189128
2024-12-18,bsc,1197204540
2024-12-18,solana,5772400657
2024-12-19,bsc,1619363776
2024-12-19,solana,5855052224
2024-12-20,bsc,1147929741
2024-12-20,solana,5201022667
2024-12-21,bsc,643832372
2024-12-21,solana,3783009960
2024-12-22,bsc,537544940
2024-12-22,solana,3614016042
2024-12-23,bsc,798272039
2024-12-23,solana,3565487196
2024-12-24,bsc,2488010700
2024-12-24,solana,2833836117
2024-12-25,bsc,519020237
2024-12-25,solana,3006362341
2024-12-26,bsc,610713865
2024-12-26,solana,3192681772
2024-12-27,bsc,576587084
2024-12-27,solana,3226820055
2024-12-28,bsc,462254848
2024-12-28,solana,3189084846
2024-12-29,bsc,473942635
2024-12-29,solana,3528416212
2024-12-30,bsc,672635745
2024-12-30,solana,4473657903
2024-12-31,bsc,564972744
2024-12-31,solana,4181737910
2025-01-01,bsc,416513004
2025-01-01,solana,5041935231
2025-01-02,bsc,614873651
2025-01-02,solana,5718980062
2025-01-03,bsc,546029145
2025-01-03,solana,4547452478
2025-01-04,bsc,443503787
2025-01-04,solana,4175859144
2025-01-05,bsc,346985896
2025-01-05,solana,4529718547
2025-01-06,bsc,629527097
2025-01-06,solana,5336130062
2025-01-07,bsc,696764834
2025-01-07,solana,5711024161
2025-01-08,bsc,664995934
2025-01-08,solana,5768349697
2025-01-09,bsc,600109704
2025-01-09,solana,5197755620
2025-01-10,bsc,680706131
2025-01-10,solana,4890360336
2025-01-11,bsc,352557009
2025-01-11,solana,3655610100
2025-01-12,bsc,270048677
2025-01-12,solana,4166852676
2025-01-13,bsc,865254674
2025-01-13,solana,5501343023
2025-01-14,bsc,494210778
2025-01-14,solana,4809350876
2025-01-15,bsc,603364334
2025-01-15,solana,5039510943
2025-01-16,bsc,624239235
2025-01-16,solana,5601962875
2025-01-17,bsc,648607682
2025-01-17,solana,18181743839
2025-01-18,bsc,828344631
2025-01-18,solana,38178678753
2025-01-19,bsc,1292312521
2025-01-19,solana,30537698682
2025-01-20,bsc,1451693415
2025-01-20,solana,27710760572
2025-01-21,bsc,780626685
2025-01-21,solana,15902402918
2025-01-22,bsc,577776142
2025-01-22,solana,15902044039
2025-01-23,bsc,893978420
2025-01-23,solana,14607935871
2025-01-24,bsc,550136430
2025-01-24,solana,11614925414
2025-01-25,bsc,395273941
2025-01-25,solana,10365020122
2025-01-26,bsc,364838352
2025-01-26,solana,10942445522
2025-01-27,bsc,839625011
2025-01-27,solana,10888480950
2025-01-28,bsc,481297728
2025-01-28,solana,8214970597
2025-01-29,bsc,522346254
2025-01-29,solana,8377367322
2025-01-30,bsc,484715910
2025-01-30,solana,6921871093
2025-01-31,bsc,469799778
2025-01-31,solana,5874137828
2025-02-01,bsc,355404550
2025-02-01,solana,7792387622
2025-02-02,bsc,684487516
2025-02-02,solana,11721764903
2025-02-03,bsc,1468235758
2025-02-03,solana,11437966001
2025-02-04,bsc,734587843
2025-02-04,solana,7698801164
2025-02-05,bsc,418328842
2025-02-05,solana,5723539789
2025-02-06,bsc,718611754
2025-02-06,solana,5941624928
2025-02-07,bsc,624250319
2025-02-07,solana,5284881726
2025-02-08,bsc,1180001160
2025-02-08,solana,4990012845
2025-02-09,bsc,2101963672
2025-02-09,solana,6739238825
2025-02-10,bsc,902797486
2025-02-10,solana,5893452352
2025-02-11,bsc,1014599625
2025-02-11,solana,5357849424
2025-02-12,bsc,1574746606
2025-02-12,solana,5041340128
2025-02-13,bsc,3192427068
2025-02-13,solana,5079043837
2025-02-14,bsc,2392809130
2025-02-14,solana,4287510664
2025-02-15,bsc,1272841925
2025-02-15,solana,3717882376
2025-02-16,bsc,1075885519
2025-02-16,solana,3692972641
2025-02-17,bsc,986479344
2025-02-17,solana,4728647937
2025-02-18,bsc,1134431063
2025-02-18,solana,4934857832
2025-02-19,bsc,1083028971
2025-02-19,solana,3656438029
2025-02-20,bsc,910251467
2025-02-20,solana,3665159721
2025-02-21,bsc,960683047
2025-02-21,solana,3399510727
2025-02-22,bsc,656907377
2025-02-22,solana,2376016144
2025-02-23,bsc,451271533
2025-02-23,solana,2891444851
2025-02-24,bsc,710785905
2025-02-24,solana,5390741941
2025-02-25,bsc,966856681
2025-02-25,solana,6339434756
2025-02-26,bsc,630069097
2025-02-26,solana,3881426418
2025-02-27,bsc,556992505
2025-02-27,solana,3449048983
2025-02-28,bsc,727507731
2025-02-28,solana,4031519288
2025-03-01,bsc,460452690
2025-03-01,solana,3818078941
2025-03-02,bsc,935645839
2025-03-02,solana,5486437094
2025-03-03,bsc,814332531
2025-03-03,solana,5287385295
2025-03-04,bsc,739049864
2025-03-04,solana,4290501027
2025-03-05,bsc,485511211
2025-03-05,solana,3026104673
2025-03-06,bsc,462922867
2025-03-06,solana,3266010924
2025-03-07,bsc,597153955
2025-03-07,solana,4307761966
2025-03-08,bsc,295586376
2025-03-08,solana,1901290508
2025-03-09,bsc,363095417
2025-03-09,solana,2415545419
2025-03-10,bsc,590358843
2025-03-10,solana,3393624681
2025-03-11,bsc,686910249
2025-03-11,solana,3556074459
2025-03-12,bsc,504746296
2025-03-12,solana,2800246048
2025-03-13,bsc,519586152
2025-03-13,solana,2293105889
2025-03-14,bsc,427235841
2025-03-14,solana,2221768323
2025-03-15,bsc,529510700
2025-03-15,solana,1418533126
2025-03-16,bsc,600416263
2025-03-16,solana,1564820369
2025-03-17,bsc,1214129402
2025-03-17,solana,1682783256
2025-03-18,bsc,1224546166
2025-03-18,solana,1590561876
2025-03-19,bsc,1094716644
2025-03-19,solana,2220558166
2025-03-20,bsc,905178917
2025-03-20,solana,1740276616
2025-03-21,bsc,962690228
2025-03-21,solana,1619071984
2025-03-22,bsc,627998487
2025-03-22,solana,1199315730
2025-03-23,bsc,500738549
2025-03-23,solana,1573646839
2025-03-24,bsc,606331612
2025-03-24,solana,2522062288
2025-03-25,bsc,575006443
2025-03-25,solana,2438695230
2025-03-26,bsc,448360901
2025-03-26,solana,2416024166
2025-03-27,bsc,758695990
2025-03-27,solana,2166566842
2025-03-28,bsc,473871847
2025-03-28,solana,2354208306
2025-03-29,bsc,432093323
2025-03-29,solana,1784831615
2025-03-30,bsc,486855064
2025-03-30,solana,1547196504
2025-03-31,bsc,420831002
2025-03-31,solana,2133728269
2025-04-01,bsc,422374827
2025-04-01,solana,2166109650
2025-04-02,bsc,498373920
2025-04-02,solana,3187983783
2025-04-03,bsc,553615434
2025-04-03,solana,2576062426
2025-04-04,bsc,388195250
2025-04-04,solana,2892371258
2025-04-05,bsc,187104032
2025-04-05,solana,1362788918
2025-04-06,bsc,365021521
2025-04-06,solana,2376631432
2025-04-07,bsc,635145846
2025-04-07,solana,4363977471
2025-04-08,bsc,330741450
2025-04-08,solana,2759975561
2025-04-09,bsc,419261001
2025-04-09,solana,3996577885
2025-04-10,bsc,353155052
2025-04-10,solana,2378912457
2025-04-11,bsc,284094863
2025-04-11,solana,2705089991
2025-04-12,bsc,352000735
2025-04-12,solana,2750886844
2025-04-13,bsc,401523364
2025-04-13,solana,2792204460
2025-04-14,bsc,443139906
2025-04-14,solana,3270869102
2025-04-15,bsc,393735656
2025-04-15,solana,3308087811
2025-04-16,bsc,441286213
2025-04-16,solana,3567329813
2025-04-17,bsc,324373318
2025-04-17,solana,2965871035
2025-04-18,bsc,254202491
2025-04-18,solana,2114495233
2025-04-19,bsc,163259855
2025-04-19,solana,2177817932
2025-04-20,bsc,262142692
2025-04-20,solana,2096906486
2025-04-21,bsc,396246009
2025-04-21,solana,2876260184
2025-04-22,bsc,481256721
2025-04-22,solana,3567544668
2025-04-23,bsc,538412796
2025-04-23,solana,4906408282
2025-04-24,bsc,384764261
2025-04-24,solana,3830833053
2025-04-25,bsc,413084305
2025-04-25,solana,4503548287
2025-04-26,bsc,297503991
2025-04-26,solana,3361035513
2025-04-27,bsc,299240452
2025-04-27,solana,3056743485
2025-04-28,bsc,415567177
2025-04-28,solana,4318529575
2025-04-29,bsc,446286759
2025-04-29,solana,3855497514
2025-04-30,bsc,522995365
2025-04-30,solana,4024837224
2025-05-01,bsc,456178319
2025-05-01,solana,4061139575
2025-05-02,bsc,433337822
2025-05-02,solana,3258445469
2025-05-03,bsc,349716564
2025-05-03,solana,3079362326
2025-05-04,bsc,337140885
2025-05-04,solana,3128878328
2025-05-05,bsc,525871987
2025-05-05,solana,4420488320
2025-05-06,bsc,649091405
2025-05-06,solana,2919510286
2025-05-07,bsc,732038928
2025-05-07,solana,3470205770
2025-05-08,bsc,955621720
2025-05-08,solana,4897894684
2025-05-09,bsc,1396749517
2025-05-09,solana,5629258314
2025-05-10,bsc,1277203250
2025-05-10,solana,4593913066
2025-05-11,bsc,1250413631
2025-05-11,solana,7019887396
2025-05-12,bsc,1965487732
2025-05-12,solana,9325342251
2025-05-13,bsc,1620515340
2025-05-13,solana,5415400030
2025-05-14,bsc,1767497195
2025-05-14,solana,5580480354
2025-05-15,bsc,2200345952
2025-05-15,solana,5139996719
2025-05-16,bsc,1743806308
2025-05-16,solana,4142410773
2025-05-17,bsc,2011458863
2025-05-17,solana,3386750073
2025-05-18,bsc,2398873999
2025-05-18,solana,3776462288
2025-05-19,bsc,3731767670
2025-05-19,solana,3887195776
2025-05-20,bsc,4925661518
2025-05-20,solana,4098860900
2025-05-21,bsc,5068510543
2025-05-21,solana,5269511536
2025-05-22,bsc,3160695561
2025-05-22,solana,4750223641
2025-05-23,bsc,2808297575
2025-05-23,solana,5292381618
2025-05-24,bsc,2146526984
2025-05-24,solana,2643949478
2025-05-25,bsc,2915473159
2025-05-25,solana,2672160215
2025-05-26,bsc,4337619663
2025-05-26,solana,2967367688
2025-05-27,bsc,2719426395
2025-05-27,solana,3488321256
2025-05-28,bsc,2847742235
2025-05-28,solana,2875285831
2025-05-29,bsc,3097338251
2025-05-29,solana,2968137652
2025-05-30,bsc,3107741705
2025-05-30,solana,3221010233
2025-05-31,bsc,2437608943
2025-05-31,solana,2583700048
2025-06-01,bsc,2697507115
2025-06-01,solana,2463861371
2025-06-02,bsc,2992447009
2025-06-02,solana,2714843074
2025-06-03,bsc,3192176496
2025-06-03,solana,3089339241
2025-06-04,bsc,2760573443
2025-06-04,solana,2614280906
2025-06-05,bsc,2981586802
2025-06-05,solana,3676937874
2025-06-06,bsc,2590886874
2025-06-06,solana,2828061050
2025-06-07,bsc,2036033177
2025-06-07,solana,1999772562
2025-06-08,bsc,2344935896
2025-06-08,solana,1945804710
2025-06-09,bsc,2640894010
2025-06-09,solana,3287953270
2025-06-10,bsc,3744151044
2025-06-10,solana,3770022930
2025-06-11,bsc,2314858241
2025-06-11,solana,3812863255
2025-06-12,bsc,2110951784
2025-06-12,solana,3223720971
2025-06-13,bsc,2492009941
2025-06-13,solana,4165102260
2025-06-14,bsc,1858944146
2025-06-14,solana,2089934333
2025-06-15,bsc,2795688462
2025-06-15,solana,2239163109
2025-06-16,bsc,4585177277
2025-06-16,solana,3305670810
2025-06-17,bsc,4326871274
2025-06-17,solana,3060147421
2025-06-18,bsc,3350412166
2025-06-18,solana,2487679285
2025-06-19,bsc,2966646162
2025-06-19,solana,2326785203
2025-06-20,bsc,3083593709
2025-06-20,solana,2912585978
2025-06-21,bsc,2716413214
2025-06-21,solana,2638746724
2025-06-22,bsc,3074941768
2025-06-22,solana,3320314929
2025-06-23,bsc,3177133749
2025-06-23,solana,3522522969
2025-06-24,bsc,2947217267
2025-06-24,solana,2687514072
2025-06-25,bsc,3065954053
2025-06-25,solana,2958185627
2025-06-26,bsc,3058979536
2025-06-26,solana,2552095243
2025-06-27,bsc,2865136693
2025-06-27,solana,2484321242
2025-06-28,bsc,2132686370
2025-06-28,solana,2333517293
2025-06-29,bsc,2771336151
2025-06-29,solana,2340088642
2025-06-30,bsc,7049719188
2025-06-30,solana,3366328571
2025-07-01,bsc,2664787629
2025-07-01,solana,2576657522
2025-07-02,bsc,3692565202
2025-07-02,solana,3047083075
2025-07-03,bsc,2864972739
2025-07-03,solana,3170267344
2025-07-04,bsc,2256296695
2025-07-04,solana,2822457821
2025-07-05,bsc,1706266698
2025-07-05,solana,2534788192
2025-07-06,bsc,1818234582
2025-07-06,solana,2813956551
2025-07-07,bsc,2310178585
2025-07-07,solana,3681574844
2025-07-08,bsc,2170011075
2025-07-08,solana,3371807317
2025-07-09,bsc,2448940964
2025-07-09,solana,3513235444
2025-07-10,bsc,2611726315
2025-07-10,solana,3529148059
2025-07-11,bsc,3094054727
2025-07-11,solana,4277384898
2025-07-12,bsc,2513018992
2025-07-12,solana,4280586507
2025-07-13,bsc,2356505263
2025-07-13,solana,4127396653
2025-07-14,bsc,2633506250
2025-07-14,solana,4769725495
2025-07-15,bsc,2586266537
2025-07-15,solana,5370142779
2025-07-16,bsc,2358769407
2025-07-16,solana,4329958594
2025-07-17,bsc,2741415738
2025-07-17,solana,5018173830
2025-07-18,bsc,2838869928
2025-07-18,solana,5472223967
2025-07-19,bsc,2372229981
2025-07-19,solana,3115931806
2025-07-20,bsc,2383316752
2025-07-20,solana,3685211778
2025-07-21,bsc,2574041362
2025-07-21,solana,5069457087
2025-07-22,bsc,2696289131
2025-07-22,solana,6520438369
2025-07-23,bsc,2465079603
2025-07-23,solana,5541667409
2025-07-24,bsc,2396879290
2025-07-24,solana,5275123926
2025-07-25,bsc,2198148632
2025-07-25,solana,4646804814
2025-07-26,bsc,1786835309
2025-07-26,solana,2727295737
2025-07-27,bsc,2031697963
2025-07-27,solana,3310805865
2025-07-28,bsc,2312768412
2025-07-28,solana,4495103889
2025-07-29,bsc,2206248737
2025-07-29,solana,4049907303
2025-07-30,bsc,2038620507
2025-07-30,solana,4070927290
2025-07-31,bsc,1869559479
2025-07-31,solana,3677556090
2025-08-01,bsc,1966824739
2025-08-01,solana,4596655670
2025-08-02,bsc,1509646969
2025-08-02,solana,3044307315
2025-08-03,bsc,1391738081
2025-08-03,solana,2327861914
2025-08-04,bsc,1541322732
2025-08-04,solana,3244263819
2025-08-05,bsc,1797082164
2025-08-05,solana,3842748024
2025-08-06,bsc,1673652498
2025-08-06,solana,3416751841
2025-08-07,bsc,1878894893
2025-08-07,solana,3500048182
2025-08-08,bsc,1835517380
2025-08-08,solana,3731810717
2025-08-09,bsc,1749569641
2025-08-09,solana,3192496769
2025-08-10,bsc,1696236867
2025-08-10,solana,3418078040
2025-08-11,bsc,2033354141
2025-08-11,solana,4322674663
2025-08-12,bsc,1938054437
2025-08-12,solana,4172261633
2025-08-13,bsc,2182347393
2025-08-13,solana,5957486501
2025-08-14,bsc,2528035232
2025-08-14,solana,7972307097
2025-08-15,bsc,1990438524
2025-08-15,solana,4620634063
2025-08-16,bsc,1607626854
2025-08-16,solana,3014494521
2025-08-17,bsc,1738622026
2025-08-17,solana,3107764981
2025-08-18,bsc,2004913983
2025-08-18,solana,4151270732
2025-08-19,bsc,2151114368
2025-08-19,solana,3685517108
2025-08-20,bsc,2212396548
2025-08-20,solana,4000803705
2025-08-21,bsc,2039111852
2025-08-21,solana,5428629124
2025-08-22,bsc,2236500533
2025-08-22,solana,5851338720
2025-08-23,bsc,2027725336
2025-08-23,solana,4164646186
2025-08-24,bsc,2126160469
2025-08-24,solana,6344863061
2025-08-25,bsc,2249079744
2025-08-25,solana,6157165233
2025-08-26,bsc,2050357977
2025-08-26,solana,4006661862
2025-08-27,bsc,2235701234
2025-08-27,solana,5685679769
2025-08-28,bsc,2248435539
2025-08-28,solana,5421236373
2025-08-29,bsc,2220665503
2025-08-29,solana,6969673476
2025-08-30,bsc,1691593376
2025-08-30,solana,2895517182
2025-08-31,bsc,1777934237
2025-08-31,solana,2580626057
2025-09-01,bsc,2354420115
2025-09-01,solana,3916315687
2025-09-02,bsc,2435794908
2025-09-02,solana,3943992390
2025-09-03,bsc,2304721897
2025-09-03,solana,4101247051
2025-09-04,bsc,2914819271
2025-09-04,solana,4135976746
2025-09-05,bsc,2415430805
2025-09-05,solana,5556577458
2025-09-06,bsc,2130206736
2025-09-06,solana,2701152596
2025-09-07,bsc,2157429874
2025-09-07,solana,2843741398
2025-09-08,bsc,2521336805
2025-09-08,solana,4080168692
2025-09-09,bsc,2422516479
2025-09-09,solana,4477925550
2025-09-10,bsc,2429953674
2025-09-10,solana,5335891066
2025-09-11,bsc,2445575404
2025-09-11,solana,5096251669
2025-09-12,bsc,2433507199
2025-09-12,solana,6106858225
2025-09-13,bsc,2333959818
2025-09-13,solana,4410857089
2025-09-14,bsc,2517320346
2025-09-14,solana,5520508836
2025-09-15,bsc,2668336713
2025-09-15,solana,6474400359
2025-09-16,bsc,3263008896
2025-09-16,solana,4875629537
2025-09-17,bsc,3646273629
2025-09-17,solana,5477139149
2025-09-18,bsc,3352371987
2025-09-18,solana,4374973863
2025-09-19,bsc,3265638095
2025-09-19,solana,4591704848
2025-09-20,bsc,3874364534
2025-09-20,solana,4054940871
2025-09-21,bsc,4484668534
2025-09-21,solana,4636738883
2025-09-22,bsc,4431495589
2025-09-22,solana,6523561394
2025-09-23,bsc,4081765043
2025-09-23,solana,6120306131
2025-09-24,bsc,4143440430
2025-09-24,solana,5762746590
2025-09-25,bsc,4366231077
2025-09-25,solana,6704496038
2025-09-26,bsc,3716552388
2025-09-26,solana,5487103771
2025-09-27,bsc,3060951909
2025-09-27,solana,3325227294
2025-09-28,bsc,2871129196
2025-09-28,solana,3408334036
2025-09-29,bsc,3582471973
2025-09-29,solana,4064613184
2025-09-30,bsc,3410334114
2025-09-30,solana,3978321689
2025-10-01,bsc,3787437648
2025-10-01,solana,4203022184
2025-10-02,bsc,4172460839
2025-10-02,solana,5124132469
2025-10-03,bsc,4660328637
2025-10-03,solana,4891846242
2025-10-04,bsc,3838186065
2025-10-04,solana,3659494585
2025-10-05,bsc,3758476037
2025-10-05,solana,4480100736
2025-10-06,bsc,4375675127
2025-10-06,solana,4540067948
2025-10-07,bsc,6725707727
2025-10-07,solana,6413525867
2025-10-08,bsc,7099373108
2025-10-08,solana,5835078903
2025-10-09,bsc,6438505195
2025-10-09,solana,5615316526
2025-10-10,bsc,5330580610
2025-10-10,solana,10290350823
2025-10-11,bsc,5937780298
2025-10-11,solana,7170120039
2025-10-12,bsc,5039421515
2025-10-12,solana,6773979155
2025-10-13,bsc,5405601735
2025-10-13,solana,5976176877
2025-10-14,bsc,5177639516
2025-10-14,solana,7017785488
2025-10-15,bsc,4115574971
2025-10-15,solana,5639105345
2025-10-16,bsc,3678433401
2025-10-16,solana,6578625506
2025-10-17,bsc,3826722805
2025-10-17,solana,5760638646
2025-10-18,bsc,2863373236
2025-10-18,solana,4448861772
2025-10-19,bsc,2903732608
2025-10-19,solana,4473717727
2025-10-20,bsc,3068581107
2025-10-20,solana,4698641976
2025-10-21,bsc,3179317516
2025-10-21,solana,5062352874
2025-10-22,bsc,3407705577
2025-10-22,solana,5350189322
2025-10-23,bsc,3929296731
2025-10-23,solana,4781173905
2025-10-24,bsc,3560418282
2025-10-24,solana,4251356287
2025-10-25,bsc,2837507149
2025-10-25,solana,3603965421
2025-10-26,bsc,2408226463
2025-10-26,solana,3454409422
2025-10-27,bsc,3287713062
2025-10-27,solana,5285254847
2025-10-28,bsc,2710104736
2025-10-28,solana,5757671429
2025-10-29,bsc,3148354449
2025-10-29,solana,5543719105
2025-10-30,bsc,3172609755
2025-10-30,solana,6644874693
2025-10-31,bsc,3099231552
2025-10-31,solana,5111900233
2025-11-01,bsc,2450501908
2025-11-01,solana,3804794905
2025-11-02,bsc,2748028196
2025-11-02,solana,3387825591
2025-11-03,bsc,3927769747
2025-11-03,solana,5977112768
2025-11-04,bsc,4499137360
2025-11-04,solana,7611293545
2025-11-05,bsc,4005518887
2025-11-05,solana,4981787162
2025-11-06,bsc,4051482370
2025-11-06,solana,5998120885
2025-11-07,bsc,4176562105
2025-11-07,solana,6026424882
2025-11-08,bsc,3337616351
2025-11-08,solana,4005627776
2025-11-09,bsc,3192206618
2025-11-09,solana,6378765715
2025-11-10,bsc,4100696520
2025-11-10,solana,4859385796
2025-11-11,bsc,4217984445
2025-11-11,solana,3955000698
2025-11-12,bsc,3188787145
2025-11-12,solana,4482042006
2025-11-13,bsc,3044608816
2025-11-13,solana,4009645788
2025-11-14,bsc,2608257290
2025-11-14,solana,4013974774
2025-11-15,bsc,2370182721
2025-11-15,solana,3994760654
2025-11-16,bsc,2274055904
2025-11-16,solana,2806324118
2025-11-17,bsc,2368279697
2025-11-17,solana,3209247040
2025-11-18,bsc,2349688300
2025-11-18,solana,3694101548
2025-11-19,bsc,2158258757
2025-11-19,solana,3146927171
2025-11-20,bsc,2325645586
2025-11-20,solana,3852687193
2025-11-21,bsc,2496166160
2025-11-21,solana,4516990796
2025-11-22,bsc,1771929935
2025-11-22,solana,2690112954
2025-11-23,bsc,1693450508
2025-11-23,solana,3088408547
2025-11-24,bsc,2018751486
2025-11-24,solana,2569909138
2025-11-25,bsc,1624655721
2025-11-25,solana,2997881128
2025-11-26,bsc,1987222900
2025-11-26,solana,3350647131
2025-11-27,bsc,1940255213
2025-11-27,solana,3589025150
2025-11-28,bsc,2096556336
2025-11-28,solana,3682137525
2025-11-29,bsc,1835813261
2025-11-29,solana,3245408536
2025-11-30,bsc,1686446869
2025-11-30,solana,3464951471
2025-12-01,bsc,2176002463
2025-12-01,solana,4141810041
2025-12-02,bsc,1913847685
2025-12-02,solana,4011466378
2025-12-03,bsc,2029410780
2025-12-03,solana,3987826431
2025-12-04,bsc,1950647889
2025-12-04,solana,4059216237
2025-12-05,bsc,1923876676
2025-12-05,solana,3547997798
2025-12-06,bsc,1808215625
2025-12-06,solana,2977844355
2025-12-07,bsc,1788645613
2025-12-07,solana,3565432786
2025-12-08,bsc,1839125579
2025-12-08,solana,3787043866
2025-12-09,bsc,2152674068
2025-12-09,solana,3912511184
2025-12-10,bsc,1612402751
2025-12-10,solana,3958610796
2025-12-11,bsc,2236471672
2025-12-11,solana,4090228484
2025-12-12,bsc,2043796002
2025-12-12,solana,3891042546
2025-12-13,bsc,1806522013
2025-12-13,solana,2500782237
2025-12-14,bsc,1899119915
2025-12-14,solana,2303077047
2025-12-15,bsc,2312437602
2025-12-15,solana,3633787740
2025-12-16,bsc,2607744897
2025-12-16,solana,3376360007
2025-12-17,bsc,2233553130
2025-12-17,solana,3537366136
2025-12-18,bsc,2182443925
2025-12-18,solana,3745770005
2025-12-19,bsc,2321317760
2025-12-19,solana,3290109981
2025-12-20,bsc,2040061235
2025-12-20,solana,2835215985
2025-12-21,bsc,2023078689
2025-12-21,solana,2687989355
2025-12-22,bsc,2163682277
2025-12-22,solana,3648475698
2025-12-23,bsc,2147440710
2025-12-23,solana,3577757135
2025-12-24,bsc,1456035830
2025-12-24,solana,3347649069
2025-12-25,bsc,1533684365
2025-12-25,solana,3477481762
2025-12-26,bsc,1791950200
2025-12-26,solana,3628530034
2025-12-27,bsc,1535757455
2025-12-27,solana,3087713203
2025-12-28,bsc,1609654978
2025-12-28,solana,2698122259
2025-12-29,bsc,2256342345
2025-12-29,solana,4280705255
2025-12-30,bsc,2619036630
2025-12-30,solana,3842475533
2025-12-31,bsc,2214283171
2025-12-31,solana,4087214843
2026-01-01,bsc,1356035380
2026-01-01,solana,2812822045
2026-01-02,bsc,1201232190
2026-01-02,solana,4472717181
2026-01-03,bsc,860274449
2026-01-03,solana,4429795090
2026-01-04,bsc,905678354
2026-01-04,solana,4966152976
2026-01-05,bsc,1271186556
2026-01-05,solana,5823362778
2026-01-06,bsc,1267888681
2026-01-06,solana,6139496027
2026-01-07,bsc,1272716216
2026-01-07,solana,5084354468
2026-01-08,bsc,1210427860
2026-01-08,solana,3853067602
2026-01-09,bsc,1325744522
2026-01-09,solana,3421669651
2026-01-10,bsc,1358977437
2026-01-10,solana,1850667229
2026-01-11,bsc,1268037647
2026-01-11,solana,3412161992
2026-01-12,bsc,1551289875
2026-01-12,solana,3441728281
2026-01-13,bsc,1750839225
2026-01-13,solana,3691382048
2026-01-14,bsc,2146596187
2026-01-14,solana,4508382295
2026-01-15,bsc,1781657476
2026-01-15,solana,4851577680
2026-01-16,bsc,1844790401
2026-01-16,solana,4706434150
2026-01-17,bsc,1997613356
2026-01-17,solana,3164607219
2026-01-18,bsc,1407897336
2026-01-18,solana,3794371210
2026-01-19,bsc,2104187793
2026-01-19,solana,4298536489
2026-01-20,bsc,3301789149
2026-01-20,solana,5185771162
2026-01-21,bsc,3929929930
2026-01-21,solana,6271496647
2026-01-22,bsc,2301788106
2026-01-22,solana,5589422554
2026-01-23,bsc,2313784590
2026-01-23,solana,5152010901
2026-01-24,bsc,1765589483
2026-01-24,solana,3435676890
2026-01-25,bsc,1702242901
2026-01-25,solana,4110232808
2026-01-26,bsc,1725137234
2026-01-26,solana,4839235382
2026-01-27,bsc,1712426160
2026-01-27,solana,5368988158
2026-01-28,bsc,1873303264
2026-01-28,solana,5057547018
2026-01-29,bsc,1499528173
2026-01-29,solana,4565727870
2026-01-30,bsc,2140744264
2026-01-30,solana,5934078063
2026-01-31,bsc,1763845805
2026-01-31,solana,5621945948
2026-02-01,bsc,1487756015
2026-02-01,solana,5460122392
2026-02-02,bsc,1744726164
2026-02-02,solana,6045867481
2026-02-03,bsc,2110700269
2026-02-03,solana,5915094753
2026-02-04,bsc,2431171635
2026-02-04,solana,5816622181
2026-02-05,bsc,2947656406
2026-02-05,solana,7108258774
2026-02-06,bsc,2447648424
2026-02-06,solana,6831975470
2026-02-07,bsc,1764376135
2026-02-07,solana,4713527622
2026-02-08,bsc,1431222369
2026-02-08,solana,4250065648
2026-02-09,bsc,1521075326
2026-02-09,solana,4444439204
2026-02-10,bsc,1303380270
2026-02-10,solana,4126929570
2026-02-11,bsc,1460617998
2026-02-11,solana,4206642872
2026-02-12,bsc,1336999121
2026-02-12,solana,3558795407
2026-02-13,bsc,1386195564
2026-02-13,solana,3903270860
2026-02-14,bsc,1120829174
2026-02-14,solana,2969681694
2026-02-15,bsc,1272527702
2026-02-15,solana,3495270494
2026-02-16,bsc,1065839478
2026-02-16,solana,3019204362
2026-02-17,bsc,1082921821
2026-02-17,solana,2919124270
2026-02-18,bsc,992041685
2026-02-18,solana,3133024782
2026-02-19,bsc,1097846376
2026-02-19,solana,2783464696
2026-02-20,bsc,1267936543
2026-02-20,solana,2576274541
2026-02-21,bsc,930329820
2026-02-21,solana,1685381525
2026-02-22,bsc,890869390
2026-02-22,solana,1711384006
2026-02-23,bsc,1396773036
2026-02-23,solana,3225412170
2026-02-24,bsc,1310230912
2026-02-24,solana,3015701924
2026-02-25,bsc,1045239976
2026-02-25,solana,2869679045
2026-02-26,bsc,1012732086
2026-02-26,solana,2693975432
2026-02-27,bsc,787473419
2026-02-27,solana,2998515519
2026-02-28,bsc,1384016182
2026-02-28,solana,3414955629
2026-03-01,bsc,1138399337
2026-03-01,solana,2553800490
2026-03-02,bsc,1308052634
2026-03-02,solana,2960467865
2026-03-03,bsc,1075000025
2026-03-03,solana,2936508090
2026-03-04,bsc,1201951337
2026-03-04,solana,3307039818
2026-03-05,bsc,1060930839
2026-03-05,solana,2984782138
2026-03-06,bsc,1101268397
2026-03-06,solana,2900870266
2026-03-07,bsc,728405173
2026-03-07,solana,1743409274
2026-03-08,bsc,902514812
2026-03-08,solana,2079048379
2026-03-09,bsc,1212832685
2026-03-09,solana,2791335159
2026-03-10,bsc,1143722261
2026-03-10,solana,3033818811
2026-03-11,bsc,1126238680
2026-03-11,solana,3037767192
2026-03-12,bsc,999418788
2026-03-12,solana,2764097196
2026-03-13,bsc,1127549425
2026-03-13,solana,3302793558
2026-03-14,bsc,669790236
2026-03-14,solana,2208093949
2026-03-15,bsc,960711822
2026-03-15,solana,2549291285
2026-03-16,bsc,1216557284
2026-03-16,solana,3227061406
2026-03-17,bsc,1006239737
2026-03-17,solana,3031156977
2026-03-18,bsc,1021976803
2026-03-18,solana,4323292566
2026-03-19,bsc,882790052
2026-03-19,solana,2924275832
2026-03-20,bsc,915972290
2026-03-20,solana,2705566293
2026-03-21,bsc,570491241
2026-03-21,solana,2111243968
2026-03-22,bsc,1067565919
2026-03-22,solana,2560806448
2026-03-23,bsc,1389870739
2026-03-23,solana,3669770870
2026-03-24,bsc,880565050
2026-03-24,solana,2807220594
2026-03-25,bsc,877656107
2026-03-25,solana,2479461127
2026-03-26,bsc,842092270
2026-03-26,solana,2609697779
2026-03-27,bsc,885343523
2026-03-27,solana,2579212217
2026-03-28,bsc,702924932
2026-03-28,solana,1724956691
2026-03-29,bsc,690864329
2026-03-29,solana,1823085436
2026-03-30,bsc,1014171481
2026-03-30,solana,2405402214
2026-03-31,bsc,927289819
2026-03-31,solana,2625524480
2026-04-01,bsc,903928945
2026-04-01,solana,3570345192
2026-04-02,bsc,913270890
2026-04-02,solana,2150445855
2026-04-03,bsc,589140748
2026-04-03,solana,1911109377
2026-04-04,bsc,539717045
2026-04-04,solana,1543047277
2026-04-05,bsc,531762591
2026-04-05,solana,1507000512
2026-04-06,bsc,686852084
2026-04-06,solana,2377035524
2026-04-07,bsc,704241700
2026-04-07,solana,2198478290
2026-04-08,bsc,640153349
2026-04-08,solana,2624683912
2026-04-09,bsc,763462372
2026-04-09,solana,1866369926
2026-04-10,bsc,683000579
2026-04-10,solana,2006231176
2026-04-11,bsc,632677182
2026-04-11,solana,1387308738
2026-04-12,bsc,693792303
2026-04-12,solana,1478447719
2026-04-13,bsc,1110214482
2026-04-13,solana,1855082363
2026-04-14,bsc,1263153364
2026-04-14,solana,2445044243
2026-04-15,bsc,873583938
2026-04-15,solana,1802229115
2026-04-16,bsc,1023080477
2026-04-16,solana,2265771279
2026-04-17,bsc,1013477872
2026-04-17,solana,2595398204
2026-04-18,bsc,737219828
2026-04-18,solana,1756162327
2026-04-19,bsc,852499387
2026-04-19,solana,1938846645
2026-04-20,bsc,923338843
2026-04-20,solana,1694815965
2026-04-21,bsc,940543039
2026-04-21,solana,1651573623
2026-04-22,bsc,943653591
2026-04-22,solana,2248940610
2026-04-23,bsc,813973273
2026-04-23,solana,1753013985
2026-04-24,bsc,759056522
2026-04-24,solana,1743061749
2026-04-25,bsc,523670118
2026-04-25,solana,1419308778
2026-04-26,bsc,492591911
2026-04-26,solana,1648127952
2026-04-27,bsc,657739162
2026-04-27,solana,2176056327
2026-04-28,bsc,583037019
2026-04-28,solana,2474578136
2026-04-29,bsc,665024788
2026-04-29,solana,1759842493
2026-04-30,bsc,555865969
2026-04-30,solana,1609726186
2026-05-01,bsc,729766386
2026-05-01,solana,1602082791
2026-05-02,bsc,655751998
2026-05-02,solana,1252235986
2026-05-03,bsc,783262200
2026-05-03,solana,1177584940
2026-05-04,bsc,1000781557
2026-05-04,solana,2172669745
2026-05-05,bsc,738536775
2026-05-05,solana,1891872399
2026-05-06,bsc,899461578
2026-05-06,solana,2084313037
2026-05-07,bsc,775653861
2026-05-07,solana,2190953540
2026-05-08,bsc,702180501
2026-05-08,solana,2637723481
2026-05-09,bsc,550689484
2026-05-09,solana,1911982447
2026-05-10,bsc,615815115
2026-05-10,solana,2428899503
2026-05-11,bsc,774466914
2026-05-11,solana,2621864383
2026-05-12,bsc,707164542
2026-05-12,solana,2521486638
2026-05-13,bsc,883543298
2026-05-13,solana,2140347666
2026-05-14,bsc,940327735
2026-05-14,solana,2250382662
2026-05-15,bsc,789693378
2026-05-15,solana,2332114279
2026-05-16,bsc,600339448
2026-05-16,solana,1781319980
2026-05-17,bsc,508441500
2026-05-17,solana,1381797395
2026-05-18,bsc,723221913
2026-05-18,solana,1742702581
2026-05-19,bsc,586654995
2026-05-19,solana,1819765440
2026-05-20,bsc,676982468
2026-05-20,solana,1765435733
2026-05-21,bsc,691359661
2026-05-21,solana,1860468463
2026-05-22,bsc,767374909
2026-05-22,solana,1744858273
2026-05-23,bsc,650216073
2026-05-23,solana,1637445801
2026-05-24,bsc,561599599
2026-05-24,solana,1606131786
2026-05-25,bsc,761666799
2026-05-25,solana,1498861684
2026-05-26,bsc,828301455
2026-05-26,solana,1796080831
2026-05-27,bsc,1196429443
2026-05-27,solana,1478621213
2026-05-28,bsc,1316055435
2026-05-28,solana,2029216119
2026-05-29,bsc,1208469890
2026-05-29,solana,1935680899
2026-05-30,bsc,1387567160
2026-05-30,solana,1426594160
2026-05-31,bsc,1396676669
2026-05-31,solana,1501537544
2026-06-01,bsc,1905067450
2026-06-01,solana,2208807958
2026-06-02,bsc,1779905776
2026-06-02,solana,2410167807
2026-06-03,bsc,1306019933
2026-06-03,solana,2677649592
2026-06-04,bsc,1442022471
2026-06-04,solana,4151178252
2026-06-05,bsc,1784390280
2026-06-05,solana,3773331601
2026-06-06,bsc,854338654
2026-06-06,solana,2102899616
2026-06-07,bsc,833788893
2026-06-07,solana,1717005575
2026-06-08,bsc,946928730
2026-06-08,solana,1870810623
2026-06-09,bsc,727765211
2026-06-09,solana,2008373376
2026-06-10,bsc,930109600
2026-06-10,robinhood,0
2026-06-10,solana,2027343294
2026-06-11,bsc,804902417
2026-06-11,robinhood,5
2026-06-11,solana,2099675134
2026-06-12,bsc,644139153
2026-06-12,solana,2092280596
2026-06-13,bsc,638555614
2026-06-13,solana,1450621135
2026-06-14,bsc,712302688
2026-06-14,solana,1534667491
2026-06-15,bsc,867400988
2026-06-15,robinhood,0
2026-06-15,solana,2192489076
2026-06-16,bsc,762368992
2026-06-16,robinhood,0
2026-06-16,solana,2070187522
2026-06-17,bsc,931603749
2026-06-17,solana,2168782943
2026-06-18,bsc,754532864
2026-06-18,robinhood,1
2026-06-18,solana,1966191096
2026-06-19,bsc,586562183
2026-06-19,robinhood,8
2026-06-19,solana,1899507524
2026-06-20,bsc,483751899
2026-06-20,solana,2010599045
2026-06-21,bsc,487089305
2026-06-21,solana,1874455750
2026-06-22,bsc,695087146
2026-06-22,solana,2247610108
2026-06-23,bsc,720123256
2026-06-23,robinhood,0
2026-06-23,solana,2493919571
2026-06-24,bsc,888940886
2026-06-24,robinhood,174
2026-06-24,solana,3278312171
2026-06-25,bsc,825023125
2026-06-25,robinhood,4
2026-06-25,solana,2664406296
2026-06-26,bsc,808498171
2026-06-26,robinhood,40
2026-06-26,solana,2887498235
2026-06-27,bsc,468245507
2026-06-27,robinhood,2
2026-06-27,solana,1248333148
2026-06-28,bsc,489659286
2026-06-28,robinhood,887
2026-06-28,solana,1695718949
2026-06-29,bsc,720107440
2026-06-29,robinhood,349
2026-06-29,solana,2991281807
2026-06-30,bsc,717263273
2026-06-30,robinhood,6457
2026-06-30,solana,2375529862
2026-07-01,bsc,754118505
2026-07-01,robinhood,1400586
2026-07-01,solana,2373848054
2026-07-02,bsc,686579076
2026-07-02,robinhood,2455196
2026-07-02,solana,2370656830
2026-07-03,bsc,675366824
2026-07-03,robinhood,5060864
2026-07-03,solana,1835042633
2026-07-04,bsc,560169315
2026-07-04,robinhood,2161500
2026-07-04,solana,2211635461
2026-07-05,bsc,745560352
2026-07-05,robinhood,3272153
2026-07-05,solana,1978497370
2026-07-06,bsc,740904249
2026-07-06,robinhood,5314368
2026-07-06,solana,2282590360
2026-07-07,bsc,699818486
2026-07-07,robinhood,55787549
2026-07-07,solana,2665913139
2026-07-08,bsc,743806770
2026-07-08,robinhood,567767979
2026-07-08,solana,2548140958
2026-07-09,bsc,661371232
2026-07-09,robinhood,557836979
2026-07-09,solana,1890159683
2026-07-10,bsc,570521409
2026-07-10,robinhood,784638327
2026-07-10,solana,1720495365
2026-07-11,bsc,464339578
2026-07-11,robinhood,920114975
2026-07-11,solana,1145724151
2026-07-12,bsc,1039512947
2026-07-12,robinhood,841233298
2026-07-12,solana,1292423777
2026-07-13,bsc,938070807
2026-07-13,robinhood,842566665
2026-07-13,solana,1866906548
2026-07-14,bsc,859065272
2026-07-14,robinhood,879361947
2026-07-14,solana,2014055484
2026-07-15,bsc,768327112
2026-07-15,robinhood,835592598
2026-07-15,solana,1756543513
2026-07-16,bsc,756961310
2026-07-16,robinhood,732539697
2026-07-16,solana,1680540711
2026-07-17,bsc,776634730
2026-07-17,robinhood,631457304
2026-07-17,solana,1573532922
2026-07-18,bsc,797029340
2026-07-18,robinhood,536869727
2026-07-18,solana,1303477273
2026-07-19,bsc,1106150410
2026-07-19,robinhood,482163332
2026-07-19,solana,1417977434
2026-07-20,bsc,856085988
2026-07-20,robinhood,642788569
2026-07-20,solana,1985157092
2026-07-21,bsc,840275707
2026-07-21,robinhood,645628281
2026-07-21,solana,1552350094
2026-07-22,bsc,960006922
2026-07-22,robinhood,741083982
2026-07-22,solana,1767236449
2026-07-23,bsc,1046348367
2026-07-23,robinhood,676001575
2026-07-23,solana,1616396526
2026-07-24,bsc,1384183335
2026-07-24,robinhood,564810466
2026-07-24,solana,1623022118
2026-07-25,bsc,1258900161
2026-07-25,robinhood,372108204
2026-07-25,solana,1066521244
2026-07-26,bsc,1569027382
2026-07-26,robinhood,456189275
2026-07-26,solana,1225909485
2026-07-27,bsc,1594048179
2026-07-27,robinhood,624094795
2026-07-27,solana,1874833688
2026-07-28,bsc,1591262676
2026-07-28,robinhood,497992822
2026-07-28,solana,1759331607
2026-07-29,bsc,1731621693
2026-07-29,robinhood,593442238
2026-07-29,solana,2019996566
2026-07-30,bsc,1710359323
2026-07-30,robinhood,445703558
2026-07-30,solana,1613933505
2026-07-31,bsc,1724513648
2026-07-31,robinhood,362561975
2026-07-31,solana,1726081252
2026-08-01,bsc,1382157555
2026-08-01,robinhood,259804448
2026-08-01,solana,1319316289
2026-08-02,bsc,1705388900
2026-08-02,robinhood,267417248
2026-08-02,solana,1364802484
2026-08-03,bsc,1474318396
2026-08-03,robinhood,369390016
2026-08-03,solana,1756416577
2026-08-04,bsc,1734271591
2026-08-04,robinhood,352986134
2026-08-04,solana,1783350876
2026-08-05,bsc,1909939269
2026-08-05,robinhood,543778036
2026-08-05,solana,1679070808
2026-08-06,bsc,1616259832
2026-08-06,robinhood,636126240
2026-08-06,solana,1413204840
2026-08-07,bsc,1693365470
2026-08-07,robinhood,447321001
2026-08-07,solana,1392707590
2026-08-08,bsc,793622929
2026-08-08,robinhood,329103208
2026-08-08,solana,1501684066
2026-08-09,bsc,774562943
2026-08-09,robinhood,501449920
2026-08-09,solana,1353481034
2026-08-10,bsc,1135317055
2026-08-10,robinhood,686043381
2026-08-10,solana,1595280220
2026-08-11,bsc,876201140
2026-08-11,robinhood,530721910
2026-08-11,solana,1665814723
2026-08-12,bsc,807699273
2026-08-12,robinhood,549112779
2026-08-12,solana,1752025398
2026-08-13,bsc,781436792
2026-08-13,robinhood,468010772
2026-08-13,solana,1959328012
2026-08-14,bsc,760127429
2026-08-14,robinhood,493803981
2026-08-14,solana,1635872496
2026-08-15,bsc,926516622
2026-08-15,robinhood,311008709
2026-08-15,solana,1191208812
2026-08-16,bsc,963896077
2026-08-16,robinhood,326755715
2026-08-16,solana,1079945823
2026-08-17,bsc,1019545093
2026-08-17,robinhood,491634377
2026-08-17,solana,1510927854
2026-08-18,bsc,940601167
2026-08-18,robinhood,472821530
2026-08-18,solana,1883204854
2026-08-19,bsc,1268184175
2026-08-19,robinhood,545548178
2026-08-19,solana,3056512309
2026-08-20,bsc,1397674073
2026-08-20,robinhood,551520741
2026-08-20,solana,2872896610
2026-08-21,bsc,1840869270
2026-08-21,robinhood,671206711
2026-08-21,solana,3651989621
2026-08-22,bsc,1585316385
2026-08-22,robinhood,509543899
2026-08-22,solana,3776897028
2026-08-23,bsc,1156228122
2026-08-23,robinhood,519099094
2026-08-23,solana,2992901372
2026-08-24,bsc,1176081309
2026-08-24,robinhood,670023997
2026-08-24,solana,3043859723
2026-08-25,bsc,1035416711
2026-08-25,robinhood,747481256
2026-08-25,solana,2983118983
2026-08-26,bsc,1086247680
2026-08-26,robinhood,874443394
2026-08-26,solana,2413227993
2026-08-27,bsc,1055092556
2026-08-27,robinhood,880536349
2026-08-27,solana,3762648524
2026-08-28,bsc,1122966004
2026-08-28,robinhood,980823127
2026-08-28,solana,2641464425
2026-08-29,bsc,653360318
2026-08-29,robinhood,1071719807
2026-08-29,solana,1705478675
2026-08-30,bsc,947705082
2026-08-30,robinhood,1542143300
2026-08-30,solana,1978430026
2026-08-31,bsc,1112472585
2026-08-31,robinhood,1766332231
2026-08-31,solana,2568031712
2026-09-01,bsc,1075627096
2026-09-01,robinhood,2236189301
2026-09-01,solana,2231662393
2026-09-02,bsc,1165260243
2026-09-02,robinhood,2707604186
2026-09-02,solana,2345657305
2026-09-03,bsc,1392469629
2026-09-03,robinhood,2646214237
2026-09-03,solana,2540209899
2026-09-04,bsc,1447052471
2026-09-04,robinhood,3674270481
2026-09-04,solana,1934557465
2026-09-05,bsc,1598684549
2026-09-05,robinhood,2562243923
2026-09-05,solana,1914825076
2026-09-06,bsc,1463369177
2026-09-06,robinhood,2611767935
2026-09-06,solana,2973379765
2026-09-07,bsc,1322631604
2026-09-07,robinhood,2080240225
2026-09-07,solana,2787661588
2026-09-08,bsc,2301189134
2026-09-08,robinhood,2076225997
2026-09-08,solana,2784138695
2026-09-09,bsc,1629415754
2026-09-09,robinhood,1916105822
2026-09-09,solana,3076411614
2026-09-10,bsc,1294696788
2026-09-10,robinhood,1959659590
2026-09-10,solana,3001162144
2026-09-11,bsc,1311255865
2026-09-11,robinhood,2864180842
2026-09-11,solana,3278936200
2026-09-12,bsc,857770910
2026-09-12,robinhood,1680995071
2026-09-12,solana,1743684986
2026-09-13,bsc,713759237
2026-09-13,robinhood,1530908354
2026-09-13,solana,1791057274
2026-09-14,bsc,1102156398
2026-09-14,robinhood,2057319478
2026-09-14,solana,2530246166
2026-09-15,bsc,1244308080
2026-09-15,robinhood,1801614113
2026-09-15,solana,2703363554
2026-09-16,bsc,1104085972
2026-09-16,robinhood,1583623014
2026-09-16,solana,2800559985
2026-09-17,bsc,1011567189
2026-09-17,robinhood,1623883106
2026-09-17,solana,2592836793
2026-09-18,bsc,1375697103
2026-09-18,robinhood,1637921253
2026-09-18,solana,3537489237
2026-09-19,bsc,1006058556
2026-09-19,robinhood,1191849741
2026-09-19,solana,2876142680
2026-09-20,bsc,1016272750
2026-09-20,robinhood,1146960336
2026-09-20,solana,2795187305
2026-09-21,bsc,1314872152
2026-09-21,robinhood,1859318945
2026-09-21,solana,3428867798
2026-09-22,bsc,982323498
2026-09-22,robinhood,1589279287
2026-09-22,solana,3194957645
2026-09-23,bsc,1011508061
2026-09-23,robinhood,1516348428
2026-09-23,solana,2553074814
2026-09-24,bsc,925555687
2026-09-24,robinhood,1514993617
2026-09-24,solana,2450777406
2026-09-25,bsc,909044770
2026-09-25,robinhood,1396710367
2026-09-25,solana,2612996620
2026-09-26,bsc,693476674
2026-09-26,robinhood,822804191
2026-09-26,solana,2155328163
2026-09-27,bsc,702120267
2026-09-27,robinhood,947270260
2026-09-27,solana,1926487408
2026-09-28,bsc,1040750946
2026-09-28,robinhood,1606261298
2026-09-28,solana,2662001506
2026-09-29,bsc,1058400099
2026-09-29,robinhood,1641073327
2026-09-29,solana,2534187471
2026-09-30,bsc,1457043451
2026-09-30,robinhood,1509779963
2026-09-30,solana,2569940125
2026-10-01,bsc,1073403109
2026-10-01,robinhood,1533570436
2026-10-01,solana,2488460102
2026-10-02,bsc,1339255266
2026-10-02,robinhood,1355551912
2026-10-02,solana,2760296309
2026-10-03,bsc,728794998
2026-10-03,robinhood,711066365
2026-10-03,solana,1553984451
