Date,BTC-USD,BTC=F,CIFR,CLSK,CORZ,DX-Y.NYB,IREN,MARA,MSFT,NVDA,QQQ,RIOT,UUP,WULF,^VIX,DXY,CME_Annualized_Basis
2022-01-01,47686.8125,,,,,,,,,,,,,,,,
2022-01-02,47345.21875,,,,,,,,,,,,,,,,
2022-01-03,46458.1171875,45865.0,4.610000133514404,9.59000015258789,,96.23999786376953,15.229999542236328,32.88999938964844,321.85638427734375,29.992582321166992,390.7568054199219,22.739999771118164,22.23358154296875,14.4399995803833,16.600000381469727,96.23999786376953,-0.15320048854487384
2022-01-04,45897.57421875,46305.0,4.429999828338623,9.600000381469727,,96.29000091552734,13.460000038146973,34.130001068115234,316.33758544921875,29.16512680053711,385.68841552734375,24.3799991607666,22.250823974609375,13.699999809265137,16.90999984741211,96.29000091552734,0.10652217373620389
2022-01-05,43569.00390625,43830.0,4.090000152587891,8.569999694824219,,96.19000244140625,12.989999771118164,29.6200008392334,304.1940002441406,27.486316680908203,373.8396301269531,21.440000534057617,22.22496223449707,12.75,19.729999542236328,96.19000244140625,0.07188489164772296
2022-01-06,43160.9296875,43215.0,4.329999923706055,8.300000190734863,,96.25,12.510000228881836,29.299999237060547,301.7903137207031,28.057865142822266,373.5770263671875,20.479999542236328,22.24220085144043,13.390000343322754,19.610000610351562,96.25,0.015033127291229645
2022-01-07,41557.90234375,41870.0,3.9800000190734863,8.140000343322754,,95.73999786376953,11.989999771118164,28.489999771118164,301.9441833496094,27.130836486816406,369.53009033203125,20.360000610351562,22.12150764465332,12.90999984741211,18.760000228881836,95.73999786376953,0.09011936752778009
2022-01-08,41733.94140625,41870.0,3.9800000190734863,8.140000343322754,,95.73999786376953,11.989999771118164,28.489999771118164,301.9441833496094,27.130836486816406,369.53009033203125,20.360000610351562,22.12150764465332,12.90999984741211,18.760000228881836,95.73999786376953,0.03912170933262223
2022-01-09,41911.6015625,41870.0,3.9800000190734863,8.140000343322754,,95.73999786376953,11.989999771118164,28.489999771118164,301.9441833496094,27.130836486816406,369.53009033203125,20.360000610351562,22.12150764465332,12.90999984741211,18.760000228881836,95.73999786376953,-0.011911230575513753
2022-01-10,41821.26171875,41745.0,3.7899999618530273,8.020000457763672,,95.98999786376953,11.15999984741211,28.93000030517578,302.165283203125,27.28318214416504,369.77337646484375,20.09000015258789,22.173233032226562,12.510000228881836,19.399999618530273,95.98999786376953,-0.02188218593581334
2022-01-11,42735.85546875,42805.0,3.7300000190734863,8.260000228881836,,95.62000274658203,12.329999923706055,29.579999923706055,302.8479309082031,27.698408126831055,375.3280944824219,20.860000610351562,22.07840347290039,14.149999618530273,18.40999984741211,95.62000274658203,0.01941541513324173
2022-01-12,43949.1015625,43825.0,3.690000057220459,8.470000267028809,,95.0,12.40999984741211,30.360000610351562,306.01116943359375,27.879629135131836,376.8164367675781,21.1299991607666,21.931846618652344,15.539999961853027,17.6200008392334,95.0,-0.03388507835324421
2022-01-13,42591.5703125,42675.0,3.4000000953674316,8.170000076293945,,94.79000091552734,12.069999694824219,28.100000381469727,293.0599670410156,26.461694717407227,367.3899841308594,20.149999618530273,21.92322540283203,15.130000114440918,20.309999465942383,94.79000091552734,0.02350597178395593
2022-01-14,43099.69921875,43120.0,3.369999885559082,8.180000305175781,,95.16999816894531,12.34000015258789,28.59000015258789,298.2520446777344,26.827136993408203,369.6761169433594,20.68000030517578,21.983572006225586,15.0,19.190000534057617,95.16999816894531,0.005652229120290953
2022-01-15,43177.3984375,43120.0,3.369999885559082,8.180000305175781,,95.16999816894531,12.34000015258789,28.59000015258789,298.2520446777344,26.827136993408203,369.6761169433594,20.68000030517578,21.983572006225586,15.0,19.190000534057617,95.16999816894531,-0.015952356439377008
2022-01-16,43113.87890625,43120.0,3.369999885559082,8.180000305175781,,95.16999816894531,12.34000015258789,28.59000015258789,298.2520446777344,26.827136993408203,369.6761169433594,20.68000030517578,21.983572006225586,15.0,19.190000534057617,95.16999816894531,0.0017037002205188242
2022-01-17,42250.55078125,43120.0,3.369999885559082,8.180000305175781,,95.16999816894531,12.34000015258789,28.59000015258789,298.2520446777344,26.827136993408203,369.6761169433594,20.68000030517578,21.983572006225586,15.0,19.190000534057617,95.16999816894531,0.24694093762276215
2022-01-18,42375.6328125,41665.0,3.3399999141693115,7.429999828338623,,95.7300033569336,11.239999771118164,26.06999969482422,290.99285888671875,25.792564392089844,360.4733581542969,18.700000762939453,22.12150764465332,14.0,22.790000915527344,95.7300033569336,-0.20123814522681355
2022-01-19,41744.328125,41575.0,3.0799999237060547,7.130000114440918,,95.51000213623047,11.5600004196167,24.850000381469727,291.6466369628906,24.960126876831055,356.5139465332031,17.489999771118164,22.069782257080078,14.119999885559082,23.850000381469727,95.51000213623047,-0.048675774440913935
2022-01-20,40680.41796875,42675.0,3.25,6.960000038146973,,95.73999786376953,11.399999618530273,24.829999923706055,289.9833068847656,24.047039031982422,351.8834533691406,17.469999313354492,22.138748168945312,14.0,25.59000015258789,95.73999786376953,0.5883662354056058
2022-01-21,36457.31640625,38180.0,2.7699999809265137,6.400000095367432,,95.63999938964844,9.579999923706055,22.059999465942383,284.6278076171875,23.27435302734375,342.126220703125,14.994999885559082,22.07840347290039,12.569999694824219,28.850000381469727,95.63999938964844,0.5670248159421876
2022-01-22,35030.25,38180.0,2.7699999809265137,6.400000095367432,,95.63999938964844,9.579999923706055,22.059999465942383,284.6278076171875,23.27435302734375,342.126220703125,14.994999885559082,22.07840347290039,12.569999694824219,28.850000381469727,95.63999938964844,1.0789817372128376
2022-01-23,36276.8046875,38180.0,2.7699999809265137,6.400000095367432,,95.63999938964844,9.579999923706055,22.059999465942383,284.6278076171875,23.27435302734375,342.126220703125,14.994999885559082,22.07840347290039,12.569999694824219,28.850000381469727,95.63999938964844,0.629557755892141
2022-01-24,36654.328125,37220.0,2.799999952316284,6.590000152587891,,95.91999816894531,9.3100004196167,22.899999618530273,284.9546813964844,23.272357940673828,343.6923522949219,15.130000114440918,22.147371292114258,11.75,29.899999618530273,95.91999816894531,0.18519129519578392
2022-01-25,36954.00390625,36855.0,2.75,6.369999885559082,,95.94999694824219,9.550000190734863,22.18000030517578,277.37823486328125,22.228822708129883,335.7251281738281,14.640000343322754,22.15599250793457,11.140000343322754,31.15999984741211,95.94999694824219,-0.032149341056898754
2022-01-26,36852.12109375,37060.0,3.0,6.079999923706055,,96.48999786376953,10.75,21.459999084472656,285.2816162109375,22.674915313720703,335.1998291015625,14.329999923706055,22.27668571472168,10.899999618530273,31.959999084472656,96.48999786376953,0.06769072718104865
2022-01-27,37138.234375,35565.0,2.75,5.579999923706055,,97.26000213623047,10.149999618530273,19.790000915527344,288.2911071777344,21.850444793701172,331.82421875,13.449999809265137,22.466346740722656,11.039999961853027,30.489999771118164,97.26000213623047,-0.5083389885844567
2022-01-28,37784.33203125,37075.890625,2.7799999713897705,6.059999942779541,,97.2699966430664,11.0,21.969999313354492,296.3867492675781,22.742626190185547,342.23321533203125,14.699999809265137,22.457725524902344,11.050000190734863,27.65999984741211,97.2699966430664,-0.22499529349808
2022-01-29,38138.1796875,37075.890625,2.7799999713897705,6.059999942779541,,97.2699966430664,11.0,21.969999313354492,296.3867492675781,22.742626190185547,342.23321533203125,14.699999809265137,22.457725524902344,11.050000190734863,27.65999984741211,97.2699966430664,-0.33424428891078023
2022-01-30,37917.6015625,37075.890625,2.7799999713897705,6.059999942779541,,97.2699966430664,11.0,21.969999313354492,296.3867492675781,22.742626190185547,342.23321533203125,14.699999809265137,22.457725524902344,11.050000190734863,27.65999984741211,97.2699966430664,-0.2663810693129201
2022-01-31,38483.125,38485.0,3.0399999618530273,6.71999979019165,,96.54000091552734,13.170000076293945,23.540000915527344,299.0020446777344,24.381608963012695,353.1772766113281,15.9399995803833,22.302547454833984,11.680000305175781,24.829999923706055,96.54000091552734,0.0005846718529225472
2022-02-01,38743.2734375,38585.0,3.0399999618530273,7.230000019073486,,96.38999938964844,13.829999923706055,25.030000686645508,296.8675537109375,24.532960891723633,355.5801086425781,16.690000534057617,22.24220085144043,12.859999656677246,21.959999084472656,96.38999938964844,-0.049022219381227264
2022-02-02,36952.984375,37535.0,2.8499999046325684,6.710000038146973,,95.94000244140625,12.489999771118164,23.020000457763672,301.386474609375,25.13438606262207,358.4693603515625,15.569999694824219,22.15599250793457,12.819999694824219,22.09000015258789,95.94000244140625,0.18900198774540788
2022-02-03,37154.6015625,36265.0,2.630000114440918,6.300000190734863,,95.37999725341797,12.5,21.209999084472656,289.64678955078125,23.845895767211914,343.9356689453125,14.789999961853027,22.043916702270508,12.670000076293945,24.350000381469727,95.37999725341797,-0.2873188865191454
2022-02-04,41500.875,40640.0,2.7699999809265137,6.829999923706055,,95.4800033569336,13.149999618530273,23.510000228881836,294.1561584472656,24.215316772460938,348.27435302734375,16.56999969482422,22.026674270629883,12.609999656677246,23.219999313354492,95.4800033569336,-0.24892246247820077
2022-02-05,41441.1640625,40640.0,2.7699999809265137,6.829999923706055,,95.4800033569336,13.149999618530273,23.510000228881836,294.1561584472656,24.215316772460938,348.27435302734375,16.56999969482422,22.026674270629883,12.609999656677246,23.219999313354492,95.4800033569336,-0.23199079870200015
2022-02-06,42412.43359375,40640.0,2.7699999809265137,6.829999923706055,,95.4800033569336,13.149999618530273,23.510000228881836,294.1561584472656,24.215316772460938,348.27435302734375,16.56999969482422,22.026674270629883,12.609999656677246,23.219999313354492,95.4800033569336,-0.5014850911109775
2022-02-07,43840.28515625,44235.0,2.9000000953674316,7.079999923706055,,95.4000015258789,15.359999656677246,25.579999923706055,289.3583679199219,24.62257194519043,345.4726257324219,17.700000762939453,22.035297393798828,13.0,22.860000610351562,95.4000015258789,0.10804168148355987
2022-02-08,44118.4453125,44340.0,2.869999885559082,7.519999980926514,,95.63999938964844,14.359999656677246,26.329999923706055,292.8292541503906,25.000953674316406,349.3541564941406,18.290000915527344,22.069782257080078,13.0,21.440000534057617,95.63999938964844,0.060261784638334204
2022-02-09,44338.796875,44855.0,3.2300000190734863,8.34000015258789,,95.48999786376953,14.279999732971191,28.989999771118164,299.2231750488281,26.59114646911621,356.7572021484375,19.649999618530273,22.043916702270508,13.100000381469727,19.959999084472656,95.48999786376953,0.1397069369623034
2022-02-10,43565.11328125,44180.0,3.2300000190734863,9.3100004196167,,95.55000305175781,14.739999771118164,28.81999969482422,290.7333068847656,25.713905334472656,348.68292236328125,19.270000457763672,22.07840347290039,13.09000015258789,23.90999984741211,95.55000305175781,0.1693703991394347
2022-02-11,42407.9375,42390.0,3.130000114440918,8.699999809265137,,96.08000183105469,14.779999732971191,26.93000030517578,283.6759033203125,23.846891403198242,337.6220703125,18.3700008392334,22.173233032226562,13.0,27.360000610351562,96.08000183105469,-0.0050757007458804146
2022-02-12,42244.46875,42390.0,3.130000114440918,8.699999809265137,,96.08000183105469,14.779999732971191,26.93000030517578,283.6759033203125,23.846891403198242,337.6220703125,18.3700008392334,22.173233032226562,13.0,27.360000610351562,96.08000183105469,0.04133973160687457
2022-02-13,42197.515625,42390.0,3.130000114440918,8.699999809265137,,96.08000183105469,14.779999732971191,26.93000030517578,283.6759033203125,23.846891403198242,337.6220703125,18.3700008392334,22.173233032226562,13.0,27.360000610351562,96.08000183105469,0.0547381158769344
2022-02-14,42586.91796875,42205.0,3.069999933242798,8.609999656677246,,96.37000274658203,14.100000381469727,25.549999237060547,283.637451171875,24.163541793823242,338.0404052734375,17.920000076293945,22.23358154296875,12.420000076293945,28.329999923706055,96.37000274658203,-0.10761557406814429
2022-02-15,44575.203125,44215.0,3.25,10.210000038146973,,95.98999786376953,14.520000457763672,28.6299991607666,288.8968811035156,26.38204574584961,346.4454345703125,19.729999542236328,22.147371292114258,12.699999809265137,25.700000762939453,95.98999786376953,-0.09696955250834877
2022-02-16,43961.859375,44175.0,3.190000057220459,10.720000267028809,,95.69999694824219,14.779999732971191,28.399999618530273,288.5596618652344,26.397972106933594,346.3578796386719,19.59000015258789,22.104265213012695,12.449999809265137,24.290000915527344,95.69999694824219,0.05817969340610949
2022-02-17,40538.01171875,40900.0,3.0799999237060547,10.279999732971191,,95.80000305175781,13.59000015258789,25.719999313354492,280.1099853515625,24.40251922607422,336.0558776855469,17.760000228881836,22.112886428833008,11.5,28.110000610351562,95.80000305175781,0.1071552153356066
2022-02-18,40030.9765625,39945.0,2.809999942779541,8.930000305175781,,96.04000091552734,13.539999961853027,23.889999389648438,277.4122314453125,23.54120635986328,332.22308349609375,16.969999313354492,22.173233032226562,11.8100004196167,27.75,96.04000091552734,-0.02577300976880209
2022-02-19,40122.15625,39945.0,2.809999942779541,8.930000305175781,,96.04000091552734,13.539999961853027,23.889999389648438,277.4122314453125,23.54120635986328,332.22308349609375,16.969999313354492,22.173233032226562,11.8100004196167,27.75,96.04000091552734,-0.05298506358316672
2022-02-20,38431.37890625,39945.0,2.809999942779541,8.930000305175781,,96.04000091552734,13.539999961853027,23.889999389648438,277.4122314453125,23.54120635986328,332.22308349609375,16.969999313354492,22.173233032226562,11.8100004196167,27.75,96.04000091552734,0.47262038578704557
2022-02-21,37075.28125,39945.0,2.809999942779541,8.930000305175781,,96.04000091552734,13.539999961853027,23.889999389648438,277.4122314453125,23.54120635986328,332.22308349609375,16.969999313354492,22.173233032226562,11.8100004196167,27.75,96.04000091552734,0.9288297711834621
2022-02-22,38286.02734375,37915.0,2.619999885559082,8.75,,96.02999877929688,14.15999984741211,22.530000686645508,277.2099609375,23.2902774810791,328.8863220214844,15.949999809265137,22.181854248046875,11.739999771118164,28.809999465942383,96.02999877929688,-0.11629120161841026
2022-02-23,37296.5703125,37660.0,2.549999952316284,8.40999984741211,,96.19000244140625,13.390000343322754,21.040000915527344,270.0320739746094,22.29155158996582,320.4618835449219,15.069999694824219,22.20771598815918,11.25,31.020000457763672,96.19000244140625,0.11693183082140807
2022-02-24,38332.609375,38360.0,2.8299999237060547,9.479999542236328,,97.13999938964844,13.859999656677246,22.959999084472656,283.82904052734375,23.646751403808594,331.2308044433594,16.25,22.38875961303711,11.09000015258789,30.31999969482422,97.13999938964844,0.008574618460864953
2022-02-25,39214.21875,39202.08984375,2.890000104904175,9.479999542236328,,96.62000274658203,14.470000267028809,23.06999969482422,286.4495849609375,24.05400848388672,336.3672180175781,16.219999313354492,22.27668571472168,11.5,27.59000015258789,96.62000274658203,-0.003711584206940244
2022-02-26,39105.1484375,39202.08984375,2.890000104904175,9.479999542236328,,96.62000274658203,14.470000267028809,23.06999969482422,286.4495849609375,24.05400848388672,336.3672180175781,16.219999313354492,22.27668571472168,11.5,27.59000015258789,96.62000274658203,0.029747921219612426
2022-02-27,37709.78515625,39202.08984375,2.890000104904175,9.479999542236328,,96.62000274658203,14.470000267028809,23.06999969482422,286.4495849609375,24.05400848388672,336.3672180175781,16.219999313354492,22.27668571472168,11.5,27.59000015258789,96.62000274658203,0.474880887700629
2022-02-28,43193.234375,42000.0,3.049999952316284,10.600000381469727,,96.70999908447266,14.970000267028809,25.350000381469727,287.87554931640625,24.281034469604492,337.3691711425781,17.229999542236328,22.311168670654297,11.680000305175781,30.149999618530273,96.70999908447266,-0.3315059107564227
2022-03-01,44354.63671875,44240.0,3.0199999809265137,10.680000305175781,,97.41000366210938,15.109999656677246,26.079999923706055,284.17584228515625,23.37690544128418,332.2035217285156,17.5,22.48358917236328,11.09000015258789,33.31999969482422,97.41000366210938,-0.031014584421530763
2022-03-02,43924.1171875,43925.0,2.9200000762939453,10.949999809265137,,97.38999938964844,15.40999984741211,26.8799991607666,289.2244567871094,24.120847702026367,337.77777099609375,17.729999542236328,22.466346740722656,9.289999961853027,30.739999771118164,97.38999938964844,0.00024118299190347274
2022-03-03,42451.7890625,42080.0,2.640000104904175,10.079999923706055,,97.79000091552734,14.720000267028809,24.65999984741211,285.1103820800781,23.616920471191406,332.95263671875,15.970000267028809,22.55255889892578,7.5,30.479999542236328,97.79000091552734,-0.10509495238072453
2022-03-04,39137.60546875,39545.0,2.6600000858306885,9.329999923706055,,98.6500015258789,14.420000076293945,22.81999969482422,279.2717590332031,22.84210968017578,328.1274719238281,14.920000076293945,22.724979400634766,6.0,31.979999542236328,98.6500015258789,0.12491143278817818
2022-03-05,39400.5859375,39545.0,2.6600000858306885,9.329999923706055,,98.6500015258789,14.420000076293945,22.81999969482422,279.2717590332031,22.84210968017578,328.1274719238281,14.920000076293945,22.724979400634766,6.0,31.979999542236328,98.6500015258789,0.043983324327941664
2022-03-06,38419.984375,39545.0,2.6600000858306885,9.329999923706055,,98.6500015258789,14.420000076293945,22.81999969482422,279.2717590332031,22.84210968017578,328.1274719238281,14.920000076293945,22.724979400634766,6.0,31.979999542236328,98.6500015258789,0.3513845130240244
2022-03-07,38062.0390625,37540.0,2.930000066757202,9.100000381469727,,99.29000091552734,14.479999542236328,21.479999542236328,268.7217102050781,21.26459312438965,316.0257873535156,14.949999809265137,22.888776779174805,4.96999979019165,36.45000076293945,99.29000091552734,-0.1645857369783419
2022-03-08,38737.26953125,38505.0,2.9600000381469727,10.100000381469727,,99.05999755859375,14.989999771118164,22.350000381469727,265.7735290527344,21.425926208496094,314.556884765625,15.100000381469727,22.845672607421875,5.190000057220459,35.130001068115234,99.05999755859375,-0.07195226738300414
2022-03-09,41982.92578125,41920.0,3.200000047683716,11.1899995803833,,97.97000122070312,16.43000030517578,25.68000030517578,277.9613952636719,22.91978645324707,325.8802795410156,16.84000015258789,22.621524810791016,5.829999923706055,32.45000076293945,97.97000122070312,-0.017986106517074604
2022-03-10,39437.4609375,39630.0,3.0299999713897705,11.09000015258789,,98.51000213623047,17.780000686645508,24.75,275.15777587890625,22.56524658203125,322.2615661621094,16.510000228881836,22.733598709106445,6.369999885559082,30.229999542236328,98.51000213623047,0.05858563647547195
2022-03-11,38794.97265625,38325.0,2.890000104904175,9.930000305175781,,99.12000274658203,17.329999923706055,22.489999771118164,269.83941650390625,22.009531021118164,315.5783386230469,15.140000343322754,22.854293823242188,9.510000228881836,30.75,99.12000274658203,-0.1453712037632131
2022-03-12,38904.01171875,38325.0,2.890000104904175,9.930000305175781,,99.12000274658203,17.329999923706055,22.489999771118164,269.83941650390625,22.009531021118164,315.5783386230469,15.140000343322754,22.854293823242188,9.510000228881836,30.75,99.12000274658203,-0.1785970216961277
2022-03-13,37849.6640625,38325.0,2.890000104904175,9.930000305175781,,99.12000274658203,17.329999923706055,22.489999771118164,269.83941650390625,22.009531021118164,315.5783386230469,15.140000343322754,22.854293823242188,9.510000228881836,30.75,99.12000274658203,0.15070229528539822
2022-03-14,39666.75390625,38830.0,2.6600000858306885,9.550000190734863,,99.05999755859375,15.34000015258789,21.40999984741211,266.34197998046875,21.242679595947266,309.5177917480469,14.15999984741211,22.845672607421875,7.949999809265137,31.770000457763672,99.05999755859375,-0.2531350787798622
2022-03-15,39338.78515625,39760.0,2.7100000381469727,9.670000076293945,,99.06999969482422,14.09000015258789,22.40999984741211,276.6607666015625,22.87895393371582,319.2263488769531,14.90999984741211,22.819808959960938,7.809999942779541,29.829999923706055,99.06999969482422,0.12848841429453617
2022-03-16,41143.9296875,40920.0,2.9600000381469727,10.260000228881836,,98.37999725341797,14.640000343322754,24.229999542236328,283.63629150390625,24.395721435546875,331.0654296875,16.389999389648438,22.656007766723633,7.409999847412109,26.670000076293945,98.37999725341797,-0.06531112293866254
2022-03-17,40951.37890625,40885.0,3.109999895095825,11.180000305175781,,98.01000213623047,14.460000038146973,26.65999984741211,284.4359436035156,24.664615631103516,335.07330322265625,18.43000030517578,22.604284286499023,7.710000038146973,25.670000076293945,98.01000213623047,-0.019451039165824795
2022-03-18,41801.15625,42095.0,3.359999895095825,11.960000038146973,,98.2300033569336,13.170000076293945,27.920000076293945,289.4555969238281,26.344707489013672,341.9316101074219,19.530000686645508,22.63014793395996,7.480000019073486,23.8700008392334,98.2300033569336,0.08435472403948156
2022-03-19,42190.65234375,42095.0,3.359999895095825,11.960000038146973,,98.2300033569336,13.170000076293945,27.920000076293945,289.4555969238281,26.344707489013672,341.9316101074219,19.530000686645508,22.63014793395996,7.480000019073486,23.8700008392334,98.2300033569336,-0.027205744904061333
2022-03-20,41247.82421875,42095.0,3.359999895095825,11.960000038146973,,98.2300033569336,13.170000076293945,27.920000076293945,289.4555969238281,26.344707489013672,341.9316101074219,19.530000686645508,22.63014793395996,7.480000019073486,23.8700008392334,98.2300033569336,0.2464641364132559
2022-03-21,41077.99609375,41220.0,3.5,11.880000114440918,,98.5,13.069999694824219,27.6299991607666,288.2319641113281,26.62455940246582,340.98101806640625,19.6200008392334,22.716358184814453,8.470000267028809,23.530000686645508,98.5,0.04148320358936082
2022-03-22,42358.80859375,42390.0,3.559999942779541,12.640000343322754,,98.48999786376953,14.170000076293945,29.440000534057617,292.9530029296875,26.41541862487793,347.68218994140625,20.75,22.707735061645508,8.350000381469727,22.940000534057617,98.48999786376953,0.008836340950704338
2022-03-23,42892.95703125,42250.0,3.6600000858306885,12.479999542236328,,98.62000274658203,14.430000305175781,29.25,288.5499572753906,25.52906036376953,342.6854553222656,20.84000015258789,22.733598709106445,8.3100004196167,23.56999969482422,98.62000274658203,-0.17987765146102713
2022-03-24,43960.93359375,43965.0,3.7100000381469727,13.140000343322754,,98.79000091552734,13.819999694824219,30.329999923706055,292.9916076660156,28.034759521484375,350.30230712890625,21.540000915527344,22.75946044921875,9.279999732971191,21.670000076293945,98.79000091552734,0.0011100054300697913
2022-03-25,44348.73046875,44504.0,3.619999885559082,12.680000305175781,,98.80999755859375,14.390000343322754,28.889999389648438,292.58697509765625,27.57863426208496,350.01007080078125,20.760000228881836,22.768083572387695,9.050000190734863,20.809999465942383,98.80999755859375,0.04201325168288445
2022-03-26,44500.828125,44504.0,3.619999885559082,12.680000305175781,,98.80999755859375,14.390000343322754,28.889999389648438,292.58697509765625,27.57863426208496,350.01007080078125,20.760000228881836,22.768083572387695,9.050000190734863,20.809999465942383,98.80999755859375,0.0008553211615092838
2022-03-27,46820.4921875,44504.0,3.619999885559082,12.680000305175781,,98.80999755859375,14.390000343322754,28.889999389648438,292.58697509765625,27.57863426208496,350.01007080078125,20.760000228881836,22.768083572387695,9.050000190734863,20.809999465942383,98.80999755859375,-0.5937123885558256
2022-03-28,47128.00390625,48190.0,3.8499999046325684,13.420000076293945,,99.08999633789062,13.859999656677246,31.270000457763672,299.35052490234375,28.103477478027344,355.4255676269531,22.860000610351562,22.837051391601562,9.220000267028809,19.6299991607666,99.08999633789062,0.27041147658939846
2022-03-29,47465.73046875,47930.0,3.759999990463257,13.09000015258789,,98.4000015258789,15.609999656677246,31.139999389648438,303.8884582519531,28.53868865966797,361.5423583984375,23.0,22.699115753173828,9.0,18.899999618530273,98.4000015258789,0.11737382570500904
2022-03-30,47062.6640625,47240.0,3.6700000762939453,12.449999809265137,,97.79000091552734,15.899999618530273,29.559999465942383,302.3950500488281,27.576642990112305,357.5489501953125,22.040000915527344,22.57842254638672,8.479999542236328,19.329999923706055,97.79000091552734,0.0452169738452107
2022-03-31,45538.67578125,45735.0,3.640000104904175,12.369999885559082,,98.30999755859375,15.670000076293945,27.950000762939453,297.0477600097656,27.174299240112305,353.1172180175781,21.170000076293945,22.673250198364258,8.399999618530273,20.559999465942383,98.30999755859375,0.05173384128069024
2022-04-01,46281.64453125,46550.0,3.619999885559082,12.739999771118164,,98.62999725341797,15.800000190734863,28.540000915527344,298.1172790527344,26.60264778137207,352.4450378417969,20.729999542236328,22.707735061645508,8.210000038146973,19.6299991607666,98.62999725341797,0.06957975797134072
2022-04-02,45868.94921875,46550.0,3.619999885559082,12.739999771118164,,98.62999725341797,15.800000190734863,28.540000915527344,298.1172790527344,26.60264778137207,352.4450378417969,20.729999542236328,22.707735061645508,8.210000038146973,19.6299991607666,98.62999725341797,0.17817302367282606
2022-04-03,46453.56640625,46550.0,3.619999885559082,12.739999771118164,,98.62999725341797,15.800000190734863,28.540000915527344,298.1172790527344,26.60264778137207,352.4450378417969,20.729999542236328,22.707735061645508,8.210000038146973,19.6299991607666,98.62999725341797,0.024910964098642522
2022-04-04,46622.67578125,46085.0,3.7100000381469727,13.229999542236328,,98.98999786376953,15.65999984741211,28.920000076293945,303.4644775390625,27.24799919128418,359.7013854980469,20.690000534057617,22.811185836791992,8.75,18.56999969482422,98.98999786376953,-0.1383899415227217
2022-04-05,45555.9921875,46140.0,3.680000066757202,12.010000228881836,,99.47000122070312,15.1899995803833,26.260000228881836,299.5238952636719,25.824840545654297,351.7146301269531,19.229999542236328,22.931882858276367,8.09000015258789,21.030000686645508,99.47000122070312,0.15383472982337842
2022-04-06,43206.73828125,43775.0,3.5399999618530273,11.199999809265137,,99.5999984741211,14.279999732971191,24.190000534057617,288.5596618652344,24.307085037231445,344.07843017578125,17.65999984741211,22.94912338256836,7.920000076293945,22.100000381469727,99.5999984741211,0.15782585995294246
2022-04-07,43503.84765625,43380.0,3.559999942779541,11.140000343322754,,99.75,14.010000228881836,23.770000457763672,290.3612976074219,24.10890007019043,344.8965148925781,17.420000076293945,22.992229461669922,8.09000015258789,21.549999237060547,99.75,-0.034161849010302156
2022-04-08,42287.6640625,42715.0,3.4600000381469727,10.40999984741211,,99.80000305175781,13.670000076293945,22.68000030517578,286.1220397949219,23.024356842041016,340.0751647949219,16.68000030517578,22.992229461669922,7.880000114440918,21.15999984741211,99.80000305175781,0.12126541779231201
2022-04-09,42782.13671875,42715.0,3.4600000381469727,10.40999984741211,,99.80000305175781,13.670000076293945,22.68000030517578,286.1220397949219,23.024356842041016,340.0751647949219,16.68000030517578,22.992229461669922,7.880000114440918,21.15999984741211,99.80000305175781,-0.01883123861475844
2022-04-10,42207.671875,42715.0,3.4600000381469727,10.40999984741211,,99.80000305175781,13.670000076293945,22.68000030517578,286.1220397949219,23.024356842041016,340.0751647949219,16.68000030517578,22.992229461669922,7.880000114440918,21.15999984741211,99.80000305175781,0.14423769967767264
2022-04-11,39521.90234375,39955.0,3.430000066757202,10.010000228881836,,99.93000030517578,13.0600004196167,21.920000076293945,274.83984375,21.827274322509766,332.02996826171875,15.90999984741211,23.043954849243164,7.880000114440918,24.3700008392334,99.93000030517578,0.13150105553615593
2022-04-12,40127.18359375,39290.0,3.4700000286102295,9.770000457763672,,100.29000091552734,12.84000015258789,21.15999984741211,271.75665283203125,21.415966033935547,330.6273498535156,15.470000267028809,23.121543884277344,5.510000228881836,24.260000228881836,100.29000091552734,-0.2503590390670913
2022-04-13,41166.73046875,41120.0,3.619999885559082,10.130000114440918,,99.87999725341797,13.149999618530273,22.299999237060547,277.11358642578125,22.11210823059082,337.34808349609375,16.010000228881836,23.02671241760254,5.900000095367432,21.81999969482422,99.87999725341797,-0.013621815932787808
2022-04-14,39935.515625,39825.0,3.390000104904175,9.609999656677246,,100.31999969482422,12.34000015258789,21.229999542236328,269.6081848144531,21.170974731445312,329.6338806152344,14.970000267028809,23.130163192749023,5.679999828338623,22.700000762939453,100.31999969482422,-0.03320822278728247
2022-04-15,40553.46484375,39825.0,3.390000104904175,9.609999656677246,,100.31999969482422,12.34000015258789,21.229999542236328,269.6081848144531,21.170974731445312,329.6338806152344,14.970000267028809,23.130163192749023,5.679999828338623,22.700000762939453,100.31999969482422,-0.21555687433073256
2022-04-16,40424.484375,39825.0,3.390000104904175,9.609999656677246,,100.31999969482422,12.34000015258789,21.229999542236328,269.6081848144531,21.170974731445312,329.6338806152344,14.970000267028809,23.130163192749023,5.679999828338623,22.700000762939453,100.31999969482422,-0.17795681531188362
2022-04-17,39716.953125,39825.0,3.390000104904175,9.609999656677246,,100.31999969482422,12.34000015258789,21.229999542236328,269.6081848144531,21.170974731445312,329.6338806152344,14.970000267028809,23.130163192749023,5.679999828338623,22.700000762939453,100.31999969482422,0.032645064587894415
2022-04-18,40826.21484375,40700.0,3.2899999618530273,9.319999694824219,,100.77999877929688,11.180000305175781,20.899999618530273,270.27294921875,21.69382095336914,329.8871154785156,14.789999961853027,23.22499656677246,5.980000019073486,22.170000076293945,100.77999877929688,-0.037098176522035904
2022-04-19,41502.75,41520.0,3.430000066757202,9.510000228881836,,100.95999908447266,11.199999809265137,21.5,274.8782958984375,22.107126235961914,337.2603454589844,14.880000114440918,23.276721954345703,5.829999923706055,21.3700008392334,100.95999908447266,0.004987621302202866
2022-04-20,41374.37890625,41235.0,3.3299999237060547,9.010000228881836,,100.38999938964844,11.109999656677246,20.719999313354492,275.89959716796875,21.394058227539062,332.3415832519531,13.949999809265137,23.1129207611084,5.369999885559082,20.31999969482422,100.38999938964844,-0.04042470048408015
2022-04-21,40527.36328125,41245.0,3.2200000286102295,8.470000267028809,,100.58000183105469,10.569999694824219,19.31999969482422,270.5523681640625,20.10037612915039,325.465087890625,12.800000190734863,23.1818904876709,4.940000057220459,22.68000030517578,100.58000183105469,0.21248953614962113
2022-04-22,39740.3203125,39455.0,3.2200000286102295,7.920000076293945,,101.22000122070312,10.670000076293945,18.149999618530273,264.02001953125,19.43511199951172,316.9424743652344,11.850000381469727,23.319828033447266,4.510000228881836,28.209999084472656,101.22000122070312,-0.08615541402475957
2022-04-23,39486.73046875,39455.0,3.2200000286102295,7.920000076293945,,101.22000122070312,10.670000076293945,18.149999618530273,264.02001953125,19.43511199951172,316.9424743652344,11.850000381469727,23.319828033447266,4.510000228881836,28.209999084472656,101.22000122070312,-0.009642875479430739
2022-04-24,39469.29296875,39455.0,3.2200000286102295,7.920000076293945,,101.22000122070312,10.670000076293945,18.149999618530273,264.02001953125,19.43511199951172,316.9424743652344,11.850000381469727,23.319828033447266,4.510000228881836,28.209999084472656,101.22000122070312,-0.004345545919350476
2022-04-25,40458.30859375,40210.0,3.3499999046325684,7.880000114440918,,101.75,11.25,18.719999313354492,270.4656066894531,19.820528030395508,321.01385498046875,12.039999961853027,23.431901931762695,3.9800000190734863,27.020000457763672,101.75,-0.0736487319556484
2022-04-26,38117.4609375,38220.0,2.9700000286102295,7.039999961853027,,102.30000305175781,10.09000015258789,17.100000381469727,260.34918212890625,18.711091995239258,308.8971862792969,11.079999923706055,23.578458786010742,3.450000047683716,33.52000045776367,102.30000305175781,0.0322809735941636
2022-04-27,39241.12109375,38900.0,2.9700000286102295,6.789999961853027,,102.94999694824219,10.0,16.719999313354492,272.87432861328125,18.339618682861328,308.527099609375,10.979999542236328,23.72501564025879,3.3299999237060547,31.600000381469727,102.94999694824219,-0.1043153969842103
2022-04-28,39773.828125,39920.0,3.0199999809265137,7.039999961853027,,103.62000274658203,9.850000381469727,16.860000610351562,279.0501708984375,19.70101547241211,319.48455810546875,10.9399995803833,23.862951278686523,3.559999942779541,29.989999771118164,103.62000274658203,0.044100922206617495
2022-04-29,38609.82421875,38997.33984375,3.0299999713897705,6.489999771118164,,102.95999908447266,8.6899995803833,15.600000381469727,267.3824768066406,18.471071243286133,305.1083068847656,10.140000343322754,23.76811981201172,3.7899999618530273,33.400001525878906,102.95999908447266,0.12044052502424345
2022-04-30,37714.875,38997.33984375,3.0299999713897705,6.489999771118164,,102.95999908447266,8.6899995803833,15.600000381469727,267.3824768066406,18.471071243286133,305.1083068847656,10.140000343322754,23.76811981201172,3.7899999618530273,33.400001525878906,102.95999908447266,0.4080506199476997
2022-05-01,38469.09375,38997.33984375,3.0299999713897705,6.489999771118164,,102.95999908447266,8.6899995803833,15.600000381469727,267.3824768066406,18.471071243286133,305.1083068847656,10.140000343322754,23.76811981201172,3.7899999618530273,33.400001525878906,102.95999908447266,0.1647804121977789
2022-05-02,38529.328125,38540.0,3.1700000762939453,6.800000190734863,,103.73999786376953,8.989999771118164,16.65999984741211,274.0787048339844,19.453041076660156,310.202392578125,10.970000267028809,23.888813018798828,4.110000133514404,32.34000015258789,103.73999786376953,0.003323766757222684
2022-05-03,37750.453125,37635.0,3.180000066757202,6.949999809265137,,103.47000122070312,9.5,16.780000686645508,271.4869079589844,19.521753311157227,310.53350830078125,10.84000015258789,23.84571075439453,4.03000020980835,29.25,103.47000122070312,-0.03669989060561773
2022-05-04,39698.37109375,39900.0,3.2699999809265137,7.710000038146973,,102.58999633789062,10.130000114440918,17.760000228881836,279.38739013671875,20.250757217407227,321.0333251953125,11.569999694824219,23.64742660522461,4.0,25.420000076293945,102.58999633789062,0.06094826584410983
2022-05-05,36575.140625,36270.0,2.9200000762939453,6.900000095367432,,103.75,9.8100004196167,15.899999618530273,267.2187194824219,18.766857147216797,304.86474609375,10.1899995803833,23.84571075439453,3.440000057220459,31.200000762939453,103.75,-0.10011410584972974
2022-05-06,36040.921875,35925.0,2.930000066757202,6.539999961853027,,103.66000366210938,9.489999771118164,14.949999809265137,264.69451904296875,18.598546981811523,301.2122497558594,9.489999771118164,23.888813018798828,3.2899999618530273,30.190000534057617,103.66000366210938,-0.03859675134905244
2022-05-07,35501.953125,35925.0,2.930000066757202,6.539999961853027,,103.66000366210938,9.489999771118164,14.949999809265137,264.69451904296875,18.598546981811523,301.2122497558594,9.489999771118164,23.888813018798828,3.2899999618530273,30.190000534057617,103.66000366210938,0.14299389338174615
2022-05-08,34059.265625,35925.0,2.930000066757202,6.539999961853027,,103.66000366210938,9.489999771118164,14.949999809265137,264.69451904296875,18.598546981811523,301.2122497558594,9.489999771118164,23.888813018798828,3.2899999618530273,30.190000534057617,103.66000366210938,0.6573486565008696
2022-05-09,30296.953125,30930.0,3.2300000190734863,5.639999866485596,,103.6500015258789,8.520000457763672,12.079999923706055,254.91514587402344,16.8806095123291,289.42669677734375,7.670000076293945,23.89743423461914,3.0,34.75,103.6500015258789,0.25073684699111143
2022-05-10,31022.90625,31280.0,1.7200000286102295,5.699999809265137,,103.91999816894531,7.679999828338623,11.800000190734863,259.655517578125,17.522974014282227,292.9429626464844,7.53000020980835,23.94916343688965,2.940000057220459,32.9900016784668,103.91999816894531,0.09944667901641227
2022-05-11,28936.35546875,29195.0,1.6299999952316284,5.019999980926514,,103.8499984741211,6.889999866485596,9.979999542236328,251.03244018554688,16.56192398071289,284.2547607421875,6.840000152587891,23.975025177001953,2.6500000953674316,32.560001373291016,103.8499984741211,0.10726072184010518
2022-05-12,29047.751953125,28585.0,1.659999966621399,5.139999866485596,,104.8499984741211,6.599999904632568,10.149999618530273,246.02236938476562,16.10878562927246,283.58270263671875,7.309999942779541,24.181928634643555,3.109999895095825,31.770000457763672,104.8499984741211,-0.19116878464333614
2022-05-13,29283.103515625,30035.0,1.940000057220459,6.320000171661377,,104.55999755859375,7.710000038146973,11.390000343322754,251.5815887451172,17.633512496948242,294.0922546386719,7.96999979019165,24.112960815429688,3.369999885559082,28.8700008392334,104.55999755859375,0.30812163771116674
2022-05-14,30101.265625,30035.0,1.940000057220459,6.320000171661377,,104.55999755859375,7.710000038146973,11.390000343322754,251.5815887451172,17.633512496948242,294.0922546386719,7.96999979019165,24.112960815429688,3.369999885559082,28.8700008392334,104.55999755859375,-0.0264170786008271
2022-05-15,31305.11328125,30035.0,1.940000057220459,6.320000171661377,,104.55999755859375,7.710000038146973,11.390000343322754,251.5815887451172,17.633512496948242,294.0922546386719,7.96999979019165,24.112960815429688,3.369999885559082,28.8700008392334,104.55999755859375,-0.4868648529736743
2022-05-16,29862.91796875,29505.0,1.75,5.900000095367432,,104.19000244140625,4.900000095367432,10.319999694824219,251.9477081298828,17.193321228027344,290.6831359863281,7.190000057220459,24.018131256103516,3.299999952316284,27.469999313354492,104.19000244140625,-0.14382437876615112
2022-05-17,30425.857421875,30000.0,1.8899999856948853,6.25,,103.36000061035156,5.920000076293945,11.09000015258789,257.0733642578125,18.102588653564453,298.2123107910156,7.619999885559082,23.819847106933594,3.319999933242798,26.100000381469727,103.36000061035156,-0.16795875270308414
2022-05-18,28720.271484375,29185.0,1.8200000524520874,5.75,,103.80999755859375,5.599999904632568,10.15999984741211,245.36891174316406,16.86865997314453,283.5729675292969,6.929999828338623,23.940542221069336,3.2200000286102295,30.959999084472656,103.80999755859375,0.1941744245187228
2022-05-19,30314.333984375,29945.0,1.9700000286102295,5.849999904632568,,102.72000122070312,6.739999771118164,10.350000381469727,244.4611358642578,17.05390167236328,282.0535583496094,7.130000114440918,23.690532684326172,3.190000057220459,29.350000381469727,102.72000122070312,-0.14620172142935423
2022-05-20,29200.740234375,29260.0,1.9299999475479126,5.650000095367432,,103.1500015258789,6.25,9.770000457763672,243.90103149414062,16.62565803527832,281.1768798828125,6.840000152587891,23.742258071899414,3.009999990463257,29.43000030517578,103.1500015258789,0.0243527109858289
2022-05-21,29432.2265625,29260.0,1.9299999475479126,5.650000095367432,,103.1500015258789,6.25,9.770000457763672,243.90103149414062,16.62565803527832,281.1768798828125,6.840000152587891,23.742258071899414,3.009999990463257,29.43000030517578,103.1500015258789,-0.07021958551492107
2022-05-22,30323.72265625,29260.0,1.9299999475479126,5.650000095367432,,103.1500015258789,6.25,9.770000457763672,243.90103149414062,16.62565803527832,281.1768798828125,6.840000152587891,23.742258071899414,3.009999990463257,29.43000030517578,103.1500015258789,-0.42094672938743166
2022-05-23,29098.91015625,29015.0,1.9700000286102295,5.460000038146973,,102.08000183105469,5.739999771118164,9.930000305175781,251.7136688232422,16.828824996948242,285.8520812988281,6.860000133514404,23.526735305786133,2.9700000286102295,28.479999542236328,102.08000183105469,-0.034603422244792514
2022-05-24,29655.5859375,29305.0,1.9199999570846558,5.170000076293945,,101.86000061035156,5.070000171661377,9.0,250.71893310546875,16.087867736816406,279.7742614746094,6.269999980926514,23.457763671875,2.869999885559082,29.450000762939453,101.86000061035156,-0.1418630290720419
2022-05-25,29562.361328125,29535.0,1.9800000190734863,5.269999980926514,,102.05999755859375,5.320000171661377,9.270000457763672,253.51950073242188,16.905513763427734,283.6898193359375,6.429999828338623,23.543973922729492,2.930000066757202,28.3700008392334,102.05999755859375,-0.011106553155739565
2022-05-26,29267.224609375,29315.0,2.140000104904175,5.639999866485596,,101.83000183105469,5.699999809265137,9.850000381469727,256.7836608886719,17.777923583984375,291.5500183105469,6.730000019073486,23.466386795043945,3.2899999618530273,27.5,101.83000183105469,0.01958862499440267
2022-05-27,28627.57421875,29042.23046875,2.259999990463257,5.889999866485596,,101.66999816894531,5.769999980926514,10.270000457763672,263.8719787597656,18.733997344970703,301.06610107421875,7.239999771118164,23.41465950012207,3.299999952316284,25.719999313354492,101.66999816894531,0.17381406339140626
2022-05-28,28814.900390625,29042.23046875,2.259999990463257,5.889999866485596,,101.66999816894531,5.769999980926514,10.270000457763672,263.8719787597656,18.733997344970703,301.06610107421875,7.239999771118164,23.41465950012207,3.299999952316284,25.719999313354492,101.66999816894531,0.09467188504970674
2022-05-29,29445.95703125,29042.23046875,2.259999990463257,5.889999866485596,,101.66999816894531,5.769999980926514,10.270000457763672,263.8719787597656,18.733997344970703,301.06610107421875,7.239999771118164,23.41465950012207,3.299999952316284,25.719999313354492,101.66999816894531,-0.16452916591770012
2022-05-30,31726.390625,29042.23046875,2.259999990463257,5.889999866485596,,101.66999816894531,5.769999980926514,10.270000457763672,263.8719787597656,18.733997344970703,301.06610107421875,7.239999771118164,23.41465950012207,3.299999952316284,25.719999313354492,101.66999816894531,-1.0152406637021918
2022-05-31,31792.310546875,31650.0,2.430000066757202,5.889999866485596,,101.75,5.940000057220459,10.229999542236328,262.54901123046875,18.595565795898438,300.2674865722656,7.190000057220459,23.457763671875,3.190000057220459,26.190000534057617,101.75,-0.053715081827164
2022-06-01,29799.080078125,30035.0,2.25,5.559999942779541,,102.55000305175781,5.730000019073486,9.220000267028809,263.0801696777344,18.2450008392334,298.0466613769531,6.519999980926514,23.63880729675293,3.0399999618530273,25.690000534057617,102.55000305175781,0.09500424358999651
2022-06-02,30467.48828125,30290.0,2.515000104904175,5.849999904632568,,101.7699966430664,5.960000038146973,9.34000015258789,265.166015625,19.51179313659668,306.20892333984375,6.869999885559082,23.431901931762695,3.369999885559082,24.719999313354492,101.7699966430664,-0.06990597174729159
2022-06-03,29704.390625,29535.0,2.299999952316284,5.570000171661377,,102.13999938964844,5.400000095367432,8.800000190734863,260.7623596191406,18.64336395263672,298.2415466308594,6.210000038146973,23.53535270690918,3.490000009536743,24.790000915527344,102.13999938964844,-0.06843054030838244
2022-06-04,29832.9140625,29535.0,2.299999952316284,5.570000171661377,,102.13999938964844,5.400000095367432,8.800000190734863,260.7623596191406,18.64336395263672,298.2415466308594,6.210000038146973,23.53535270690918,3.490000009536743,24.790000915527344,102.13999938964844,-0.11983303885468363
2022-06-05,29906.662109375,29535.0,2.299999952316284,5.570000171661377,,102.13999938964844,5.400000095367432,8.800000190734863,260.7623596191406,18.64336395263672,298.2415466308594,6.210000038146973,23.53535270690918,3.490000009536743,24.790000915527344,102.13999938964844,-0.14912882274153616
2022-06-06,31370.671875,31490.0,2.049999952316284,5.760000228881836,,102.44000244140625,5.510000228881836,8.930000305175781,259.5359802246094,18.709095001220703,299.2349853515625,6.369999885559082,23.587080001831055,2.9600000381469727,25.06999969482422,102.44000244140625,0.04564573897893285
2022-06-07,31155.478515625,31045.0,1.8899999856948853,5.550000190734863,,102.31999969482422,5.25,8.6899995803833,263.1573791503906,18.84852409362793,301.816162109375,6.170000076293945,23.561216354370117,2.8299999237060547,24.020000457763672,102.31999969482422,-0.0425524578874665
2022-06-08,30214.35546875,30080.0,1.909999966621399,5.460000038146973,,102.54000091552734,5.329999923706055,8.529999732971191,261.1390686035156,18.57558822631836,299.64410400390625,5.96999979019165,23.630186080932617,2.680000066757202,23.959999084472656,102.54000091552734,-0.053360914041920525
2022-06-09,30111.998046875,29945.0,1.7100000381469727,5.110000133514404,,103.22000122070312,4.909999847412109,7.659999847412109,255.71170043945312,17.977914810180664,291.6182861328125,5.46999979019165,23.8026065826416,2.4700000286102295,26.09000015258789,103.22000122070312,-0.06655076688635649
2022-06-10,29083.8046875,28920.0,1.6399999856948853,4.900000095367432,,104.1500015258789,4.820000171661377,7.539999961853027,244.31629943847656,16.908090591430664,281.3326721191406,5.170000076293945,23.992267608642578,2.430000066757202,27.75,104.1500015258789,-0.06758593901728491
2022-06-11,28360.810546875,28920.0,1.6399999856948853,4.900000095367432,,104.1500015258789,4.820000171661377,7.539999961853027,244.31629943847656,16.908090591430664,281.3326721191406,5.170000076293945,23.992267608642578,2.430000066757202,27.75,104.1500015258789,0.2366037256378551
2022-06-12,26762.6484375,28920.0,1.6399999856948853,4.900000095367432,,104.1500015258789,4.820000171661377,7.539999961853027,244.31629943847656,16.908090591430664,281.3326721191406,5.170000076293945,23.992267608642578,2.430000066757202,27.75,104.1500015258789,0.9673264890228599
2022-06-13,22487.388671875,23110.0,1.4800000190734863,4.460000038146973,,105.08000183105469,4.059999942779541,6.650000095367432,233.9541473388672,15.586241722106934,268.2518005371094,4.650000095367432,24.225034713745117,2.009999990463257,34.02000045776367,105.08000183105469,0.3322455998123254
2022-06-14,22206.79296875,22125.0,1.5,4.429999828338623,,105.5199966430664,3.869999885559082,6.940000057220459,236.10772705078125,15.774506568908691,268.7388000488281,4.889999866485596,24.27676010131836,1.899999976158142,32.689998626708984,105.5199966430664,-0.04419889114025674
2022-06-15,22572.83984375,21625.0,1.6100000143051147,4.409999847412109,,105.16000366210938,3.880000114440918,6.869999885559082,243.12844848632812,16.46282386779785,275.4497375488281,4.860000133514404,24.087099075317383,2.0,29.6200008392334,105.16000366210938,-0.5038833484724019
2022-06-16,20381.650390625,20790.0,1.4299999475479126,4.449999809265137,,103.62999725341797,3.819999933242798,6.570000171661377,236.57122802734375,15.54041862487793,264.3363037109375,4.53000020980835,23.854331970214844,1.8899999856948853,32.95000076293945,103.62999725341797,0.24042190983483633
2022-06-17,20471.482421875,20470.0,1.8200000524520874,4.650000095367432,,104.69999694824219,3.740000009536743,6.610000133514404,239.15936279296875,15.81833553314209,267.5504455566406,4.650000095367432,24.095720291137695,2.0799999237060547,31.1299991607666,104.69999694824219,-0.0008689679688751473
2022-06-18,19017.642578125,20470.0,1.8200000524520874,4.650000095367432,,104.69999694824219,3.740000009536743,6.610000133514404,239.15936279296875,15.81833553314209,267.5504455566406,4.650000095367432,24.095720291137695,2.0799999237060547,31.1299991607666,104.69999694824219,0.9164274168527518
2022-06-19,20553.271484375,20470.0,1.8200000524520874,4.650000095367432,,104.69999694824219,3.740000009536743,6.610000133514404,239.15936279296875,15.81833553314209,267.5504455566406,4.650000095367432,24.095720291137695,2.0799999237060547,31.1299991607666,104.69999694824219,-0.04861794450871995
2022-06-20,20599.537109375,20470.0,1.8200000524520874,4.650000095367432,,104.69999694824219,3.740000009536743,6.610000133514404,239.15936279296875,15.81833553314209,267.5504455566406,4.650000095367432,24.095720291137695,2.0799999237060547,31.1299991607666,104.69999694824219,-0.0754602059379558
2022-06-21,20710.59765625,20860.0,1.7000000476837158,4.730000019073486,,104.44000244140625,3.5399999618530273,7.21999979019165,245.0406036376953,16.501670837402344,274.3006286621094,5.090000152587891,24.009510040283203,1.8600000143051147,30.190000534057617,104.44000244140625,0.08656573580139848
2022-06-22,19987.029296875,20105.0,1.5499999523162842,4.570000171661377,,104.19999694824219,3.259999990463257,6.75,244.45147705078125,16.296472549438477,273.9006652832031,4.599999904632568,23.975025177001953,1.7300000190734863,28.950000762939453,104.19999694824219,0.07082835655428486
2022-06-23,21085.876953125,20900.0,1.5700000524520874,4.78000020980835,,104.43000030517578,3.0899999141693115,7.050000190734863,249.9850311279297,16.16199493408203,277.9797668457031,4.940000057220459,24.000886917114258,1.590000033378601,29.049999237060547,104.43000030517578,-0.10578281578985638
2022-06-24,21231.65625,21206.900390625,1.5700000524520874,4.929999828338623,,104.19000244140625,3.049999952316284,7.420000076293945,258.5220031738281,17.059492111206055,287.5043029785156,5.190000057220459,23.94916343688965,1.5099999904632568,27.229999542236328,104.19000244140625,-0.013991857677141886
2022-06-25,21502.337890625,21206.900390625,1.5700000524520874,4.929999828338623,,104.19000244140625,3.049999952316284,7.420000076293945,258.5220031738281,17.059492111206055,287.5043029785156,5.190000057220459,23.94916343688965,1.5099999904632568,27.229999542236328,104.19000244140625,-0.1648774202151165
2022-06-26,21027.294921875,21206.900390625,1.5700000524520874,4.929999828338623,,104.19000244140625,3.049999952316284,7.420000076293945,258.5220031738281,17.059492111206055,287.5043029785156,5.190000057220459,23.94916343688965,1.5099999904632568,27.229999542236328,104.19000244140625,0.10249847319912966
2022-06-27,20735.478515625,20800.0,1.5399999618530273,4.53000020980835,,103.94000244140625,3.4200000762939453,6.849999904632568,255.80828857421875,16.803497314453125,285.3963623046875,4.889999866485596,23.906055450439453,1.3899999856948853,26.950000762939453,103.94000244140625,0.037339761024399135
2022-06-28,20280.634765625,20175.0,1.399999976158142,4.210000038146973,,104.51000213623047,3.0999999046325684,6.429999828338623,247.68661499023438,15.919939041137695,276.70135498046875,4.760000228881836,24.04399299621582,1.4600000381469727,28.360000610351562,104.51000213623047,-0.06250382210169127
2022-06-29,20104.0234375,20185.0,1.2699999809265137,4.039999961853027,,105.11000061035156,3.200000047683716,5.800000190734863,251.33702087402344,15.481646537780762,276.9550476074219,4.5,24.181928634643555,1.2300000190734863,28.15999984741211,105.11000061035156,0.04833454124349331
2022-06-30,19784.7265625,18760.0,1.3700000047683716,3.9200000762939453,,104.69000244140625,3.3499999046325684,5.340000152587891,248.02459716796875,15.100137710571289,273.5199279785156,4.190000057220459,24.104339599609375,1.2000000476837158,28.709999084472656,104.69000244140625,-0.621525837678607
2022-07-01,19269.3671875,19315.0,1.3200000524520874,3.950000047683716,,105.13999938964844,3.5999999046325684,5.539999961853027,250.68035888671875,14.46660327911377,275.3252868652344,4.239999771118164,24.181928634643555,1.25,26.700000762939453,105.13999938964844,0.028417837735492578
2022-07-02,19242.255859375,19315.0,1.3200000524520874,3.950000047683716,,105.13999938964844,3.5999999046325684,5.539999961853027,250.68035888671875,14.46660327911377,275.3252868652344,4.239999771118164,24.181928634643555,1.25,26.700000762939453,105.13999938964844,0.045365246875391736
2022-07-03,19297.076171875,19315.0,1.3200000524520874,3.950000047683716,,105.13999938964844,3.5999999046325684,5.539999961853027,250.68035888671875,14.46660327911377,275.3252868652344,4.239999771118164,24.181928634643555,1.25,26.700000762939453,105.13999938964844,0.011146037647583228
2022-07-04,20231.26171875,19315.0,1.3200000524520874,3.950000047683716,,105.13999938964844,3.5999999046325684,5.539999961853027,250.68035888671875,14.46660327911377,275.3252868652344,4.239999771118164,24.181928634643555,1.25,26.700000762939453,105.13999938964844,-0.5434728084610702
2022-07-05,20190.115234375,20390.0,1.5199999809265137,4.320000171661377,,106.5,3.390000104904175,6.070000171661377,253.83822631835938,14.905891418457031,280.038818359375,4.730000019073486,24.526769638061523,1.3200000524520874,27.540000915527344,106.5,0.11880156005331739
2022-07-06,20548.24609375,20275.0,1.5199999809265137,4.050000190734863,,107.0999984741211,3.299999952316284,5.650000095367432,257.0830383300781,15.071248054504395,281.8344421386719,4.53000020980835,24.63884162902832,1.399999976158142,26.729999542236328,107.0999984741211,-0.1595733820803973
2022-07-07,21637.587890625,21855.0,1.6399999856948853,4.489999771118164,,107.12999725341797,3.640000104904175,7.010000228881836,259.1978759765625,15.796416282653809,287.86541748046875,5.28000020980835,24.647462844848633,1.5700000524520874,26.079999923706055,107.12999725341797,0.120574683540876
2022-07-08,21731.1171875,21765.0,1.7899999618530273,4.579999923706055,,107.01000213623047,3.819999933242798,8.510000228881836,258.4832458496094,15.776498794555664,288.2265319824219,5.460000038146973,24.63022232055664,1.649999976158142,24.639999389648438,107.01000213623047,0.01871020925854091
2022-07-09,21592.20703125,21765.0,1.7899999618530273,4.579999923706055,,107.01000213623047,3.819999933242798,8.510000228881836,258.4832458496094,15.776498794555664,288.2265319824219,5.460000038146973,24.63022232055664,1.649999976158142,24.639999389648438,107.01000213623047,0.09603074025730854
2022-07-10,20860.44921875,21765.0,1.7899999618530273,4.579999923706055,,107.01000213623047,3.819999933242798,8.510000228881836,258.4832458496094,15.776498794555664,288.2265319824219,5.460000038146973,24.63022232055664,1.649999976158142,24.639999389648438,107.01000213623047,0.5203439897758074
2022-07-11,19970.556640625,20455.0,1.6699999570846558,4.46999979019165,,108.0199966430664,3.490000009536743,7.809999942779541,255.44134521484375,15.093162536621094,282.0686950683594,4.869999885559082,24.914714813232422,1.5099999904632568,26.170000076293945,108.0199966430664,0.29109455570578757
2022-07-12,19323.9140625,19315.0,1.659999966621399,4.159999847412109,,108.06999969482422,3.2300000190734863,7.670000076293945,244.9729766845703,15.023432731628418,279.3362121582031,4.840000152587891,24.90609359741211,1.3799999952316284,27.290000915527344,108.06999969482422,-0.0055355633260439525
2022-07-13,20212.07421875,19615.0,1.7200000286102295,4.190000057220459,,107.95999908447266,3.25,7.760000228881836,244.05551147460938,15.105114936828613,278.7603759765625,4.929999828338623,24.854366302490234,1.409999966621399,26.81999969482422,107.95999908447266,-0.35448566769824114
2022-07-14,20569.919921875,20625.0,1.600000023841858,4.199999809265137,,108.54000091552734,3.130000114440918,8.0,245.36891174316406,15.312307357788086,279.7558898925781,5.320000171661377,25.02678871154785,1.4299999475479126,26.399999618530273,108.54000091552734,0.03213240207109916
2022-07-15,20836.328125,21190.0,1.7400000095367432,4.260000228881836,,108.05999755859375,3.25,8.039999961853027,247.91839599609375,15.700793266296387,284.8304443359375,5.570000171661377,24.880231857299805,1.440000057220459,24.229999542236328,108.05999755859375,0.20368572017772446
2022-07-16,21190.31640625,21190.0,1.7400000095367432,4.260000228881836,,108.05999755859375,3.25,8.039999961853027,247.91839599609375,15.700793266296387,284.8304443359375,5.570000171661377,24.880231857299805,1.440000057220459,24.229999542236328,108.05999755859375,-0.00017917972186956712
2022-07-17,20779.34375,21190.0,1.7400000095367432,4.260000228881836,,108.05999755859375,3.25,8.039999961853027,247.91839599609375,15.700793266296387,284.8304443359375,5.570000171661377,24.880231857299805,1.440000057220459,24.229999542236328,108.05999755859375,0.23715258091343716
2022-07-18,22485.689453125,21620.0,1.7699999809265137,4.269999980926514,,107.37000274658203,3.1600000858306885,9.760000228881836,245.5331268310547,16.038475036621094,282.4200439453125,6.230000019073486,24.74229621887207,1.4800000190734863,25.299999237060547,107.37000274658203,-0.46199488164043223
2022-07-19,23389.43359375,23460.0,1.8799999952316284,4.699999809265137,,106.68000030517578,3.490000009536743,12.899999618530273,250.63209533691406,16.926015853881836,291.1053161621094,6.980000019073486,24.58711814880371,1.7599999904632568,24.5,106.68000030517578,0.036204248880412244
2022-07-20,23231.732421875,23695.0,1.9800000190734863,4.909999847412109,,107.08000183105469,4.010000228881836,12.470000267028809,253.278076171875,17.737852096557617,295.72125244140625,7.019999980926514,24.656085968017578,1.7200000286102295,23.8799991607666,107.08000183105469,0.2392938605071676
2022-07-21,23164.62890625,23230.0,2.0,4.864999771118164,,106.91000366210938,4.119999885559082,13.489999771118164,255.75997924804688,17.979909896850586,299.9663391113281,7.619999885559082,24.58711814880371,1.6200000047683716,23.110000610351562,106.91000366210938,0.0338642647017906
2022-07-22,22714.978515625,22615.0,1.7899999618530273,4.289999961853027,,106.7300033569336,3.7699999809265137,12.420000076293945,251.43360900878906,17.251747131347656,294.7063293457031,7.119999885559082,24.55263328552246,1.5499999523162842,23.030000686645508,106.7300033569336,-0.05281722748162543
2022-07-23,22465.478515625,22615.0,1.7899999618530273,4.289999961853027,,106.7300033569336,3.7699999809265137,12.420000076293945,251.43360900878906,17.251747131347656,294.7063293457031,7.119999885559082,24.55263328552246,1.5499999523162842,23.030000686645508,106.7300033569336,0.0798673311700026
2022-07-24,22609.1640625,22615.0,1.7899999618530273,4.289999961853027,,106.7300033569336,3.7699999809265137,12.420000076293945,251.43360900878906,17.251747131347656,294.7063293457031,7.119999885559082,24.55263328552246,1.5499999523162842,23.030000686645508,106.7300033569336,0.003097471883808177
2022-07-25,21361.701171875,21885.0,1.690000057220459,4.059999942779541,,106.4800033569336,3.569999933242798,11.569999694824219,249.95606994628906,16.9578914642334,293.0278015136719,6.650000095367432,24.51814842224121,1.559999942779541,23.360000610351562,106.4800033569336,0.29396469349396936
2022-07-26,21239.75390625,20915.0,1.5299999713897705,3.809999942779541,,107.19000244140625,3.5199999809265137,10.109999656677246,243.2636260986328,16.468799591064453,287.2701110839844,6.210000038146973,24.707809448242188,1.340000033378601,24.690000534057617,107.19000244140625,-0.18347890904014932
2022-07-27,22930.548828125,22780.0,1.590000033378601,4.070000171661377,,106.44999694824219,3.9600000381469727,12.319999694824219,259.52630615234375,17.720918655395508,299.41009521484375,7.150000095367432,24.500905990600586,1.3300000429153442,23.239999771118164,106.44999694824219,-0.0787851154824593
2022-07-28,23843.88671875,23805.0,1.6699999570846558,4.199999809265137,,106.3499984741211,3.9700000286102295,13.199999809265137,266.9333190917969,17.914159774780273,302.33770751953125,7.400000095367432,24.48366355895996,1.409999966621399,22.329999923706055,106.3499984741211,-0.019570661046340657
2022-07-29,23804.6328125,24082.44921875,1.7200000286102295,3.990000009536743,,105.9000015258789,3.9700000286102295,12.989999771118164,271.1148681640625,18.092472076416016,307.85150146484375,7.320000171661377,24.38883399963379,1.440000057220459,21.329999923706055,105.9000015258789,0.14004823772158323
2022-07-30,23656.20703125,24082.44921875,1.7200000286102295,3.990000009536743,,105.9000015258789,3.9700000286102295,12.989999771118164,271.1148681640625,18.092472076416016,307.85150146484375,7.320000171661377,24.38883399963379,1.440000057220459,21.329999923706055,105.9000015258789,0.21621835838869585
2022-07-31,23336.896484375,24082.44921875,1.7200000286102295,3.990000009536743,,105.9000015258789,3.9700000286102295,12.989999771118164,271.1148681640625,18.092472076416016,307.85150146484375,7.320000171661377,24.38883399963379,1.440000057220459,21.329999923706055,105.9000015258789,0.3833685776722768
2022-08-01,23314.19921875,23030.0,1.6299999952316284,4.360000133514404,,105.44999694824219,4.039999961853027,12.270000457763672,268.4784851074219,18.369388580322266,307.66607666015625,7.329999923706055,24.294002532958984,1.3799999952316284,22.84000015258789,105.44999694824219,-0.14627955234496146
2022-08-02,22978.1171875,23000.0,1.850000023841858,4.53000020980835,,106.23999786376953,4.010000228881836,12.960000038146973,265.3977966308594,18.454057693481445,306.74871826171875,7.75,24.449180603027344,1.4500000476837158,23.93000030517578,106.23999786376953,0.011427992461577744
2022-08-03,22846.5078125,23540.0,2.009999990463257,4.639999866485596,,106.51000213623047,4.800000190734863,13.279999732971191,272.78558349609375,18.81963348388672,315.10223388671875,8.119999885559082,24.51814842224121,1.5,21.950000762939453,106.51000213623047,0.36425287918387417
2022-08-04,22630.95703125,22455.0,2.0999999046325684,4.389999866485596,,105.69000244140625,4.429999828338623,13.420000076293945,273.9250793457031,19.1403865814209,316.5758361816406,8.180000305175781,24.36297035217285,1.4900000095367432,21.440000534057617,105.69000244140625,-0.09330071070721194
2022-08-05,23289.314453125,22960.0,2.190000057220459,4.659999847412109,,106.62000274658203,4.739999771118164,14.170000076293945,273.21051025390625,18.915266036987305,313.98968505859375,8.270000457763672,24.569873809814453,1.440000057220459,21.149999618530273,106.62000274658203,-0.16968182749448618
2022-08-06,22961.279296875,22960.0,2.190000057220459,4.659999847412109,,106.62000274658203,4.739999771118164,14.170000076293945,273.21051025390625,18.915266036987305,313.98968505859375,8.270000457763672,24.569873809814453,1.440000057220459,21.149999618530273,106.62000274658203,-0.0006685848075585809
2022-08-07,23175.890625,22960.0,2.190000057220459,4.659999847412109,,106.62000274658203,4.739999771118164,14.170000076293945,273.21051025390625,18.915266036987305,313.98968505859375,8.270000457763672,24.569873809814453,1.440000057220459,21.149999618530273,106.62000274658203,-0.1117837299941952
2022-08-08,23809.486328125,23985.0,2.119999885559082,4.940000057220459,,106.44000244140625,5.429999828338623,14.430000305175781,270.70928955078125,17.723907470703125,312.974853515625,8.710000038146973,24.535388946533203,1.590000033378601,21.290000915527344,106.44000244140625,0.08845902987886345
2022-08-09,23164.318359375,23060.0,2.1700000762939453,4.679999828338623,,106.37000274658203,5.349999904632568,14.109999656677246,272.62139892578125,17.019655227661133,309.43243408203125,8.145000457763672,24.5095272064209,1.4700000286102295,21.770000457763672,106.37000274658203,-0.05404088706945985
2022-08-10,23947.642578125,23655.0,2.319999933242798,5.980000019073486,,105.19999694824219,5.809999942779541,16.360000610351562,279.2462463378906,18.02672576904297,318.06890869140625,9.109999656677246,24.242277145385742,1.6100000143051147,19.739999771118164,105.19999694824219,-0.14664119551825014
2022-08-11,23957.529296875,24245.0,2.2699999809265137,5.699999809265137,,105.08999633789062,6.21999979019165,17.190000534057617,277.17962646484375,17.872325897216797,316.2635192871094,9.520000457763672,24.259517669677734,1.690000057220459,20.200000762939453,105.08999633789062,0.14399015836536905
2022-08-12,24402.818359375,24240.0,2.3399999141693115,6.019999980926514,,105.62999725341797,5.949999809265137,18.239999771118164,281.9019775390625,18.636350631713867,322.42138671875,9.930000305175781,24.354347229003906,1.7000000476837158,19.530000686645508,105.62999725341797,-0.08006535489985267
2022-08-13,24424.068359375,24240.0,2.3399999141693115,6.019999980926514,,105.62999725341797,5.949999809265137,18.239999771118164,281.9019775390625,18.636350631713867,322.42138671875,9.930000305175781,24.354347229003906,1.7000000476837158,19.530000686645508,105.62999725341797,-0.09043621562138973
2022-08-14,24319.333984375,24240.0,2.3399999141693115,6.019999980926514,,105.62999725341797,5.949999809265137,18.239999771118164,281.9019775390625,18.636350631713867,322.42138671875,9.930000305175781,24.354347229003906,1.7000000476837158,19.530000686645508,105.62999725341797,-0.039146130116542596
2022-08-15,24136.97265625,24000.0,2.490000009536743,5.96999979019165,,106.55000305175781,5.860000133514404,17.649999618530273,283.408447265625,18.95809555053711,325.0269470214844,9.760000228881836,24.569873809814453,1.9299999475479126,19.950000762939453,106.55000305175781,-0.06809768144533193
2022-08-16,23883.291015625,23945.0,2.5999999046325684,5.579999923706055,,106.5,5.800000190734863,16.8799991607666,282.6744689941406,18.805688858032227,324.2657165527344,9.170000076293945,24.561254501342773,1.5800000429153442,19.690000534057617,106.5,0.031005266904613048
2022-08-17,23335.998046875,23230.0,2.240000009536743,5.090000152587891,,106.56999969482422,5.320000171661377,15.449999809265137,281.9293212890625,18.263797760009766,320.56719970703125,8.350000381469727,24.59573745727539,1.4600000381469727,19.899999618530273,106.56999969482422,-0.05450705643465438
2022-08-18,23212.73828125,23335.0,2.0299999713897705,5.190000057220459,,107.4800033569336,5.730000019073486,15.59000015258789,280.8163757324219,18.700101852416992,321.3381042480469,8.279999732971191,24.785398483276367,1.440000057220459,19.559999465942383,107.4800033569336,0.0632041169475071
2022-08-19,20877.552734375,21230.0,1.7999999523162842,4.639999866485596,,108.16999816894531,5.050000190734863,13.180000305175781,276.9259338378906,17.77968978881836,315.0729675292969,7.25,24.94057846069336,1.409999966621399,20.600000381469727,108.16999816894531,0.2025796433763199
2022-08-20,21166.060546875,21230.0,1.7999999523162842,4.639999866485596,,108.16999816894531,5.050000190734863,13.180000305175781,276.9259338378906,17.77968978881836,315.0729675292969,7.25,24.94057846069336,1.409999966621399,20.600000381469727,108.16999816894531,0.03625017682439172
2022-08-21,21534.12109375,21230.0,1.7999999523162842,4.639999866485596,,108.16999816894531,5.050000190734863,13.180000305175781,276.9259338378906,17.77968978881836,315.0729675292969,7.25,24.94057846069336,1.409999966621399,20.600000381469727,108.16999816894531,-0.16947304740750282
2022-08-22,21398.908203125,20965.0,1.7300000190734863,4.309999942779541,,109.05000305175781,5.110000133514404,12.930000305175781,268.79669189453125,16.967853546142578,306.7779541015625,7.0,25.14748191833496,1.3799999952316284,23.799999237060547,109.05000305175781,-0.24332542520742287
2022-08-23,21528.087890625,21490.0,1.6699999570846558,4.349999904632568,,108.62000274658203,5.269999980926514,13.710000038146973,267.5289611816406,17.114280700683594,306.5242614746094,7.099999904632568,25.044029235839844,1.3700000047683716,24.110000610351562,108.62000274658203,-0.02123062158711444
2022-08-24,21395.01953125,21710.0,1.7300000190734863,4.559999942779541,,108.68000030517578,5.090000152587891,13.779999732971191,266.89996337890625,17.155126571655273,307.4123229980469,7.289999961853027,25.06127166748047,1.3600000143051147,22.81999969482422,108.68000030517578,0.17666567770500036
2022-08-25,21600.904296875,21565.0,1.8600000143051147,4.619999885559082,,108.47000122070312,5.0,12.880000114440918,269.86126708984375,17.84343719482422,312.84796142578125,7.429999828338623,25.018165588378906,1.399999976158142,21.780000686645508,108.47000122070312,-0.019945996546187707
2022-08-26,20260.01953125,21417.890625,1.7899999618530273,4.300000190734863,,108.80000305175781,4.829999923706055,11.350000381469727,259.4481201171875,16.19685935974121,300.02490234375,6.789999961853027,25.112995147705078,1.3799999952316284,25.559999465942383,108.80000305175781,0.6858065019912023
2022-08-27,20041.73828125,21417.890625,1.7899999618530273,4.300000190734863,,108.80000305175781,4.829999923706055,11.350000381469727,259.4481201171875,16.19685935974121,300.02490234375,6.789999961853027,25.112995147705078,1.3799999952316284,25.559999465942383,108.80000305175781,0.8239718478136935
2022-08-28,19616.814453125,21417.890625,1.7899999618530273,4.300000190734863,,108.80000305175781,4.829999923706055,11.350000381469727,259.4481201171875,16.19685935974121,300.02490234375,6.789999961853027,25.112995147705078,1.3799999952316284,25.559999465942383,108.80000305175781,1.1017545236075277
2022-08-29,20297.994140625,19965.0,1.8300000429153442,4.230000019073486,,108.83999633789062,4.639999866485596,11.8100004196167,256.6803894042969,15.739642143249512,297.0679931640625,6.96999979019165,25.121618270874023,1.3700000047683716,26.209999084472656,108.83999633789062,-0.1968632791898599
2022-08-30,19796.80859375,19770.0,1.9600000381469727,4.269999980926514,,108.7699966430664,4.730000019073486,11.529999732971191,254.49322509765625,15.407934188842773,293.7596740722656,6.889999866485596,25.112995147705078,1.440000057220459,26.209999084472656,108.7699966430664,-0.016250251826022306
2022-08-31,20049.763671875,20065.0,2.009999990463257,4.28000020980835,,108.69999694824219,4.059999942779541,11.850000381469727,253.04153442382812,15.035387992858887,292.0519104003906,7.170000076293945,25.09575653076172,1.4900000095367432,25.8700008392334,108.69999694824219,0.009119106862914044
2022-09-01,20127.140625,19695.0,1.7899999618530273,4.079999923706055,,109.69000244140625,4.010000228881836,11.510000228881836,252.0060272216797,13.882881164550781,292.1788330078125,6.849999904632568,25.319902420043945,1.350000023841858,25.559999465942383,109.69000244140625,-0.2576465080965767
2022-09-02,19969.771484375,19775.0,1.7300000190734863,4.059999942779541,,109.52999877929688,4.079999923706055,11.380000114440918,247.80593872070312,13.594003677368164,288.0508728027344,6.630000114440918,25.328521728515625,1.350000023841858,25.469999313354492,109.52999877929688,-0.11703978757737649
2022-09-03,19832.087890625,19775.0,1.7300000190734863,4.059999942779541,,109.52999877929688,4.079999923706055,11.380000114440918,247.80593872070312,13.594003677368164,288.0508728027344,6.630000114440918,25.328521728515625,1.350000023841858,25.469999313354492,109.52999877929688,-0.034542741605327304
2022-09-04,19986.712890625,19775.0,1.7300000190734863,4.059999942779541,,109.52999877929688,4.079999923706055,11.380000114440918,247.80593872070312,13.594003677368164,288.0508728027344,6.630000114440918,25.328521728515625,1.350000023841858,25.469999313354492,109.52999877929688,-0.12711218204828853
2022-09-05,19812.37109375,19775.0,1.7300000190734863,4.059999942779541,,109.52999877929688,4.079999923706055,11.380000114440918,247.80593872070312,13.594003677368164,288.0508728027344,6.630000114440918,25.328521728515625,1.350000023841858,25.469999313354492,109.52999877929688,-0.022635005314506185
2022-09-06,18837.66796875,18635.0,1.4900000095367432,3.9700000286102295,,110.20999908447266,4.090000152587891,11.119999885559082,245.0865020751953,13.412712097167969,285.98199462890625,6.400000095367432,25.475078582763672,1.2100000381469727,26.90999984741211,110.20999908447266,-0.12910385877033695
2022-09-07,19290.32421875,18925.0,1.399999976158142,4.269999980926514,,109.83999633789062,4.300000190734863,11.680000305175781,249.77047729492188,13.66480541229248,291.7591247558594,6.550000190734863,25.294038772583008,1.0800000429153442,24.639999389648438,109.83999633789062,-0.2272585248069031
2022-09-08,19329.833984375,19260.0,1.5700000524520874,4.519999980926514,,109.70999908447266,4.170000076293945,13.260000228881836,250.1865997314453,13.93981647491455,293.2718200683594,7.460000038146973,25.34576416015625,1.190000057220459,23.610000610351562,109.70999908447266,-0.043353078623302815
2022-09-09,21381.15234375,21345.0,1.6699999570846558,4.809999942779541,,109.0,4.610000133514404,14.15999984741211,255.93516540527344,14.3353910446167,299.6833190917969,8.260000228881836,25.164722442626953,1.2699999809265137,22.790000915527344,109.0,-0.020290212521067125
2022-09-10,21680.5390625,21345.0,1.6699999570846558,4.809999942779541,,109.0,4.610000133514404,14.15999984741211,255.93516540527344,14.3353910446167,299.6833190917969,8.260000228881836,25.164722442626953,1.2699999809265137,22.790000915527344,109.0,-0.1857181105318746
2022-09-11,21769.255859375,21345.0,1.6699999570846558,4.809999942779541,,109.0,4.610000133514404,14.15999984741211,255.93516540527344,14.3353910446167,299.6833190917969,8.260000228881836,25.164722442626953,1.2699999809265137,22.790000915527344,109.0,-0.2338651511740818
2022-09-12,22370.44921875,22455.0,1.809999942779541,4.889999866485596,,108.33000183105469,4.670000076293945,14.430000305175781,258.0545959472656,14.452967643737793,303.24530029296875,8.470000267028809,25.035411834716797,1.2400000095367432,23.8700008392334,108.33000183105469,0.04535489498125928
2022-09-13,20296.70703125,20240.0,1.7100000381469727,4.46999979019165,,109.81999969482422,4.260000228881836,12.819999694824219,243.86709594726562,13.083895683288574,286.61639404296875,7.630000114440918,25.3802490234375,1.1799999475479126,27.270000457763672,109.81999969482422,-0.033526836346028266
2022-09-14,20241.08984375,19925.0,1.7000000476837158,4.289999961853027,,109.66000366210938,4.480000019073486,12.600000381469727,244.08969116210938,13.08090877532959,288.89013671875,7.559999942779541,25.328521728515625,1.159999966621399,26.15999984741211,109.66000366210938,-0.18739495522624827
2022-09-15,19701.2109375,19730.0,1.6699999570846558,4.050000190734863,,109.73999786376953,4.489999771118164,12.069999694824219,237.47019958496094,12.882620811462402,284.0789489746094,7.380000114440918,25.34576416015625,1.159999966621399,26.270000457763672,109.73999786376953,0.017535406889249747
2022-09-16,19772.583984375,19575.0,1.600000023841858,3.740000009536743,,109.76000213623047,5.059999942779541,10.920000076293945,236.85081481933594,13.150656700134277,282.3420104980469,6.644999980926514,25.34576416015625,1.1699999570846558,26.299999237060547,109.76000213623047,-0.11991390778128214
2022-09-17,20127.576171875,19575.0,1.600000023841858,3.740000009536743,,109.76000213623047,5.059999942779541,10.920000076293945,236.85081481933594,13.150656700134277,282.3420104980469,6.644999980926514,25.34576416015625,1.1699999570846558,26.299999237060547,109.76000213623047,-0.3294442413670067
2022-09-18,19419.505859375,19575.0,1.600000023841858,3.740000009536743,,109.76000213623047,5.059999942779541,10.920000076293945,236.85081481933594,13.150656700134277,282.3420104980469,6.644999980926514,25.34576416015625,1.1699999570846558,26.299999237060547,109.76000213623047,0.0960853330157832
2022-09-19,19544.12890625,19480.0,1.6299999952316284,3.5399999618530273,,109.73999786376953,4.329999923706055,10.869999885559082,236.63790893554688,13.333996772766113,284.5406188964844,6.519999980926514,25.328521728515625,1.1200000047683716,25.760000228881836,109.73999786376953,-0.03937483623298797
2022-09-20,18890.7890625,18950.0,1.4700000286102295,3.369999885559082,,110.22000122070312,4.059999942779541,10.260000228881836,234.63461303710938,13.128735542297363,282.2724914550781,6.21999979019165,25.449216842651367,1.0800000429153442,27.15999984741211,110.22000122070312,0.03761257656571221
2022-09-21,18547.400390625,18980.0,1.4950000047683716,3.259999990463257,,110.63999938964844,4.0,10.850000381469727,231.24745178222656,13.213432312011719,277.2181091308594,6.369999885559082,25.6992244720459,1.159999966621399,27.989999771118164,110.63999938964844,0.27988802760326187
2022-09-22,19413.55078125,19295.0,1.409999966621399,3.1600000858306885,,111.3499984741211,4.039999961853027,10.520000457763672,233.21200561523438,12.515938758850098,273.8062438964844,6.340000152587891,25.73370933532715,1.1200000047683716,27.350000381469727,111.3499984741211,-0.07327919508542377
2022-09-23,19297.638671875,18745.0,1.2899999618530273,3.109999895095825,,113.19000244140625,3.6700000762939453,9.470000267028809,230.2506561279297,12.471100807189941,269.34820556640625,6.329999923706055,26.138896942138672,1.1100000143051147,29.920000076293945,113.19000244140625,-0.3436515822096514
2022-09-24,18937.01171875,18745.0,1.2899999618530273,3.109999895095825,,113.19000244140625,3.6700000762939453,9.470000267028809,230.2506561279297,12.471100807189941,269.34820556640625,6.329999923706055,26.138896942138672,1.1100000143051147,29.920000076293945,113.19000244140625,-0.12167392929891963
2022-09-25,18802.09765625,18745.0,1.2899999618530273,3.109999895095825,,113.19000244140625,3.6700000762939453,9.470000267028809,230.2506561279297,12.471100807189941,269.34820556640625,6.329999923706055,26.138896942138672,1.1100000143051147,29.920000076293945,113.19000244140625,-0.03644124647827484
2022-09-26,19222.671875,19180.0,1.2999999523162842,3.130000114440918,,114.0999984741211,3.5,9.609999656677246,229.79583740234375,12.184138298034668,268.23370361328125,6.699999809265137,26.432010650634766,1.0499999523162842,32.2599983215332,114.0999984741211,-0.02663846645928351
2022-09-27,19110.546875,19045.0,1.309999942779541,3.2200000286102295,,114.11000061035156,3.680000066757202,9.869999885559082,228.78936767578125,12.3684720993042,268.3411865234375,6.829999923706055,26.44063377380371,1.1200000047683716,32.599998474121094,114.11000061035156,-0.04115855528074729
2022-09-28,19426.720703125,19565.0,1.340000033378601,3.4000000953674316,,112.5999984741211,3.7699999809265137,10.949999809265137,233.2991180419922,12.690315246582031,273.67913818359375,7.340000152587891,26.095792770385742,1.350000023841858,30.18000030517578,112.5999984741211,0.08541593755620706
2022-09-29,19573.05078125,19405.0,1.2200000286102295,3.2100000381469727,,112.25,3.7799999713897705,10.770000457763672,229.8441925048828,12.176164627075195,265.7895812988281,7.090000152587891,25.992340087890625,1.309999942779541,31.84000015258789,112.25,-0.10302989541782678
2022-09-30,19431.7890625,19698.599609375,1.2599999904632568,3.180000066757202,,112.12000274658203,4.130000114440918,10.710000038146973,225.39248657226562,12.095454216003418,261.28277587890625,7.010000228881836,25.992340087890625,1.2599999904632568,31.6200008392334,112.12000274658203,0.16476746182258534
2022-10-01,19312.095703125,19698.599609375,1.2599999904632568,3.180000066757202,,112.12000274658203,4.130000114440918,10.710000038146973,225.39248657226562,12.095454216003418,261.28277587890625,7.010000228881836,25.992340087890625,1.2599999904632568,31.6200008392334,112.12000274658203,0.24016279467015544
2022-10-02,19044.107421875,19698.599609375,1.2599999904632568,3.180000066757202,,112.12000274658203,4.130000114440918,10.710000038146973,225.39248657226562,12.095454216003418,261.28277587890625,7.010000228881836,25.992340087890625,1.2599999904632568,31.6200008392334,112.12000274658203,0.41240610946032663
2022-10-03,19623.580078125,19525.0,1.1699999570846558,3.180000066757202,,111.75,4.050000190734863,11.079999923706055,232.9797821044922,12.467118263244629,267.41241455078125,7.190000057220459,25.871644973754883,1.4199999570846558,30.100000381469727,111.75,-0.060282625942382574
2022-10-04,20336.84375,20285.0,1.399999976158142,3.450000047683716,,110.06999969482422,4.369999885559082,12.880000114440918,240.8573455810547,13.119766235351562,275.82012939453125,7.590000152587891,25.518184661865234,1.5499999523162842,29.06999969482422,110.06999969482422,-0.030591030134654005
2022-10-05,20160.716796875,20140.0,1.309999942779541,3.3299999237060547,,111.06999969482422,4.489999771118164,12.84000015258789,241.16705322265625,13.161617279052734,275.67352294921875,7.25,25.759571075439453,1.5399999618530273,28.549999237060547,111.06999969482422,-0.012330988278082173
2022-10-06,19955.443359375,20025.0,1.2699999809265137,3.25,,112.26000213623047,4.400000095367432,13.100000381469727,238.83473205566406,13.082900047302246,273.5031433105469,7.159999847412109,26.018203735351562,1.7799999713897705,30.520000457763672,112.26000213623047,0.041827168280271276
2022-10-07,19546.849609375,19410.0,1.1399999856948853,3.0199999809265137,,112.80000305175781,3.7100000381469727,11.210000038146973,226.68930053710938,12.032682418823242,263.0815734863281,6.565000057220459,26.12165641784668,1.3600000143051147,31.360000610351562,112.80000305175781,-0.0840132985784254
2022-10-08,19416.568359375,19410.0,1.1399999856948853,3.0199999809265137,,112.80000305175781,3.7100000381469727,11.210000038146973,226.68930053710938,12.032682418823242,263.0815734863281,6.565000057220459,26.12165641784668,1.3600000143051147,31.360000610351562,112.80000305175781,-0.004059435789122994
2022-10-09,19446.42578125,19410.0,1.1399999856948853,3.0199999809265137,,112.80000305175781,3.7100000381469727,11.210000038146973,226.68930053710938,12.032682418823242,263.0815734863281,6.565000057220459,26.12165641784668,1.3600000143051147,31.360000610351562,112.80000305175781,-0.02247762030498455
2022-10-10,19141.484375,19125.0,1.1200000047683716,2.9100000858306885,,113.13999938964844,3.569999933242798,10.760000228881836,221.860107421875,11.62813663482666,260.4516296386719,6.389999866485596,26.233728408813477,1.2999999523162842,32.45000076293945,113.13999938964844,-0.010334229891719147
2022-10-11,19051.41796875,18900.0,1.0399999618530273,3.0,,113.22000122070312,3.4100000858306885,10.460000038146973,218.14393615722656,11.544438362121582,256.8736267089844,6.190000057220459,26.2509708404541,1.1299999952316284,33.630001068115234,113.22000122070312,-0.09537429854200075
2022-10-12,19157.4453125,19095.0,1.0049999952316284,3.009999990463257,,113.31999969482422,3.5199999809265137,10.420000076293945,218.47293090820312,11.458745956420898,256.7855529785156,6.139999866485596,26.2509708404541,1.1299999952316284,33.56999969482422,113.31999969482422,-0.03911501443833235
2022-10-13,19382.904296875,19360.0,1.0099999904632568,3.0399999618530273,,112.36000061035156,3.6500000953674316,11.220000267028809,226.68930053710938,11.917097091674805,262.807861328125,6.389999866485596,26.078548431396484,1.1799999475479126,31.940000534057617,112.36000061035156,-0.014180102129705753
2022-10-14,19185.65625,19110.0,0.949999988079071,2.8299999237060547,,113.30999755859375,3.4000000953674316,10.300000190734863,221.1923828125,11.186727523803711,254.9085693359375,5.760000228881836,26.25959014892578,1.090000033378601,32.02000045776367,113.30999755859375,-0.04732050799669675
2022-10-15,19067.634765625,19110.0,0.949999988079071,2.8299999237060547,,113.30999755859375,3.4000000953674316,10.300000190734863,221.1923828125,11.186727523803711,254.9085693359375,5.760000228881836,26.25959014892578,1.090000033378601,32.02000045776367,113.30999755859375,0.026662080470332326
2022-10-16,19268.09375,19110.0,0.949999988079071,2.8299999237060547,,113.30999755859375,3.4000000953674316,10.300000190734863,221.1923828125,11.186727523803711,254.9085693359375,5.760000228881836,26.25959014892578,1.090000033378601,32.02000045776367,113.30999755859375,-0.09845940260696522
2022-10-17,19550.7578125,19515.0,0.9660000205039978,3.119999885559082,,112.04000091552734,3.5799999237060547,11.6899995803833,229.87322998046875,11.845353126525879,263.3259582519531,6.039999961853027,25.992340087890625,1.1699999570846558,31.3700008392334,112.04000091552734,-0.021947678658555833
2022-10-18,19334.416015625,19180.0,0.8899999856948853,3.0399999618530273,,112.12999725341797,3.440000057220459,11.380000114440918,230.81195068359375,11.924070358276367,265.4083557128906,5.869999885559082,25.97509765625,1.1699999570846558,30.5,112.12999725341797,-0.09583905642676328
2022-10-19,19139.53515625,19200.0,0.8809999823570251,2.940000057220459,,112.9800033569336,3.2899999618530273,11.069999694824219,228.8570556640625,12.007768630981445,264.4404296875,5.670000076293945,26.16476058959961,1.1299999952316284,30.760000228881836,112.9800033569336,0.03790991364610352
2022-10-20,19053.740234375,19030.0,0.8880000114440918,2.890000104904175,,112.87999725341797,3.0899999141693115,10.920000076293945,228.53768920898438,12.150256156921387,263.09130859375,5.579999923706055,26.182003021240234,1.1100000143051147,29.979999542236328,112.87999725341797,-0.014951542793999087
2022-10-21,19172.46875,19195.0,0.8040000200271606,2.9200000762939453,,112.01000213623047,3.0199999809265137,11.699999809265137,234.3152618408203,12.421281814575195,269.2601318359375,5.829999923706055,25.957857131958008,1.2100000381469727,29.690000534057617,112.01000213623047,0.014102252741968871
2022-10-22,19208.189453125,19195.0,0.8040000200271606,2.9200000762939453,,112.01000213623047,3.0199999809265137,11.699999809265137,234.3152618408203,12.421281814575195,269.2601318359375,5.829999923706055,25.957857131958008,1.2100000381469727,29.690000534057617,112.01000213623047,-0.008239893608205241
2022-10-23,19567.0078125,19195.0,0.8040000200271606,2.9200000762939453,,112.01000213623047,3.0199999809265137,11.699999809265137,234.3152618408203,12.421281814575195,269.2601318359375,5.829999923706055,25.957857131958008,1.2100000381469727,29.690000534057617,112.01000213623047,-0.2281439141220254
2022-10-24,19345.572265625,19340.0,0.8130000233650208,2.9200000762939453,,111.98999786376953,2.9100000858306885,12.899999618530273,239.2799072265625,12.553805351257324,272.2224426269531,6.050000190734863,25.983718872070312,1.2699999809265137,29.850000381469727,111.98999786376953,-0.0034564595237544767
2022-10-25,20095.857421875,20305.0,0.828000009059906,3.4600000381469727,,110.94999694824219,3.390000104904175,14.760000228881836,242.57997131347656,13.213432312011719,277.8536071777344,7.010000228881836,25.6992244720459,1.409999966621399,28.459999084472656,110.94999694824219,0.12488697968010548
2022-10-26,20770.44140625,20780.0,1.1799999475479126,3.700000047683716,,109.69999694824219,3.6050000190734863,13.789999961853027,223.86341857910156,12.849739074707031,271.7140197753906,7.059999942779541,25.431974411010742,1.399999976158142,27.280000686645508,109.69999694824219,0.00552242115400999
2022-10-27,20285.8359375,20625.0,1.100000023841858,3.640000104904175,,110.58999633789062,3.380000114440918,13.649999618530273,219.44073486328125,13.128735542297363,266.7672119140625,6.840000152587891,25.63025665283203,1.25,27.389999389648438,110.58999633789062,0.2006310591557302
2022-10-28,20595.3515625,20478.439453125,1.149999976158142,3.6600000858306885,,110.66999816894531,3.4700000286102295,13.850000381469727,228.26673889160156,13.78437614440918,274.9305419921875,7.050000190734863,25.673364639282227,1.2000000476837158,25.75,110.66999816894531,-0.06811951270860953
2022-10-29,20818.4765625,20478.439453125,1.149999976158142,3.6600000858306885,,110.66999816894531,3.4700000286102295,13.850000381469727,228.26673889160156,13.78437614440918,274.9305419921875,7.050000190734863,25.673364639282227,1.2000000476837158,25.75,110.66999816894531,-0.19600114831889492
2022-10-30,20635.603515625,20478.439453125,1.149999976158142,3.6600000858306885,,110.66999816894531,3.4700000286102295,13.850000381469727,228.26673889160156,13.78437614440918,274.9305419921875,7.050000190734863,25.673364639282227,1.2000000476837158,25.75,110.66999816894531,-0.09139392257522151
2022-10-31,20495.7734375,20380.0,1.0099999904632568,3.4800000190734863,,111.52999877929688,3.384999990463257,13.109999656677246,224.64732360839844,13.448582649230957,271.73358154296875,6.889999866485596,25.888887405395508,1.1399999856948853,25.8799991607666,111.52999877929688,-0.06778379231388788
2022-11-01,20485.2734375,20480.0,1.0099999904632568,3.259999990463257,,111.4800033569336,3.390000104904175,12.220000267028809,220.81495666503906,13.49441909790039,268.9571533203125,6.449999809265137,25.880268096923828,1.1200000047683716,25.809999465942383,111.4800033569336,-0.003089109364005774
2022-11-02,20159.50390625,20265.0,0.949999988079071,2.990000009536743,,111.3499984741211,2.880000114440918,10.920000076293945,213.0050811767578,13.17158031463623,259.738037109375,5.869999885559082,25.992340087890625,1.0800000429153442,25.860000610351562,111.3499984741211,0.0627968391924327
2022-11-03,20209.98828125,20285.0,0.9240000247955322,2.890000104904175,,112.93000030517578,2.565000057220459,10.510000228881836,207.34365844726562,13.372855186462402,254.66407775878906,5.510000228881836,26.20786476135254,1.0800000429153442,25.299999237060547,112.93000030517578,0.04453939371331124
2022-11-04,21147.23046875,21155.0,0.9150000214576721,3.0299999713897705,,110.87999725341797,2.7899999618530273,10.84000015258789,214.2534942626953,14.105217933654785,258.7603454589844,5.789999961853027,25.716468811035156,1.100000023841858,24.549999237060547,110.87999725341797,0.004408822003324534
2022-11-05,21282.69140625,21155.0,0.9150000214576721,3.0299999713897705,,110.87999725341797,2.7899999618530273,10.84000015258789,214.2534942626953,14.105217933654785,258.7603454589844,5.789999961853027,25.716468811035156,1.100000023841858,24.549999237060547,110.87999725341797,-0.0719973261722912
2022-11-06,20926.486328125,21155.0,0.9150000214576721,3.0299999713897705,,110.87999725341797,2.7899999618530273,10.84000015258789,214.2534942626953,14.105217933654785,258.7603454589844,5.789999961853027,25.716468811035156,1.100000023841858,24.549999237060547,110.87999725341797,0.13103795923993974
2022-11-07,20602.81640625,20845.0,0.8989999890327454,3.130000114440918,,110.12000274658203,2.7899999618530273,10.5,220.52459716796875,14.249699592590332,261.60528564453125,5.75,25.569910049438477,1.0700000524520874,24.350000381469727,110.12000274658203,0.1410585362551881
2022-11-08,18541.271484375,18080.0,0.8669999837875366,2.9200000762939453,,109.62000274658203,2.490000009536743,9.960000038146973,221.49240112304688,14.5496187210083,263.5117492675781,5.329999923706055,25.45783805847168,1.0099999904632568,25.540000915527344,109.62000274658203,-0.2985371212090089
2022-11-09,15880.7802734375,15615.0,0.765999972820282,2.484999895095825,,110.55000305175781,2.1600000858306885,9.609999656677246,217.27291870117188,13.726581573486328,257.4307861328125,4.900000095367432,25.64750099182129,0.8100000023841858,26.09000015258789,110.55000305175781,-0.20083164846658008
2022-11-10,17586.771484375,17780.0,0.8209999799728394,2.7200000286102295,,108.20999908447266,2.390000104904175,9.979999542236328,235.1475372314453,15.693501472473145,276.4263000488281,5.420000076293945,25.06127166748047,0.9100000262260437,23.530000686645508,108.20999908447266,0.13184581317611882
2022-11-11,17034.29296875,16050.0,0.9610000252723694,2.640000104904175,,106.29000091552734,2.9700000286102295,9.770000457763672,239.14439392089844,16.2684326171875,281.51971435546875,5.340000152587891,24.699188232421875,1.149999976158142,22.520000457763672,106.29000091552734,-0.6933962945611323
2022-11-12,16799.185546875,16050.0,0.9610000252723694,2.640000104904175,,106.29000091552734,2.9700000286102295,9.770000457763672,239.14439392089844,16.2684326171875,281.51971435546875,5.340000152587891,24.699188232421875,1.149999976158142,22.520000457763672,106.29000091552734,-0.5351584776187183
2022-11-13,16353.365234375,16050.0,0.9610000252723694,2.640000104904175,,106.29000091552734,2.9700000286102295,9.770000457763672,239.14439392089844,16.2684326171875,281.51971435546875,5.340000152587891,24.699188232421875,1.149999976158142,22.520000457763672,106.29000091552734,-0.22260756488504674
2022-11-14,16618.19921875,16005.0,0.949999988079071,2.509999990463257,,106.66000366210938,2.5199999809265137,9.520000457763672,233.76364135742188,16.236547470092773,279.0561218261719,5.139999866485596,24.811262130737305,1.159999966621399,23.729999542236328,106.66000366210938,-0.4427910947593928
2022-11-15,16884.61328125,16690.0,0.9940000176429749,2.5899999141693115,,106.4000015258789,2.4100000858306885,9.5,234.1701202392578,16.606216430664062,282.91778564453125,5.21999979019165,24.725053787231445,1.2400000095367432,24.540000915527344,106.4000015258789,-0.138312873152586
2022-11-16,16669.439453125,16285.0,0.9800000190734863,2.4000000953674316,,106.27999877929688,2.200000047683716,8.3100004196167,234.59710693359375,15.852927207946777,279.0561218261719,4.659999847412109,24.67332649230957,1.190000057220459,24.110000610351562,106.27999877929688,-0.27675036407029
2022-11-17,16687.517578125,16520.0,0.9290000200271606,2.3399999141693115,,106.69000244140625,1.940000057220459,8.029999732971191,234.54856872558594,15.62076473236084,278.4402160644531,4.630000114440918,24.768157958984375,1.1200000047683716,23.93000030517578,106.69000244140625,-0.12046195176058452
2022-11-18,16697.77734375,16530.0,0.8899999856948853,2.2799999713897705,,106.93000030517578,1.8899999856948853,7.46999979019165,234.1021728515625,15.353727340698242,278.4499816894531,4.460000038146973,24.83712387084961,0.9599999785423279,23.1200008392334,106.93000030517578,-0.12057461801966064
2022-11-19,16711.546875,16530.0,0.8899999856948853,2.2799999713897705,,106.93000030517578,1.8899999856948853,7.46999979019165,234.1021728515625,15.353727340698242,278.4499816894531,4.460000038146973,24.83712387084961,0.9599999785423279,23.1200008392334,106.93000030517578,-0.13036270767124902
2022-11-20,16291.83203125,16530.0,0.8899999856948853,2.2799999713897705,,106.93000030517578,1.8899999856948853,7.46999979019165,234.1021728515625,15.353727340698242,278.4499816894531,4.460000038146973,24.83712387084961,0.9599999785423279,23.1200008392334,106.93000030517578,0.1754262884320148
2022-11-21,15787.2841796875,15690.0,0.7850000262260437,2.0199999809265137,,107.83999633789062,1.5499999523162842,6.190000057220459,234.90768432617188,15.262055397033691,275.5855407714844,3.9800000190734863,25.052650451660156,0.8299999833106995,22.360000610351562,107.83999633789062,-0.07394623058423391
2022-11-22,16189.76953125,16055.0,0.7509999871253967,2.1500000953674316,,107.22000122070312,1.5299999713897705,6.420000076293945,237.79974365234375,15.980467796325684,279.5547180175781,3.990000009536743,24.897470474243164,0.6899999976158142,21.290000915527344,107.22000122070312,-0.09989236547675144
2022-11-23,16610.70703125,16610.0,0.8190000057220459,2.200000047683716,,106.08000183105469,1.6799999475479126,6.480000019073486,240.27450561523438,16.45974349975586,282.3605041503906,4.420000076293945,24.63884162902832,0.9300000071525574,20.350000381469727,106.08000183105469,-0.0005107774752777353
2022-11-24,16604.46484375,16610.0,0.8190000057220459,2.200000047683716,,106.08000183105469,1.6799999475479126,6.480000019073486,240.27450561523438,16.45974349975586,282.3605041503906,4.420000076293945,24.63884162902832,0.9300000071525574,20.350000381469727,106.08000183105469,0.004000241840073606
2022-11-25,16521.841796875,16512.2890625,0.8579999804496765,2.2200000286102295,,105.95999908447266,1.6649999618530273,6.21999979019165,240.18716430664062,16.211633682250977,280.5030517578125,4.429999828338623,24.63884162902832,0.8899999856948853,20.5,105.95999908447266,-0.006938258694722647
2022-11-26,16464.28125,16512.2890625,0.8579999804496765,2.2200000286102295,,105.95999908447266,1.6649999618530273,6.21999979019165,240.18716430664062,16.211633682250977,280.5030517578125,4.429999828338623,24.63884162902832,0.8899999856948853,20.5,105.95999908447266,0.03499051924905619
2022-11-27,16444.626953125,16512.2890625,0.8579999804496765,2.2200000286102295,,105.95999908447266,1.6649999618530273,6.21999979019165,240.18716430664062,16.211633682250977,280.5030517578125,4.429999828338623,24.63884162902832,0.8899999856948853,20.5,105.95999908447266,0.0493745048041789
2022-11-28,16217.322265625,15990.0,0.8799999952316284,2.0899999141693115,,106.68000030517578,1.5299999713897705,5.980000019073486,234.6262664794922,15.770223617553711,276.38720703125,4.25,24.81988525390625,0.7900000214576721,22.209999084472656,106.68000030517578,-0.16820700377164705
2022-11-29,16444.982421875,16265.0,0.8889999985694885,2.059999942779541,,106.81999969482422,1.4700000286102295,5.889999866485596,233.2384490966797,15.582898139953613,274.2950439453125,4.239999771118164,24.86298942565918,0.7300000190734863,21.889999389648438,106.81999969482422,-0.13133422749221452
2022-11-30,17168.56640625,17080.0,0.7820000052452087,2.25,,105.94999694824219,1.4900000095367432,6.320000171661377,247.61141967773438,16.866609573364258,286.7989807128906,4.650000095367432,24.664705276489258,0.8299999833106995,20.579999923706055,105.94999694824219,-0.061903647040273686
2022-12-01,16967.1328125,16820.0,0.8289999961853027,2.299999952316284,,104.7300033569336,1.5700000524520874,6.210000038146973,247.17469787597656,17.077898025512695,287.15093994140625,4.579999923706055,24.36297035217285,0.7799999713897705,19.84000015258789,104.7300033569336,-0.10405964104313808
2022-12-02,17088.66015625,16995.0,0.949999988079071,2.2799999713897705,,104.55000305175781,1.600000023841858,6.909999847412109,247.49497985839844,16.819765090942383,286.007080078125,4.960000038146973,24.337106704711914,0.8899999856948853,19.059999465942383,104.55000305175781,-0.0657700407593943
2022-12-03,16908.236328125,16995.0,0.949999988079071,2.2799999713897705,,104.55000305175781,1.600000023841858,6.909999847412109,247.49497985839844,16.819765090942383,286.007080078125,4.960000038146973,24.337106704711914,0.8899999856948853,19.059999465942383,104.55000305175781,0.06157733085195513
2022-12-04,17130.486328125,16995.0,0.949999988079071,2.2799999713897705,,104.55000305175781,1.600000023841858,6.909999847412109,247.49497985839844,16.819765090942383,286.007080078125,4.960000038146973,24.337106704711914,0.8899999856948853,19.059999465942383,104.55000305175781,-0.09490891889220253
2022-12-05,16974.826171875,16825.0,0.9490000009536743,2.0999999046325684,,105.29000091552734,1.6100000143051147,6.139999866485596,242.81723022460938,16.55465316772461,281.2068786621094,4.659999847412109,24.535388946533203,0.7799999713897705,20.75,105.29000091552734,-0.10591649329987847
2022-12-06,17089.50390625,16945.0,0.8899999856948853,2.069999933242798,,105.58000183105469,1.5099999904632568,5.789999961853027,237.88706970214844,15.933728218078613,275.3801574707031,4.380000114440918,24.55263328552246,0.9100000262260437,22.170000076293945,105.58000183105469,-0.10146853205995182
2022-12-07,16848.126953125,16725.0,0.777999997138977,2.049999952316284,,105.0999984741211,1.409999966621399,5.369999885559082,237.15921020507812,16.066280364990234,274.25592041015625,4.21999979019165,24.47504234313965,0.8100000023841858,22.68000030517578,105.0999984741211,-0.08769659924873419
2022-12-08,17233.474609375,17185.0,0.8100000023841858,2.109999895095825,,104.7699966430664,1.3700000047683716,5.389999866485596,240.09979248046875,17.111787796020508,277.501708984375,4.369999885559082,24.3974552154541,1.0299999713897705,22.290000915527344,104.7699966430664,-0.033753803320867054
2022-12-09,17133.15234375,17035.0,0.7799999713897705,2.130000114440918,,104.80999755859375,1.399999976158142,5.0,238.17822265625,16.94434928894043,275.73211669921875,4.190000057220459,24.449180603027344,1.2100000381469727,22.829999923706055,104.80999755859375,-0.06874555839863641
2022-12-10,17128.724609375,17035.0,0.7799999713897705,2.130000114440918,,104.80999755859375,1.399999976158142,5.0,238.17822265625,16.94434928894043,275.73211669921875,4.190000057220459,24.449180603027344,1.2100000381469727,22.829999923706055,104.80999755859375,-0.06566135764039459
2022-12-11,17104.193359375,17035.0,0.7799999713897705,2.130000114440918,,104.80999755859375,1.399999976158142,5.0,238.17822265625,16.94434928894043,275.73211669921875,4.190000057220459,24.449180603027344,1.2100000381469727,22.829999923706055,104.80999755859375,-0.04854483897920227
2022-12-12,17206.4375,17115.0,0.7350000143051147,2.299999952316284,,105.12999725341797,1.409999966621399,5.070000171661377,245.0590057373047,17.4765682220459,279.19293212890625,4.170000076293945,24.46642303466797,0.800000011920929,25.0,105.12999725341797,-0.06376973734394467
2022-12-13,17781.318359375,17745.0,0.7200000286102295,2.240000009536743,,103.9800033569336,1.350000023841858,4.659999847412109,249.3388671875,18.011777877807617,282.1943359375,4.070000171661377,24.250898361206055,0.699999988079071,22.549999237060547,103.9800033569336,-0.02451001122029957
2022-12-14,17815.650390625,17795.0,0.6800000071525574,2.2799999713897705,,103.7699966430664,1.3899999856948853,4.71999979019165,249.63003540039062,17.6151065826416,280.10223388671875,4.150000095367432,24.138824462890625,0.6499999761581421,21.139999389648438,103.7699966430664,-0.013909382035830723
2022-12-15,17364.865234375,17395.0,0.6930000185966492,1.899999976158142,,104.55999755859375,1.3200000524520874,4.340000152587891,241.6623077392578,16.895509719848633,270.69732666015625,4.019999980926514,24.36297035217285,0.6000000238418579,22.829999923706055,104.55999755859375,0.020824646930409384
2022-12-16,16647.484375,16775.0,0.6000000238418579,1.8899999856948853,,104.69999694824219,1.3799999952316284,3.880000114440918,237.46975708007812,16.515777587890625,268.11639404296875,3.799999952316284,24.40607452392578,0.6200000047683716,22.6200008392334,104.69999694824219,0.0919170407691102
2022-12-17,16795.091796875,16775.0,0.6000000238418579,1.8899999856948853,,104.69999694824219,1.3799999952316284,3.880000114440918,237.46975708007812,16.515777587890625,268.11639404296875,3.799999952316284,24.40607452392578,0.6200000047683716,22.6200008392334,104.69999694824219,-0.014355477505925921
2022-12-18,16757.9765625,16775.0,0.6000000238418579,1.8899999856948853,,104.69999694824219,1.3799999952316284,3.880000114440918,237.46975708007812,16.515777587890625,268.11639404296875,3.799999952316284,24.40607452392578,0.6200000047683716,22.6200008392334,104.69999694824219,0.012190090446666958
2022-12-19,16439.6796875,16495.0,0.6240000128746033,1.7799999713897705,,104.72000122070312,1.3300000429153442,3.869999885559082,233.3548583984375,16.199838638305664,264.3483581542969,3.819999933242798,24.41216278076172,0.5799999833106995,22.420000076293945,104.72000122070312,0.04038057691019109
2022-12-20,16906.3046875,16840.0,0.6000000238418579,1.909999966621399,,103.97000122070312,1.399999976158142,3.9100000858306885,234.66505432128906,16.031402587890625,264.1426086425781,3.8299999237060547,24.24692153930664,0.5799999833106995,21.479999542236328,103.97000122070312,-0.047062694344334376
2022-12-21,16817.53515625,16735.0,0.6000000238418579,2.0899999141693115,,104.16000366210938,1.340000033378601,3.6500000953674316,237.2174530029297,16.446012496948242,267.9743347167969,3.8299999237060547,24.30780029296875,0.5899999737739563,20.06999969482422,104.16000366210938,-0.058892213739890634
2022-12-22,16830.341796875,16735.0,0.5490000247955322,2.0399999618530273,,104.43000030517578,1.1299999952316284,3.6700000762939453,231.1615753173828,15.287885665893555,261.4183349609375,3.7799999713897705,24.342586517333984,0.6200000047683716,21.969999313354492,104.43000030517578,-0.06797851025892016
2022-12-23,16796.953125,16780.0,0.5400000214576721,1.9700000286102295,,104.30999755859375,1.190000057220459,3.619999885559082,231.6856231689453,15.1553316116333,262.0062255859375,3.680000066757202,24.333890914916992,0.7699999809265137,20.8700008392334,104.30999755859375,-0.0121115715740857
2022-12-24,16847.755859375,16780.0,0.5400000214576721,1.9700000286102295,,104.30999755859375,1.190000057220459,3.619999885559082,231.6856231689453,15.1553316116333,262.0062255859375,3.680000066757202,24.333890914916992,0.7699999809265137,20.8700008392334,104.30999755859375,-0.04825985842188969
2022-12-25,16841.986328125,16780.0,0.5400000214576721,1.9700000286102295,,104.30999755859375,1.190000057220459,3.619999885559082,231.6856231689453,15.1553316116333,262.0062255859375,3.680000066757202,24.333890914916992,0.7699999809265137,20.8700008392334,104.30999755859375,-0.04416557067605757
2022-12-26,16919.8046875,16780.0,0.5400000214576721,1.9700000286102295,,104.30999755859375,1.190000057220459,3.619999885559082,231.6856231689453,15.1553316116333,262.0062255859375,3.680000066757202,24.333890914916992,0.7699999809265137,20.8700008392334,104.30999755859375,-0.09915340519500308
2022-12-27,16717.173828125,16595.0,0.5080000162124634,1.8799999952316284,,104.18000030517578,1.1699999570846558,3.240000009536743,229.96783447265625,14.073946952819824,258.3018798828125,3.4200000762939453,24.325193405151367,0.6899999976158142,21.649999618530273,104.18000030517578,-0.08769938941673591
2022-12-28,16552.572265625,16570.0,0.41200000047683716,1.809999942779541,,104.45999908447266,1.059999942779541,3.1500000953674316,227.6095428466797,13.989228248596191,254.8916015625,3.2899999618530273,24.41216278076172,0.5899999737739563,22.139999389648438,104.45999908447266,0.01263446001890048
2022-12-29,16642.341796875,16585.0,0.4490000009536743,1.9500000476837158,,103.83999633789062,1.100000023841858,3.4100000858306885,233.89834594726562,14.554339408874512,261.10467529296875,3.4200000762939453,24.264314651489258,0.6399999856948853,21.440000534057617,103.83999633789062,-0.04134643855405059
2022-12-30,16602.5859375,16498.080078125,0.5600000023841858,2.0399999618530273,,103.5199966430664,1.25,3.4200000762939453,232.7434539794922,14.565302848815918,260.9478454589844,3.390000104904175,24.1860408782959,0.6700000166893005,21.670000076293945,103.5199966430664,-0.07553463762939791
2022-12-31,16547.49609375,16498.080078125,0.5600000023841858,2.0399999618530273,,103.5199966430664,1.25,3.4200000762939453,232.7434539794922,14.565302848815918,260.9478454589844,3.390000104904175,24.1860408782959,0.6700000166893005,21.670000076293945,103.5199966430664,-0.035835765371413114
2023-01-01,16625.080078125,16498.080078125,0.5600000023841858,2.0399999618530273,,103.5199966430664,1.25,3.4200000762939453,232.7434539794922,14.565302848815918,260.9478454589844,3.390000104904175,24.1860408782959,0.6700000166893005,21.670000076293945,103.5199966430664,-0.09166873138886432
2023-01-02,16688.470703125,16498.080078125,0.5600000023841858,2.0399999618530273,,103.5199966430664,1.25,3.4200000762939453,232.7434539794922,14.565302848815918,260.9478454589844,3.390000104904175,24.1860408782959,0.6700000166893005,21.670000076293945,103.5199966430664,-0.13690214883333682
2023-01-03,16679.857421875,16615.0,0.6399999856948853,2.009999990463257,,104.5199966430664,1.190000057220459,3.4000000953674316,232.5105743408203,14.267297744750977,259.18389892578125,3.369999885559082,24.446949005126953,0.7099999785423279,22.899999618530273,104.5199966430664,-0.04666041458359851
2023-01-04,16863.23828125,16780.0,0.6510000228881836,2.190000057220459,,104.25,1.2799999713897705,4.21999979019165,222.3397979736328,14.69985294342041,260.4186706542969,3.880000114440918,24.359981536865234,0.8100000023841858,22.010000228881836,104.25,-0.059232951485398734
2023-01-05,16836.736328125,16840.0,0.8019999861717224,2.1600000858306885,,105.04000091552734,1.3200000524520874,3.9100000858306885,215.75015258789062,14.217466354370117,256.342041015625,4.21999979019165,24.586101531982422,0.7300000190734863,22.459999084472656,105.04000091552734,0.0023261077287632173
2023-01-06,16951.96875,16895.0,0.7699999809265137,2.0999999046325684,,103.87999725341797,1.2799999713897705,4.090000152587891,218.29283142089844,14.809488296508789,263.41741943359375,4.28000020980835,24.264314651489258,0.6800000071525574,21.1299991607666,103.87999725341797,-0.040327174387930605
2023-01-07,16955.078125,16895.0,0.7699999809265137,2.0999999046325684,,103.87999725341797,1.2799999713897705,4.090000152587891,218.29283142089844,14.809488296508789,263.41741943359375,4.28000020980835,24.264314651489258,0.6800000071525574,21.1299991607666,103.87999725341797,-0.042520446953116
2023-01-08,17091.14453125,16895.0,0.7699999809265137,2.0999999046325684,,103.87999725341797,1.2799999713897705,4.090000152587891,218.29283142089844,14.809488296508789,263.41741943359375,4.28000020980835,24.264314651489258,0.6800000071525574,21.1299991607666,103.87999725341797,-0.13771660351337828
2023-01-09,17196.5546875,17225.0,0.9190000295639038,2.2100000381469727,,103.0,1.3200000524520874,4.900000095367432,220.418212890625,15.575922966003418,265.12261962890625,4.889999866485596,24.11646842956543,0.699999988079071,21.969999313354492,103.0,0.019849542899899552
2023-01-10,17446.29296875,17535.0,0.9430000185966492,2.450000047683716,,103.23999786376953,1.6299999952316284,5.75,222.09719848632812,15.855986595153809,267.36663818359375,5.639999866485596,24.133859634399414,0.7400000095367432,20.579999923706055,103.23999786376953,0.061014931762679706
2023-01-11,17934.896484375,17615.0,0.9959999918937683,2.4000000953674316,,103.19000244140625,1.5299999713897705,5.369999885559082,228.81298828125,15.94767951965332,271.9921875,5.369999885559082,24.133859634399414,0.75,21.09000015258789,103.19000244140625,-0.21403847052277952
2023-01-12,18869.587890625,19155.0,1.0499999523162842,2.6700000762939453,,102.25,1.6699999570846558,7.03000020980835,231.47215270996094,16.455978393554688,273.46209716796875,6.150000095367432,23.899045944213867,0.8199999928474426,18.829999923706055,102.25,0.18150610031084036
2023-01-13,19909.57421875,19550.0,1.1100000143051147,2.5799999237060547,,102.19999694824219,1.8300000429153442,7.679999828338623,232.1708984375,16.842687606811523,275.34368896484375,6.019999980926514,23.890348434448242,0.8799999952316284,18.350000381469727,102.19999694824219,-0.216724404931594
2023-01-14,20976.298828125,19550.0,1.1100000143051147,2.5799999237060547,,102.19999694824219,1.8300000429153442,7.679999828338623,232.1708984375,16.842687606811523,275.34368896484375,6.019999980926514,23.890348434448242,0.8799999952316284,18.350000381469727,102.19999694824219,-0.8159488038257464
2023-01-15,20880.798828125,19550.0,1.1100000143051147,2.5799999237060547,,102.19999694824219,1.8300000429153442,7.679999828338623,232.1708984375,16.842687606811523,275.34368896484375,6.019999980926514,23.890348434448242,0.8799999952316284,18.350000381469727,102.19999694824219,-0.7647976530471653
2023-01-16,21169.6328125,19550.0,1.1100000143051147,2.5799999237060547,,102.19999694824219,1.8300000429153442,7.679999828338623,232.1708984375,16.842687606811523,275.34368896484375,6.019999980926514,23.890348434448242,0.8799999952316284,18.350000381469727,102.19999694824219,-0.9180883731967187
2023-01-17,21161.51953125,21485.0,1.1200000047683716,2.7200000286102295,,102.38999938964844,1.9500000476837158,8.369999885559082,233.2578125,17.643014907836914,275.9023132324219,6.409999847412109,23.959922790527344,1.0199999809265137,19.360000610351562,102.38999938964844,0.18343510820513872
2023-01-18,20688.78125,20800.0,1.0149999856948853,2.5299999713897705,,102.36000061035156,1.9199999570846558,6.909999847412109,228.851806640625,17.319095611572266,272.3155517578125,5.710000038146973,23.959922790527344,0.8999999761581421,20.34000015258789,102.36000061035156,0.06450959985861904
2023-01-19,21086.79296875,21200.0,0.9480000138282776,2.490000009536743,,102.05999755859375,1.8700000047683716,7.340000152587891,225.08631896972656,16.709131240844727,269.6402587890625,5.78000020980835,23.899045944213867,0.8299999833106995,20.520000457763672,102.05999755859375,0.06442347003706222
2023-01-20,22676.552734375,22390.0,1.100000023841858,2.640000104904175,,102.01000213623047,1.9800000190734863,8.069999694824219,233.13165283203125,17.779558181762695,277.0194091796875,6.199999809265137,23.8642578125,0.8799999952316284,19.850000381469727,102.01000213623047,-0.15163825175629253
2023-01-21,22777.625,22390.0,1.100000023841858,2.640000104904175,,102.01000213623047,1.9800000190734863,8.069999694824219,233.13165283203125,17.779558181762695,277.0194091796875,6.199999809265137,23.8642578125,0.8799999952316284,19.850000381469727,102.01000213623047,-0.2042135648470813
2023-01-22,22720.416015625,22390.0,1.100000023841858,2.640000104904175,,102.01000213623047,1.9800000190734863,8.069999694824219,233.13165283203125,17.779558181762695,277.0194091796875,6.199999809265137,23.8642578125,0.8799999952316284,19.850000381469727,102.01000213623047,-0.1745123057946318
2023-01-23,22934.431640625,23090.0,1.149999976158142,2.8299999237060547,,102.13999938964844,2.1700000762939453,9.0,235.4219970703125,19.12904930114746,283.1737060546875,6.480000019073486,23.899045944213867,0.9100000262260437,19.809999465942383,102.13999938964844,0.08139815024642687
2023-01-24,22636.46875,23065.0,1.0800000429153442,2.799999952316284,,101.91999816894531,2.190000057220459,8.800000190734863,234.89794921875,19.200803756713867,282.59552001953125,6.139999866485596,23.872955322265625,0.949999988079071,19.200000762939453,101.91999816894531,0.22717213788038387
2023-01-25,23117.859375,22940.0,1.1299999952316284,2.799999952316284,,101.63999938964844,2.1600000858306885,8.75,233.51016235351562,19.25861167907715,281.9684143066406,6.230000019073486,23.79468536376953,1.0099999904632568,19.079999923706055,101.63999938964844,-0.09232310247150641
2023-01-26,23032.77734375,23075.0,1.2599999904632568,2.8499999046325684,,101.83999633789062,2.180000066757202,8.75,240.68209838867188,19.736019134521484,287.46600341796875,6.130000114440918,23.855562210083008,1.0499999523162842,18.729999542236328,101.83999633789062,0.02199786276045805
2023-01-27,23078.728515625,23052.73046875,1.4700000286102295,2.9200000762939453,,101.93000030517578,2.0850000381469727,8.020000457763672,240.83737182617188,20.29714012145996,290.3275451660156,6.329999923706055,23.890348434448242,1.1100000143051147,18.510000228881836,101.93000030517578,-0.013517926790844756
2023-01-28,23031.08984375,23052.73046875,1.4700000286102295,2.9200000762939453,,101.93000030517578,2.0850000381469727,8.020000457763672,240.83737182617188,20.29714012145996,290.3275451660156,6.329999923706055,23.890348434448242,1.1100000143051147,18.510000228881836,101.93000030517578,0.011275519385395998
2023-01-29,23774.56640625,23052.73046875,1.4700000286102295,2.9200000762939453,,101.93000030517578,2.0850000381469727,8.020000457763672,240.83737182617188,20.29714012145996,290.3275451660156,6.329999923706055,23.890348434448242,1.1100000143051147,18.510000228881836,101.93000030517578,-0.3643402408265529
2023-01-30,22840.138671875,22825.0,1.2200000286102295,2.799999952316284,,102.27999877929688,2.0899999141693115,7.170000076293945,235.54820251464844,19.09814453125,284.45745849609375,5.940000057220459,23.977317810058594,1.0399999618530273,19.940000534057617,102.27999877929688,-0.007953719769823394
2023-01-31,23139.283203125,23250.0,1.2000000476837158,3.1700000762939453,,102.0999984741211,2.140000104904175,7.210000038146973,240.4977264404297,19.471895217895508,288.72039794921875,6.269999980926514,23.92513656616211,0.9800000190734863,19.399999618530273,102.0999984741211,0.057417576458054245
2023-02-01,23723.76953125,23755.0,1.3799999952316284,3.240000009536743,,101.22000122070312,2.140000104904175,7.519999980926514,245.2919464111328,20.873218536376953,294.8942565917969,6.860000133514404,23.699016571044922,1.0299999713897705,17.8700008392334,101.22000122070312,0.015797052171930018
2023-02-02,23471.87109375,24005.0,2.0,3.640000104904175,,101.75,2.430000066757202,8.0,256.79229736328125,21.63665771484375,305.4779357910156,7.489999771118164,23.855562210083008,0.6700000166893005,18.729999542236328,101.75,0.2725622874055198
2023-02-03,23449.322265625,23485.0,1.840000033378601,3.509999990463257,,102.91999816894531,2.244999885559082,7.070000171661377,250.72669982910156,21.029687881469727,300.04888916015625,6.840000152587891,24.168651580810547,0.6800000071525574,18.329999923706055,102.91999816894531,0.018257790466192345
2023-02-04,23331.84765625,23485.0,1.840000033378601,3.509999990463257,,102.91999816894531,2.244999885559082,7.070000171661377,250.72669982910156,21.029687881469727,300.04888916015625,6.840000152587891,24.168651580810547,0.6800000071525574,18.329999923706055,102.91999816894531,0.07876907787488031
2023-02-05,22955.666015625,23485.0,1.840000033378601,3.509999990463257,,102.91999816894531,2.244999885559082,7.070000171661377,250.72669982910156,21.029687881469727,300.04888916015625,6.840000152587891,24.168651580810547,0.6800000071525574,18.329999923706055,102.91999816894531,0.27670762452182585
2023-02-06,22760.109375,23110.0,1.8200000524520874,3.4800000190734863,,103.62000274658203,2.2149999141693115,7.079999923706055,249.19329833984375,21.018726348876953,297.5107116699219,6.679999828338623,24.30780029296875,0.6499999761581421,19.43000030517578,103.62000274658203,0.18447571717787495
2023-02-07,23264.291015625,23300.0,1.7000000476837158,3.5399999618530273,,103.43000030517578,2.140000104904175,7.099999904632568,259.6648864746094,22.099111557006836,303.6747741699219,6.599999904632568,24.264314651489258,0.699999988079071,18.65999984741211,103.43000030517578,0.01841912191573778
2023-02-08,22939.3984375,22885.0,1.6749999523162842,3.4200000762939453,,103.41000366210938,2.075000047683716,6.809999942779541,258.85943603515625,22.13100814819336,298.275146484375,6.519999980926514,24.2904052734375,0.7099999785423279,19.6299991607666,103.41000366210938,-0.02845677282159549
2023-02-09,21819.0390625,22010.0,1.5149999856948853,3.240000009536743,,103.22000122070312,1.8600000143051147,5.949999809265137,255.8411865234375,22.26256561279297,295.6389465332031,5.650000095367432,24.255617141723633,0.6600000262260437,20.709999084472656,103.22000122070312,0.10502438917845903
2023-02-10,21651.18359375,21775.0,1.5099999904632568,2.9549999237060547,,103.62999725341797,1.7599999904632568,5.920000076293945,255.33656311035156,21.194135665893555,293.6986083984375,5.510000228881836,24.333890914916992,0.6399999856948853,20.530000686645508,103.62999725341797,0.06862427952571155
2023-02-11,21870.875,21775.0,1.5099999904632568,2.9549999237060547,,103.62999725341797,1.7599999904632568,5.920000076293945,255.33656311035156,21.194135665893555,293.6986083984375,5.510000228881836,24.333890914916992,0.6399999856948853,20.530000686645508,103.62999725341797,-0.05260420536444015
2023-02-12,21788.203125,21775.0,1.5099999904632568,2.9549999237060547,,103.62999725341797,1.7599999904632568,5.920000076293945,255.33656311035156,21.194135665893555,293.6986083984375,5.510000228881836,24.333890914916992,0.6399999856948853,20.530000686645508,103.62999725341797,-0.007271710250314641
2023-02-13,21808.1015625,21710.0,1.3899999856948853,2.940000057220459,,103.3499984741211,2.130000114440918,5.849999904632568,263.3139953613281,21.715394973754883,298.40252685546875,5.46999979019165,24.264314651489258,0.6499999761581421,20.34000015258789,103.3499984741211,-0.05398079913678869
2023-02-14,22220.8046875,22335.0,1.5149999856948853,3.2799999713897705,,103.2300033569336,2.559999942779541,6.71999979019165,264.138916015625,22.894453048706055,300.6075134277344,5.900000095367432,24.24692153930664,0.6000000238418579,18.90999984741211,103.2300033569336,0.06166940258337573
2023-02-15,24307.841796875,24250.0,1.8300000429153442,3.559999942779541,,103.91999816894531,4.275000095367432,7.949999809265137,262.02764892578125,22.688142776489258,302.9104309082031,6.659999847412109,24.41216278076172,0.6499999761581421,18.229999542236328,103.91999816894531,-0.02855463550816894
2023-02-16,23623.474609375,24640.0,1.8899999856948853,3.390000104904175,,103.86000061035156,4.150000095367432,7.210000038146973,255.0518035888672,21.928686141967773,297.2265930175781,6.360000133514404,24.446949005126953,0.6700000166893005,20.170000076293945,103.86000061035156,0.5163636970938683
2023-02-17,24565.6015625,24870.0,1.899999976158142,3.380000114440918,,103.86000061035156,3.75,7.699999809265137,251.0725555419922,21.31673240661621,295.12945556640625,6.590000152587891,24.429555892944336,0.6299999952316284,20.020000457763672,103.86000061035156,0.14869496440812022
2023-02-18,24641.27734375,24870.0,1.899999976158142,3.380000114440918,,103.86000061035156,3.75,7.699999809265137,251.0725555419922,21.31673240661621,295.12945556640625,6.590000152587891,24.429555892944336,0.6299999952316284,20.020000457763672,103.86000061035156,0.11138512978492801
2023-02-19,24327.642578125,24870.0,1.899999976158142,3.380000114440918,,103.86000061035156,3.75,7.699999809265137,251.0725555419922,21.31673240661621,295.12945556640625,6.590000152587891,24.429555892944336,0.6299999952316284,20.020000457763672,103.86000061035156,0.26752649960223196
2023-02-20,24829.1484375,24870.0,1.899999976158142,3.380000114440918,,103.86000061035156,3.75,7.699999809265137,251.0725555419922,21.31673240661621,295.12945556640625,6.590000152587891,24.429555892944336,0.6299999952316284,20.020000457763672,103.86000061035156,0.01974367953995603
2023-02-21,24436.353515625,24490.0,1.7400000095367432,3.119999885559082,,104.18000030517578,3.309999942779541,7.130000114440918,245.8284912109375,20.586172103881836,288.1422119140625,6.21999979019165,24.507827758789062,0.6700000166893005,22.8700008392334,104.18000030517578,0.026344266630795417
2023-02-22,24188.84375,23800.0,1.7300000190734863,2.9700000286102295,,104.58999633789062,3.25,7.190000057220459,244.6999053955078,20.68484115600586,288.35784912109375,6.349999904632568,24.586101531982422,0.6899999976158142,22.290000915527344,104.58999633789062,-0.1929040117926265
2023-02-23,23947.4921875,23920.0,1.6399999856948853,2.940000057220459,,104.5999984741211,3.009999990463257,7.28000020980835,247.8716583251953,23.585140228271484,290.87628173828125,6.369999885559082,24.594797134399414,0.6899999976158142,21.139999389648438,104.5999984741211,-0.01377623374576996
2023-02-24,23198.126953125,23576.05078125,1.5099999904632568,2.75,,105.20999908447266,2.819999933242798,6.670000076293945,242.47189331054688,23.208406448364258,286.005859375,5.869999885559082,24.77743148803711,0.6800000071525574,21.670000076293945,105.20999908447266,0.1954936252682712
2023-02-25,23175.375,23576.05078125,1.5099999904632568,2.75,,105.20999908447266,2.819999933242798,6.670000076293945,242.47189331054688,23.208406448364258,286.005859375,5.869999885559082,24.77743148803711,0.6800000071525574,21.670000076293945,105.20999908447266,0.2074663031342535
2023-02-26,23561.212890625,23576.05078125,1.5099999904632568,2.75,,105.20999908447266,2.819999933242798,6.670000076293945,242.47189331054688,23.208406448364258,286.005859375,5.869999885559082,24.77743148803711,0.6800000071525574,21.670000076293945,105.20999908447266,0.007557110422394592
2023-02-27,23522.87109375,23445.0,1.4600000381469727,2.799999952316284,,104.66999816894531,2.740000009536743,7.110000133514404,243.38644409179688,23.422685623168945,288.0539855957031,6.010000228881836,24.6469783782959,0.6299999952316284,20.950000762939453,104.66999816894531,-0.03972530059259149
2023-02-28,23147.353515625,23410.0,1.5199999809265137,2.759999990463257,,104.87000274658203,2.7699999809265137,7.099999904632568,242.66650390625,23.138635635375977,287.68157958984375,6.25,24.716554641723633,0.6399999856948853,20.700000762939453,104.87000274658203,0.1361606116384964
2023-03-01,23646.55078125,23530.0,1.4600000381469727,2.5799999237060547,,104.4800033569336,2.740000009536743,6.510000228881836,239.60177612304688,22.622364044189453,285.36883544921875,6.139999866485596,24.586101531982422,0.6100000143051147,20.579999923706055,104.4800033569336,-0.05914644329899462
2023-03-02,23475.466796875,23590.0,1.590000033378601,2.5399999618530273,,105.02999877929688,2.5,6.260000228881836,244.3107147216797,23.236310958862305,287.7305908203125,6.179999828338623,24.716554641723633,0.6600000262260437,19.59000015258789,105.02999877929688,0.05854616009948551
2023-03-03,22362.6796875,22320.0,1.6100000143051147,2.549999952316284,,104.5199966430664,2.615000009536743,6.380000114440918,248.37757873535156,23.810388565063477,293.67901611328125,6.340000152587891,24.620885848999023,0.6499999761581421,18.489999771118164,104.5199966430664,-0.022902275449854896
2023-03-04,22353.349609375,22320.0,1.6100000143051147,2.549999952316284,,104.5199966430664,2.615000009536743,6.380000114440918,248.37757873535156,23.810388565063477,293.67901611328125,6.340000152587891,24.620885848999023,0.6499999761581421,18.489999771118164,104.5199966430664,-0.01790314738029946
2023-03-05,22435.513671875,22320.0,1.6100000143051147,2.549999952316284,,104.5199966430664,2.615000009536743,6.380000114440918,248.37757873535156,23.810388565063477,293.67901611328125,6.340000152587891,24.620885848999023,0.6499999761581421,18.489999771118164,104.5199966430664,-0.06178436931612069
2023-03-06,22429.7578125,22390.0,1.5800000429153442,2.4700000286102295,,104.3499984741211,2.640000104904175,6.320000171661377,249.91473388671875,23.475515365600586,294.0122375488281,6.369999885559082,24.586101531982422,0.6600000262260437,18.610000610351562,104.3499984741211,-0.021270570729663332
2023-03-07,22219.76953125,22070.0,1.4900000095367432,2.380000114440918,,105.62000274658203,2.75,6.090000152587891,247.2684326171875,23.214340209960938,290.4059143066406,6.170000076293945,24.890491485595703,0.6800000071525574,19.59000015258789,105.62000274658203,-0.08088447418288296
2023-03-08,21718.080078125,22115.0,1.5,2.380000114440918,,105.66000366210938,2.5399999618530273,6.179999828338623,246.8306121826172,24.10451316833496,291.8562927246094,6.300000190734863,24.881793975830078,0.6700000166893005,19.110000610351562,105.66000366210938,0.21931216043804228
2023-03-09,20363.021484375,20065.0,1.4199999570846558,2.134999990463257,,105.30999755859375,2.390000104904175,5.510000228881836,245.48797607421875,23.36187171936035,286.7995910644531,5.53000020980835,24.812219619750977,0.6200000047683716,22.610000610351562,105.30999755859375,-0.17562510628612468
2023-03-10,20187.244140625,19965.0,1.3200000524520874,2.0799999237060547,,104.58000183105469,2.569999933242798,5.329999923706055,241.8589630126953,22.892362594604492,282.7718811035156,5.300000190734863,24.655675888061523,0.5799999833106995,24.799999237060547,104.58000183105469,-0.1321096465135152
2023-03-11,20632.41015625,19965.0,1.3200000524520874,2.0799999237060547,,104.58000183105469,2.569999933242798,5.329999923706055,241.8589630126953,22.892362594604492,282.7718811035156,5.300000190734863,24.655675888061523,0.5799999833106995,24.799999237060547,104.58000183105469,-0.38817190111810207
2023-03-12,22163.94921875,19965.0,1.3200000524520874,2.0799999237060547,,104.58000183105469,2.569999933242798,5.329999923706055,241.8589630126953,22.892362594604492,282.7718811035156,5.300000190734863,24.655675888061523,0.5799999833106995,24.799999237060547,104.58000183105469,-1.190554551653507
2023-03-13,24197.533203125,24405.0,1.8200000524520874,2.2799999713897705,,103.5999984741211,2.640000104904175,6.699999809265137,247.04466247558594,22.89335823059082,284.8690185546875,6.25,24.429555892944336,0.6399999856948853,26.520000457763672,103.5999984741211,0.10288658523995659
2023-03-14,24746.07421875,25240.0,1.6799999475479126,2.430000066757202,,103.5999984741211,2.680000066757202,7.130000114440918,253.72862243652344,23.98689079284668,291.415283203125,6.889999866485596,24.429555892944336,0.6100000143051147,23.729999542236328,103.5999984741211,0.23951715826137193
2023-03-15,24375.9609375,24490.0,1.8300000429153442,2.2899999618530273,,104.6500015258789,2.7200000286102295,7.090000152587891,258.25274658203125,24.151371002197266,292.944091796875,6.690000057220459,24.690462112426758,0.5600000023841858,26.139999389648438,104.6500015258789,0.056140094477044655
2023-03-16,25052.7890625,25090.0,1.9600000381469727,2.299999952316284,,104.41999816894531,2.9800000190734863,7.630000114440918,268.721435546875,25.46021842956543,300.6662902832031,7.050000190734863,24.664371490478516,0.5400000214576721,22.989999771118164,104.41999816894531,0.01782361432437818
2023-03-17,27423.9296875,27000.0,2.319999933242798,2.450000047683716,,103.70999908447266,2.9800000190734863,8.170000076293945,271.8639221191406,25.643632888793945,299.24530029296875,8.100000381469727,24.525222778320312,0.6100000143051147,25.510000228881836,103.70999908447266,-0.1855006305795321
2023-03-18,26965.87890625,27000.0,2.319999933242798,2.450000047683716,,103.70999908447266,2.9800000190734863,8.170000076293945,271.8639221191406,25.643632888793945,299.24530029296875,8.100000381469727,24.525222778320312,0.6100000143051147,25.510000228881836,103.70999908447266,0.015184119398574442
2023-03-19,28038.67578125,27000.0,2.319999933242798,2.450000047683716,,103.70999908447266,2.9800000190734863,8.170000076293945,271.8639221191406,25.643632888793945,299.24530029296875,8.100000381469727,24.525222778320312,0.6100000143051147,25.510000228881836,103.70999908447266,-0.4445327401422784
2023-03-20,27767.236328125,27945.0,2.130000114440918,2.5899999141693115,,103.27999877929688,3.0199999809265137,7.849999904632568,264.8588562011719,25.818078994750977,300.3072204589844,8.550000190734863,24.386072158813477,0.6399999856948853,24.149999618530273,103.27999877929688,0.07682306000109025
2023-03-21,28175.81640625,28310.0,2.5,2.9700000286102295,,103.26000213623047,3.319999933242798,8.869999885559082,266.366943359375,26.116132736206055,304.5964050292969,9.069999694824219,24.37737464904785,0.7400000095367432,21.3799991607666,103.26000213623047,0.05714841060090178
2023-03-22,27307.4375,26800.0,2.049999952316284,2.680000066757202,,102.3499984741211,2.940000057220459,7.78000020980835,264.9172668457031,26.3842830657959,300.4544982910156,8.100000381469727,24.194740295410156,0.7400000095367432,22.260000228881836,102.3499984741211,-0.2229887004227328
2023-03-23,28333.97265625,28550.0,2.3399999141693115,2.869999885559082,,102.52999877929688,3.200000047683716,8.460000038146973,270.1418762207031,27.104991912841797,304.017333984375,9.470000267028809,24.22952651977539,0.7900000214576721,22.610000610351562,102.52999877929688,0.09149186937004317
2023-03-24,27493.28515625,27915.0,2.140000104904175,2.690000057220459,,103.12000274658203,2.930000066757202,7.809999942779541,272.97308349609375,26.69429588317871,305.13623046875,8.630000114440918,24.37737464904785,0.7799999713897705,21.739999771118164,103.12000274658203,0.1840659672439904
2023-03-25,27494.70703125,27915.0,2.140000104904175,2.690000057220459,,103.12000274658203,2.930000066757202,7.809999942779541,272.97308349609375,26.69429588317871,305.13623046875,8.630000114440918,24.37737464904785,0.7799999713897705,21.739999771118164,103.12000274658203,0.1834358743763892
2023-03-26,27994.330078125,27915.0,2.140000104904175,2.690000057220459,,103.12000274658203,2.930000066757202,7.809999942779541,272.97308349609375,26.69429588317871,305.13623046875,8.630000114440918,24.37737464904785,0.7799999713897705,21.739999771118164,103.12000274658203,-0.03400549092774576
2023-03-27,27139.888671875,26980.0,1.8899999856948853,2.5799999237060547,,102.86000061035156,2.7200000286102295,7.110000133514404,268.896484375,26.44708251953125,303.0456848144531,8.039999961853027,24.299102783203125,0.7599999904632568,20.600000381469727,102.86000061035156,-0.07069535493298862
2023-03-28,27268.130859375,27455.0,1.899999976158142,2.505000114440918,,102.43000030517578,2.7699999809265137,7.199999809265137,267.7777099609375,26.32646369934082,301.43597412109375,8.109999656677246,24.212133407592773,0.7599999904632568,19.969999313354492,102.43000030517578,0.08223628157956543
2023-03-29,28348.44140625,28440.0,2.200000047683716,2.700000047683716,,102.63999938964844,3.0,7.949999809265137,272.9147033691406,26.89864730834961,306.9323425292969,9.229999542236328,24.273012161254883,0.7799999713897705,19.1200008392334,102.63999938964844,0.03875709106031375
2023-03-30,28033.5625,27965.0,2.0899999141693115,2.6700000762939453,,102.13999938964844,2.9800000190734863,7.829999923706055,276.3587951660156,27.29638671875,309.8374938964844,9.140000343322754,24.15995216369629,0.7900000214576721,19.020000457763672,102.13999938964844,-0.029348749378535106
2023-03-31,28478.484375,28476.5,2.3299999237060547,2.7799999713897705,,102.51000213623047,3.059999942779541,8.720000267028809,280.4936828613281,27.68914031982422,314.9903869628906,9.989999771118164,24.24692153930664,0.9399999976158142,18.700000762939453,102.51000213623047,-0.000836157559736709
2023-04-01,28411.03515625,28476.5,2.3299999237060547,2.7799999713897705,,102.51000213623047,3.059999942779541,8.720000267028809,280.4936828613281,27.68914031982422,314.9903869628906,9.989999771118164,24.24692153930664,0.9399999976158142,18.700000762939453,102.51000213623047,0.027650457671803085
2023-04-02,28199.30859375,28476.5,2.3299999237060547,2.7799999713897705,,102.51000213623047,3.059999942779541,8.720000267028809,280.4936828613281,27.68914031982422,314.9903869628906,9.989999771118164,24.24692153930664,0.9399999976158142,18.700000762939453,102.51000213623047,0.1179566819498982
2023-04-03,27790.220703125,28265.0,2.4000000953674316,2.700000047683716,,102.08999633789062,2.9800000190734863,8.430000305175781,279.4527282714844,27.87654685974121,314.22479248046875,9.670000076293945,24.133859634399414,1.0299999713897705,18.549999237060547,102.08999633789062,0.20501282171750923
2023-04-04,28168.08984375,28375.0,2.319999933242798,2.6500000953674316,,101.58999633789062,2.9100000858306885,8.510000228881836,279.40411376953125,27.366165161132812,313.1649475097656,9.5600004196167,24.03819465637207,0.9599999785423279,19.0,101.58999633789062,0.08814661870126476
2023-04-05,28177.984375,28385.0,2.240000009536743,2.490000009536743,,101.8499984741211,2.7899999618530273,7.929999828338623,276.6409606933594,26.795974731445312,310.0731506347656,9.149999618530273,24.107770919799805,0.9399999976158142,19.079999923706055,101.8499984741211,0.08816058192593841
2023-04-06,28044.140625,28140.0,2.3299999237060547,2.440000057220459,,101.81999969482422,2.990000009536743,7.980000019073486,283.70440673828125,26.951480865478516,312.1636962890625,9.15999984741211,24.125164031982422,1.0,18.399999618530273,101.81999969482422,0.04101792653879905
2023-04-07,27925.859375,28140.0,2.3299999237060547,2.440000057220459,,101.81999969482422,2.990000009536743,7.980000019073486,283.70440673828125,26.951480865478516,312.1636962890625,9.15999984741211,24.125164031982422,1.0,18.399999618530273,101.81999969482422,0.09201820669126677
2023-04-08,27947.794921875,28140.0,2.3299999237060547,2.440000057220459,,101.81999969482422,2.990000009536743,7.980000019073486,283.70440673828125,26.951480865478516,312.1636962890625,9.15999984741211,24.125164031982422,1.0,18.399999618530273,101.81999969482422,0.08252747467009326
2023-04-09,28333.05078125,28140.0,2.3299999237060547,2.440000057220459,,101.81999969482422,2.990000009536743,7.980000019073486,283.70440673828125,26.951480865478516,312.1636962890625,9.15999984741211,24.125164031982422,1.0,18.399999618530273,101.81999969482422,-0.08176349920401321
2023-04-10,29652.98046875,29420.0,2.5399999618530273,2.7100000381469727,,102.58000183105469,3.3499999046325684,9.100000381469727,281.5542297363281,27.491769790649414,311.987060546875,10.579999923706055,24.264314651489258,1.159999966621399,18.969999313354492,102.58000183105469,-0.09428278644523902
2023-04-11,30235.05859375,30325.0,2.569999933242798,3.0999999046325684,,102.19999694824219,3.9000000953674316,10.229999542236328,275.1718444824219,27.083065032958984,309.98480224609375,12.380000114440918,24.177345275878906,1.4299999475479126,19.100000381469727,102.19999694824219,0.035696867318891365
2023-04-12,30139.052734375,29925.0,2.359999895095825,3.259999990463257,,101.5,3.6500000953674316,9.949999809265137,275.81402587890625,26.411197662353516,307.2464294433594,12.350000381469727,24.046892166137695,1.350000023841858,19.09000015258789,101.5,-0.08522606317916402
2023-04-13,30399.06640625,30530.0,2.6500000953674316,3.940000057220459,,101.01000213623047,4.199999809265137,11.520000457763672,281.9920349121094,26.379297256469727,313.2629699707031,13.5,23.933834075927734,1.5199999809265137,17.799999237060547,101.01000213623047,0.05168590061295314
2023-04-14,30485.69921875,30470.0,2.9100000858306885,4.130000114440918,,101.55000305175781,4.519999980926514,11.970000267028809,278.39227294921875,26.67336654663086,312.674072265625,13.479999542236328,24.07298469543457,1.440000057220459,17.06999969482422,101.55000305175781,-0.0061796393006505745
2023-04-15,30318.49609375,30470.0,2.9100000858306885,4.130000114440918,,101.55000305175781,4.519999980926514,11.970000267028809,278.39227294921875,26.67336654663086,312.674072265625,13.479999542236328,24.07298469543457,1.440000057220459,17.06999969482422,101.55000305175781,0.05996494250170875
2023-04-16,30315.35546875,30470.0,2.9100000858306885,4.130000114440918,,101.55000305175781,4.519999980926514,11.970000267028809,278.39227294921875,26.67336654663086,312.674072265625,13.479999542236328,24.07298469543457,1.440000057220459,17.06999969482422,101.55000305175781,0.06121433663916453
2023-04-17,29445.044921875,29550.0,2.690000057220459,4.389999866485596,,102.0999984741211,4.320000171661377,11.449999809265137,280.98016357421875,26.916593551635742,312.9390563964844,12.930000305175781,24.194740295410156,1.440000057220459,16.950000762939453,102.0999984741211,0.04277327274730475
2023-04-18,30397.552734375,30325.0,2.7799999713897705,5.03000020980835,,101.75,4.630000114440918,11.680000305175781,280.5618591308594,27.57948875427246,312.9586486816406,13.449999809265137,24.107770919799805,1.559999942779541,16.829999923706055,101.75,-0.028641542959326687
2023-04-19,28822.6796875,29265.0,2.450000047683716,4.460000038146973,,101.97000122070312,4.300000190734863,10.65999984741211,280.6396484375,27.842653274536133,312.81146240234375,12.109999656677246,24.15995216369629,1.4600000381469727,16.459999084472656,101.97000122070312,0.184155110057374
2023-04-20,28245.98828125,28095.0,2.3399999141693115,3.9000000953674316,,101.83999633789062,3.9800000190734863,9.520000457763672,278.3630065917969,27.01827049255371,310.4264831542969,10.899999618530273,24.15995216369629,1.4299999475479126,17.170000076293945,101.83999633789062,-0.06414572423379261
2023-04-21,27276.91015625,27310.0,2.259999990463257,3.869999885559082,,101.81999969482422,3.9700000286102295,8.930000305175781,278.0225524902344,27.033222198486328,310.7503662109375,10.520000457763672,24.133859634399414,1.4500000476837158,16.770000457763672,101.81999969482422,0.014557298562242648
2023-04-22,27817.5,27310.0,2.259999990463257,3.869999885559082,,101.81999969482422,3.9700000286102295,8.930000305175781,278.0225524902344,27.033222198486328,310.7503662109375,10.520000457763672,24.133859634399414,1.4500000476837158,16.770000457763672,101.81999969482422,-0.21892693448368833
2023-04-23,27591.384765625,27310.0,2.259999990463257,3.869999885559082,,101.81999969482422,3.9700000286102295,8.930000305175781,278.0225524902344,27.033222198486328,310.7503662109375,10.520000457763672,24.133859634399414,1.4500000476837158,16.770000457763672,101.81999969482422,-0.12237940270786234
2023-04-24,27525.33984375,27400.0,2.0799999237060547,3.740000009536743,,101.3499984741211,4.090000152587891,8.890000343322754,274.1405334472656,26.956464767456055,310.1025085449219,10.390000343322754,24.05558967590332,1.4299999475479126,16.889999389648438,101.3499984741211,-0.05464339890217636
2023-04-25,28307.59765625,27605.0,2.200000047683716,3.6700000762939453,,101.86000061035156,3.9800000190734863,8.989999771118164,267.96246337890625,26.158000946044922,304.25286865234375,10.710000038146973,24.168651580810547,1.3899999856948853,18.760000228881836,101.86000061035156,-0.2978413066832074
2023-04-26,28422.701171875,27900.0,2.2899999618530273,3.819999933242798,,101.47000122070312,4.230000019073486,9.460000038146973,287.372314453125,26.87073516845703,306.0981140136719,10.90999984741211,24.090377807617188,1.590000033378601,18.84000015258789,101.47000122070312,-0.22068324979283516
2023-04-27,29473.787109375,29690.0,2.3399999141693115,3.9700000286102295,,101.5,4.230000019073486,10.0600004196167,296.5761413574219,27.13988494873047,314.4211730957031,11.84000015258789,24.09907341003418,1.690000057220459,17.030000686645508,101.5,0.08802922671157946
2023-04-28,29340.26171875,29177.470703125,2.309999942779541,3.9100000858306885,,101.66999816894531,4.0,10.069999694824219,298.9403991699219,27.661230087280273,316.5901794433594,11.960000038146973,24.133859634399414,1.7799999713897705,15.779999732971191,101.66999816894531,-0.06658059857222111
2023-04-29,29248.48828125,29177.470703125,2.309999942779541,3.9100000858306885,,101.66999816894531,4.0,10.069999694824219,298.9403991699219,27.661230087280273,316.5901794433594,11.960000038146973,24.133859634399414,1.7799999713897705,15.779999732971191,101.66999816894531,-0.029136922541269157
2023-04-30,29268.806640625,29177.470703125,2.309999942779541,3.9100000858306885,,101.66999816894531,4.0,10.069999694824219,298.9403991699219,27.661230087280273,316.5901794433594,11.960000038146973,24.133859634399414,1.7799999713897705,15.779999732971191,101.66999816894531,-0.037447076796042394
2023-05-01,28091.568359375,27915.0,2.0999999046325684,3.4200000762939453,,102.1500015258789,3.6700000762939453,8.779999732971191,297.2864074707031,28.818553924560547,316.2270812988281,10.520000457763672,24.255617141723633,1.6699999570846558,16.079999923706055,102.1500015258789,-0.07542549014686416
2023-05-02,28680.537109375,28850.0,2.259999990463257,3.809999942779541,,101.95999908447266,3.9000000953674316,9.550000190734863,297.1405029296875,28.120769500732422,313.4691162109375,11.779999732971191,24.194740295410156,1.7799999713897705,17.780000686645508,101.95999908447266,0.07090364729729132
2023-05-03,29006.30859375,28415.0,2.4000000953674316,3.7899999618530273,,101.33999633789062,3.640000104904175,9.550000190734863,296.1577453613281,27.714061737060547,311.4178161621094,10.739999771118164,24.064287185668945,1.7699999809265137,18.34000015258789,101.33999633789062,-0.244626202678162
2023-05-04,28847.7109375,29015.0,2.380000114440918,3.990000009536743,,101.4000015258789,3.569999933242798,10.270000457763672,297.1405029296875,27.474821090698242,310.3185119628906,10.84000015258789,24.090377807617188,1.7799999713897705,20.09000015258789,101.4000015258789,0.06958849367110204
2023-05-05,29534.384765625,29765.0,2.2100000381469727,4.199999809265137,,101.20999908447266,3.7300000190734863,10.489999771118164,302.238525390625,28.58928680419922,316.9141540527344,11.539999961853027,24.05558967590332,1.840000033378601,17.190000534057617,101.20999908447266,0.09370037109156071
2023-05-06,28904.623046875,29765.0,2.2100000381469727,4.199999809265137,,101.20999908447266,3.7300000190734863,10.489999771118164,302.238525390625,28.58928680419922,316.9141540527344,11.539999961853027,24.05558967590332,1.840000033378601,17.190000534057617,101.20999908447266,0.35719280686541344
2023-05-07,28454.978515625,29765.0,2.2100000381469727,4.199999809265137,,101.20999908447266,3.7300000190734863,10.489999771118164,302.238525390625,28.58928680419922,316.9141540527344,11.539999961853027,24.05558967590332,1.840000033378601,17.190000534057617,101.20999908447266,0.5524607162809068
2023-05-08,27694.2734375,27365.0,1.9500000476837158,4.239999771118164,,101.37000274658203,3.2799999713897705,9.329999923706055,300.292724609375,29.058794021606445,317.6993103027344,10.489999771118164,24.090377807617188,1.6699999570846558,16.979999542236328,101.37000274658203,-0.14267502842842905
2023-05-09,27658.775390625,27770.0,2.0,4.269999980926514,,101.63999938964844,3.799999952316284,9.380000114440918,298.68743896484375,28.480628967285156,315.6872863769531,11.4399995803833,24.168651580810547,1.6799999475479126,17.709999084472656,101.63999938964844,0.04825576308604024
2023-05-10,27621.755859375,27775.0,2.190000057220459,4.900000095367432,,101.4800033569336,3.9000000953674316,10.220000267028809,303.8535461425781,28.793638229370117,319.12255859375,12.279999732971191,24.125164031982422,1.7400000095367432,16.940000534057617,101.4800033569336,0.06657540877785492
2023-05-11,27000.7890625,26845.0,2.009999990463257,4.21999979019165,,102.05999755859375,3.4800000190734863,8.729999542236328,301.7131652832031,28.48760414123535,320.1629333496094,10.710000038146973,24.281709671020508,1.6200000047683716,16.93000030517578,102.05999755859375,-0.06923755989769975
2023-05-12,26804.990234375,26485.0,2.0999999046325684,4.28000020980835,,102.68000030517578,3.690000057220459,8.920000076293945,300.6040344238281,28.25035858154297,319.01458740234375,10.609999656677246,24.43825340270996,1.600000023841858,17.030000686645508,102.68000030517578,-0.14325253540199745
2023-05-13,26784.078125,26485.0,2.0999999046325684,4.28000020980835,,102.68000030517578,3.690000057220459,8.920000076293945,300.6040344238281,28.25035858154297,319.01458740234375,10.609999656677246,24.43825340270996,1.600000023841858,17.030000686645508,102.68000030517578,-0.13399518487254264
2023-05-14,26930.638671875,26485.0,2.0999999046325684,4.28000020980835,,102.68000030517578,3.690000057220459,8.920000076293945,300.6040344238281,28.25035858154297,319.01458740234375,10.609999656677246,24.43825340270996,1.600000023841858,17.030000686645508,102.68000030517578,-0.19857175047559605
2023-05-15,27192.693359375,27475.0,2.4100000858306885,4.599999904632568,,102.43000030517578,3.9600000381469727,9.539999961853027,301.080810546875,28.861421585083008,320.7419738769531,11.079999923706055,24.36867904663086,1.5800000429153442,17.1200008392334,102.43000030517578,0.12458051296092218
2023-05-16,27036.650390625,26965.0,2.440000057220459,4.289999961853027,,102.55999755859375,3.9200000762939453,9.25,303.2991027832031,29.12059783935547,321.1051330566406,10.850000381469727,24.429555892944336,1.5700000524520874,17.989999771118164,102.55999755859375,-0.03180145007157168
2023-05-17,27398.802734375,27430.0,2.4700000286102295,4.480000019073486,,102.87999725341797,4.0,10.09000015258789,306.16571044921875,30.082544326782227,324.9918212890625,11.529999732971191,24.473039627075195,1.6299999952316284,16.8700008392334,102.87999725341797,0.013663633083876057
2023-05-18,26832.208984375,26780.0,2.380000114440918,4.210000038146973,,103.58000183105469,3.930000066757202,9.380000114440918,310.5729675292969,31.577804565429688,331.02801513671875,11.069999694824219,24.655675888061523,1.600000023841858,16.049999237060547,103.58000183105469,-0.023349095591228795
2023-05-19,26890.12890625,26885.0,2.5299999713897705,4.21999979019165,,103.19999694824219,3.950000047683716,9.180000305175781,310.3974304199219,31.165111541748047,330.28204345703125,11.079999923706055,24.586101531982422,1.559999942779541,16.809999465942383,103.19999694824219,-0.0022888278153882268
2023-05-20,27129.5859375,26885.0,2.5299999713897705,4.21999979019165,,103.19999694824219,3.950000047683716,9.180000305175781,310.3974304199219,31.165111541748047,330.28204345703125,11.079999923706055,24.586101531982422,1.559999942779541,16.809999465942383,103.19999694824219,-0.10818562645082758
2023-05-21,26753.826171875,26885.0,2.5299999713897705,4.21999979019165,,103.19999694824219,3.950000047683716,9.180000305175781,310.3974304199219,31.165111541748047,330.28204345703125,11.079999923706055,24.586101531982422,1.559999942779541,16.809999465942383,103.19999694824219,0.05883591854815743
2023-05-22,26851.27734375,26865.0,2.490000009536743,4.429999828338623,,103.19999694824219,4.039999961853027,9.670000076293945,313.1665344238281,31.077388763427734,331.39117431640625,12.199999809265137,24.60349464416504,1.6299999952316284,17.209999084472656,103.19999694824219,0.0061327389714787486
2023-05-23,27225.7265625,27200.0,2.450000047683716,4.510000228881836,,103.48999786376953,3.759999990463257,9.319999694824219,307.39434814453125,30.590938568115234,327.1903076171875,11.279999732971191,24.673070907592773,1.590000033378601,18.530000686645508,103.48999786376953,-0.0113392290667174
2023-05-24,26334.818359375,26225.0,2.2899999618530273,4.46999979019165,,103.88999938964844,3.7200000286102295,9.430000305175781,306.0194396972656,30.441408157348633,325.5119934082031,11.270000457763672,24.76003646850586,1.5199999809265137,20.030000686645508,103.88999938964844,-0.05004098735432765
2023-05-25,26476.20703125,26470.0,2.299999952316284,4.25,,104.20999908447266,3.490000009536743,9.109999656677246,317.7883605957031,37.85987091064453,333.4326477050781,11.069999694824219,24.873098373413086,1.4800000190734863,19.139999389648438,104.20999908447266,-0.002813257008909385
2023-05-26,26719.291015625,26750.9296875,2.390000104904175,4.230000019073486,,104.20999908447266,3.4700000286102295,8.930000305175781,324.58441162109375,38.822811126708984,341.9519958496094,10.920000076293945,24.86440086364746,1.5,17.950000762939453,104.20999908447266,0.014209361404012508
2023-05-27,26868.353515625,26750.9296875,2.390000104904175,4.230000019073486,,104.20999908447266,3.4700000286102295,8.930000305175781,324.58441162109375,38.822811126708984,341.9519958496094,10.920000076293945,24.86440086364746,1.5,17.950000762939453,104.20999908447266,-0.052444074650147846
2023-05-28,28085.646484375,26750.9296875,2.390000104904175,4.230000019073486,,104.20999908447266,3.4700000286102295,8.930000305175781,324.58441162109375,38.822811126708984,341.9519958496094,10.920000076293945,24.86440086364746,1.5,17.950000762939453,104.20999908447266,-0.5702771190049187
2023-05-29,27745.884765625,26750.9296875,2.390000104904175,4.230000019073486,,104.20999908447266,3.4700000286102295,8.930000305175781,324.58441162109375,38.822811126708984,341.9519958496094,10.920000076293945,24.86440086364746,1.5,17.950000762939453,104.20999908447266,-0.43031465885319564
2023-05-30,27702.349609375,28070.0,2.450000047683716,4.46999979019165,,104.16999816894531,3.690000057220459,9.420000076293945,322.94635009765625,39.984130859375,343.50274658203125,12.029999732971191,24.838308334350586,1.5700000524520874,17.459999084472656,104.16999816894531,0.15925741858398038
2023-05-31,27219.658203125,27075.0,2.5399999618530273,4.289999961853027,,104.31999969482422,3.569999933242798,9.789999961853027,320.1966552734375,37.714332580566406,341.54962158203125,12.0,24.881793975830078,1.5,17.940000534057617,104.31999969482422,-0.0637737044508776
2023-06-01,26819.97265625,26925.0,2.5199999809265137,4.320000171661377,,103.55999755859375,3.5799999237060547,9.989999771118164,324.2821044921875,39.64421081542969,345.49517822265625,12.40999984741211,24.586101531982422,1.5099999904632568,15.649999618530273,103.55999755859375,0.04699214802168335
2023-06-02,27249.58984375,27385.0,2.5799999237060547,4.150000095367432,,104.0199966430664,3.5,10.029999732971191,327.03179931640625,39.20261001586914,348.0863952636719,11.710000038146973,24.847007751464844,1.4900000095367432,14.600000381469727,104.0199966430664,0.05963105809362096
2023-06-03,27075.12890625,27385.0,2.5799999237060547,4.150000095367432,,104.0199966430664,3.5,10.029999732971191,327.03179931640625,39.20261001586914,348.0863952636719,11.710000038146973,24.847007751464844,1.4900000095367432,14.600000381469727,104.0199966430664,0.13733833504082174
2023-06-04,27119.06640625,27385.0,2.5799999237060547,4.150000095367432,,104.0199966430664,3.5,10.029999732971191,327.03179931640625,39.20261001586914,348.0863952636719,11.710000038146973,24.847007751464844,1.4900000095367432,14.600000381469727,104.0199966430664,0.11767378261460132
2023-06-05,25760.09765625,25640.0,2.3499999046325684,3.9200000762939453,,104.0,3.1600000858306885,9.1899995803833,327.5583190917969,39.047096252441406,348.3316955566406,10.680000305175781,24.803524017333984,1.4299999475479126,14.729999542236328,104.0,-0.055945901068831475
2023-06-06,27238.783203125,27265.0,2.380000114440918,4.099999904632568,,104.12999725341797,3.4200000762939453,10.079999923706055,325.3547058105469,38.531734466552734,348.2728271484375,10.899999618530273,24.881793975830078,1.4900000095367432,13.960000038146973,104.12999725341797,0.011549765646796844
2023-06-07,26345.998046875,26610.0,2.3299999237060547,3.9100000858306885,,104.0999984741211,3.4000000953674316,9.550000190734863,315.31170654296875,37.36033248901367,342.3642883300781,10.430000305175781,24.890491485595703,1.4299999475479126,13.9399995803833,104.0999984741211,0.12024685615870116
2023-06-08,26508.216796875,26650.0,2.2899999618530273,3.9000000953674316,,103.33999633789062,3.569999933242798,9.569999694824219,317.1448059082031,38.39216995239258,346.6141052246094,10.550000190734863,24.690462112426758,1.4299999475479126,13.649999618530273,103.33999633789062,0.0641838132884357
2023-06-09,26480.375,26475.0,2.299999952316284,3.799999952316284,,103.55999755859375,3.640000104904175,9.380000114440918,318.6365966796875,38.651371002197266,347.93914794921875,10.329999923706055,24.768735885620117,1.3300000429153442,13.829999923706055,103.55999755859375,-0.002435766109807735
2023-06-10,25851.240234375,26475.0,2.299999952316284,3.799999952316284,,103.55999755859375,3.640000104904175,9.380000114440918,318.6365966796875,38.651371002197266,347.93914794921875,10.329999923706055,24.768735885620117,1.3300000429153442,13.829999923706055,103.55999755859375,0.28954576722964587
2023-06-11,25940.16796875,26475.0,2.299999952316284,3.799999952316284,,103.55999755859375,3.640000104904175,9.380000114440918,318.6365966796875,38.651371002197266,347.93914794921875,10.329999923706055,24.768735885620117,1.3300000429153442,13.829999923706055,103.55999755859375,0.24741491199022753
2023-06-12,25902.5,25890.0,2.4200000762939453,3.759999990463257,,103.62999725341797,3.740000009536743,9.329999923706055,323.5703430175781,39.361183166503906,353.8182678222656,10.239999771118164,24.77743148803711,1.3200000524520874,15.010000228881836,103.62999725341797,-0.005790946819805038
2023-06-13,25918.728515625,25930.0,2.509999990463257,3.880000114440918,,103.33999633789062,3.5799999237060547,9.680000305175781,325.949462890625,40.89647674560547,356.5369567871094,10.260000228881836,24.69915771484375,1.4299999475479126,14.609999656677246,103.33999633789062,0.005218535794240847
2023-06-14,25124.67578125,25900.0,2.5999999046325684,3.880000114440918,,103.01000213623047,3.4800000190734863,9.6899995803833,328.9233703613281,42.86544418334961,359.1281433105469,10.149999618530273,24.577404022216797,1.3899999856948853,13.880000114440918,103.01000213623047,0.3703088830281858
2023-06-15,25576.39453125,25470.0,2.490000009536743,3.869999885559082,,102.12000274658203,3.299999952316284,9.359999656677246,339.41485595703125,42.52248764038086,363.407470703125,9.970000267028809,24.43825340270996,1.3200000524520874,14.5,102.12000274658203,-0.049918465772806564
2023-06-16,26327.462890625,26445.0,3.049999952316284,3.880000114440918,,102.30000305175781,3.4200000762939453,9.979999542236328,333.7888488769531,42.561370849609375,361.1205139160156,10.399999618530273,24.481735229492188,1.4600000381469727,13.539999961853027,102.30000305175781,0.053573157366494595
2023-06-17,26510.67578125,26445.0,3.049999952316284,3.880000114440918,,102.30000305175781,3.4200000762939453,9.979999542236328,333.7888488769531,42.561370849609375,361.1205139160156,10.399999618530273,24.481735229492188,1.4600000381469727,13.539999961853027,102.30000305175781,-0.02972800020274851
2023-06-18,26336.212890625,26445.0,3.049999952316284,3.880000114440918,,102.30000305175781,3.4200000762939453,9.979999542236328,333.7888488769531,42.561370849609375,361.1205139160156,10.399999618530273,24.481735229492188,1.4600000381469727,13.539999961853027,102.30000305175781,0.04956845230259754
2023-06-19,26851.029296875,26445.0,3.049999952316284,3.880000114440918,,102.30000305175781,3.4200000762939453,9.979999542236328,333.7888488769531,42.561370849609375,361.1205139160156,10.399999618530273,24.481735229492188,1.4600000381469727,13.539999961853027,102.30000305175781,-0.18145865131014022
2023-06-20,28327.48828125,28180.0,2.9700000286102295,4.409999847412109,,102.54000091552734,4.139999866485596,11.720000267028809,329.61566162109375,43.673954010009766,360.60357666015625,11.25,24.551313400268555,1.649999976158142,13.880000114440918,102.54000091552734,-0.062478514064781096
2023-06-21,30027.296875,30260.0,2.9600000381469727,4.78000020980835,,102.06999969482422,4.079999923706055,12.210000038146973,325.2376708984375,42.913291931152344,355.68939208984375,11.680000305175781,24.43825340270996,1.7000000476837158,13.199999809265137,102.06999969482422,0.09299663275134552
2023-06-22,29912.28125,30370.0,2.819999933242798,4.679999828338623,,102.38999938964844,4.570000171661377,11.829999923706055,331.2341613769531,42.89335250854492,359.8861389160156,11.239999771118164,24.525222778320312,1.649999976158142,12.90999984741211,102.38999938964844,0.183624410124186
2023-06-23,30695.46875,31120.0,2.9000000953674316,4.590000152587891,,102.9000015258789,4.599999904632568,12.710000038146973,326.6612854003906,42.07984924316406,356.3184509277344,11.600000381469727,24.655675888061523,1.7999999523162842,13.4399995803833,102.9000015258789,0.16596504980885818
2023-06-24,30548.6953125,31120.0,2.9000000953674316,4.590000152587891,,102.9000015258789,4.599999904632568,12.710000038146973,326.6612854003906,42.07984924316406,356.3184509277344,11.600000381469727,24.655675888061523,1.7999999523162842,13.4399995803833,102.9000015258789,0.22441731733121786
2023-06-25,30480.26171875,31120.0,2.9000000953674316,4.590000152587891,,102.9000015258789,4.599999904632568,12.710000038146973,326.6612854003906,42.07984924316406,356.3184509277344,11.600000381469727,24.655675888061523,1.7999999523162842,13.4399995803833,102.9000015258789,0.2518633024163819
2023-06-26,30271.130859375,30315.0,2.8399999141693115,4.21999979019165,,102.69000244140625,4.199999809265137,11.789999961853027,320.4014892578125,40.50767517089844,351.54180908203125,10.770000457763672,24.62958526611328,1.690000057220459,14.25,102.69000244140625,0.017390486333184484
2023-06-27,30688.1640625,30705.0,2.9000000953674316,4.449999809265137,,102.48999786376953,4.480000019073486,13.380000114440918,326.2225036621094,41.74787139892578,357.5862731933594,11.649999618530273,24.56870460510254,1.8300000429153442,13.739999771118164,102.48999786376953,0.006583360594284491
2023-06-28,30086.24609375,30110.0,2.9000000953674316,4.230000019073486,,102.91000366210938,4.380000114440918,13.15999984741211,327.4705505371094,40.991188049316406,358.2841796875,11.539999961853027,24.681766510009766,1.7300000190734863,13.430000305175781,102.91000366210938,0.009474325049119854
2023-06-29,30445.3515625,30550.0,2.9000000953674316,4.260000228881836,,103.33999633789062,4.760000228881836,13.819999694824219,326.69049072265625,40.697086334228516,357.5666198730469,11.65999984741211,24.7861270904541,1.7300000190734863,13.539999961853027,103.33999633789062,0.041247060242416936
2023-06-30,30477.251953125,30128.509765625,2.859999895095825,4.289999961853027,,102.91000366210938,4.659999847412109,13.859999656677246,332.0435485839844,42.17255783081055,363.0803527832031,11.819999694824219,24.681766510009766,1.75,13.59000015258789,102.91000366210938,-0.1373124537749178
2023-07-01,30590.078125,30128.509765625,2.859999895095825,4.289999961853027,,102.91000366210938,4.659999847412109,13.859999656677246,332.0435485839844,42.17255783081055,363.0803527832031,11.819999694824219,24.681766510009766,1.75,13.59000015258789,102.91000366210938,-0.18106590934049796
2023-07-02,30620.76953125,30128.509765625,2.859999895095825,4.289999961853027,,102.91000366210938,4.659999847412109,13.859999656677246,332.0435485839844,42.17255783081055,363.0803527832031,11.819999694824219,24.681766510009766,1.75,13.59000015258789,102.91000366210938,-0.1929121076291534
2023-07-03,31156.439453125,31700.0,3.2200000286102295,4.869999885559082,,102.98999786376953,5.659999847412109,15.319999694824219,329.55712890625,42.28321838378906,363.93536376953125,13.350000381469727,24.707855224609375,2.0199999809265137,13.569999694824219,102.98999786376953,0.20935404291987442
2023-07-04,30777.58203125,31700.0,3.2200000286102295,4.869999885559082,,102.98999786376953,5.659999847412109,15.319999694824219,329.55712890625,42.28321838378906,363.93536376953125,13.350000381469727,24.707855224609375,2.0199999809265137,13.569999694824219,102.98999786376953,0.3596453942925432
2023-07-05,30514.166015625,30675.0,3.4800000190734863,5.289999961853027,,103.37000274658203,5.860000133514404,15.5600004196167,329.71319580078125,42.187522888183594,363.9255676269531,13.59000015258789,24.8209171295166,2.190000057220459,14.180000305175781,103.37000274658203,0.06324956780767745
2023-07-06,29909.337890625,30510.0,3.369999885559082,5.389999866485596,,103.16999816894531,6.090000152587891,15.319999694824219,332.75531005859375,41.974178314208984,361.1540222167969,13.539999961853027,24.76003646850586,2.390000104904175,15.4399995803833,103.16999816894531,0.24099314196986324
2023-07-07,30342.265625,30370.0,3.7300000190734863,6.0,,102.2699966430664,6.670000076293945,15.670000076293945,328.80633544921875,42.372947692871094,359.95489501953125,15.479999542236328,24.551313400268555,2.640000104904175,14.829999923706055,102.2699966430664,0.010968610719885885
2023-07-08,30292.541015625,30370.0,3.7300000190734863,6.0,,102.2699966430664,6.670000076293945,15.670000076293945,328.80633544921875,42.372947692871094,359.95489501953125,15.479999542236328,24.551313400268555,2.640000104904175,14.829999923706055,102.2699966430664,0.030684379102451545
2023-07-09,30171.234375,30370.0,3.7300000190734863,6.0,,102.2699966430664,6.670000076293945,15.670000076293945,328.80633544921875,42.372947692871094,359.95489501953125,15.479999542236328,24.551313400268555,2.640000104904175,14.829999923706055,102.2699966430664,0.07905501877564464
2023-07-10,30414.470703125,31055.0,4.320000171661377,6.329999923706055,,101.97000122070312,7.050000190734863,16.920000076293945,323.5508117675781,42.05093765258789,360.07281494140625,16.860000610351562,24.490432739257812,3.130000114440918,15.069999694824219,101.97000122070312,0.2527202145822728
2023-07-11,30620.951171875,30755.0,4.039999961853027,6.420000076293945,,101.7300033569336,6.75,17.389999389648438,324.1748962402344,42.275238037109375,361.8517761230469,17.510000228881836,24.429555892944336,3.4100000858306885,14.84000015258789,101.7300033569336,0.05253220020733609
2023-07-12,30391.646484375,30395.0,4.239999771118164,6.619999885559082,,100.5199966430664,6.960000038146973,16.860000610351562,328.786865234375,43.767662048339844,366.4219665527344,17.649999618530273,24.142559051513672,3.1700000762939453,13.539999961853027,100.5199966430664,0.0013241200183310034
2023-07-13,31476.048828125,31925.0,5.210000038146973,7.46999979019165,,99.7699966430664,7.75,19.299999237060547,334.11065673828125,45.83631896972656,372.64337158203125,20.290000915527344,23.977317810058594,3.869999885559082,13.609999656677246,99.7699966430664,0.17115915952214908
2023-07-14,30334.068359375,30235.0,4.909999847412109,6.900000095367432,,99.91000366210938,7.139999866485596,18.06999969482422,336.62628173828125,45.32987594604492,372.56475830078125,19.1200008392334,24.020803451538086,3.5199999809265137,13.34000015258789,99.91000366210938,-0.039190928774068816
2023-07-15,30295.806640625,30235.0,4.909999847412109,6.900000095367432,,99.91000366210938,7.139999866485596,18.06999969482422,336.62628173828125,45.32987594604492,372.56475830078125,19.1200008392334,24.020803451538086,3.5199999809265137,13.34000015258789,99.91000366210938,-0.024085171131292472
2023-07-16,30249.1328125,30235.0,4.909999847412109,6.900000095367432,,99.91000366210938,7.139999866485596,18.06999969482422,336.62628173828125,45.32987594604492,372.56475830078125,19.1200008392334,24.020803451538086,3.5199999809265137,13.34000015258789,99.91000366210938,-0.005606565684088568
2023-07-17,30145.888671875,29990.0,4.760000228881836,6.829999923706055,,99.83999633789062,7.03000020980835,17.260000228881836,337.1040344238281,46.31883239746094,376.0439758300781,18.479999542236328,23.99471092224121,3.4700000286102295,13.479999542236328,99.83999633789062,-0.06205370433299784
2023-07-18,29856.5625,29785.0,4.639999866485596,6.519999980926514,,99.94000244140625,6.71999979019165,16.809999465942383,350.5207214355469,47.348670959472656,379.1202087402344,18.280000686645508,24.01210594177246,3.4600000381469727,13.300000190734863,99.94000244140625,-0.02876252080258737
2023-07-19,29913.923828125,30105.0,4.71999979019165,6.96999979019165,,100.27999877929688,7.5,17.59000015258789,346.2207336425781,46.932952880859375,379.0318603515625,18.93000030517578,24.107770919799805,3.7799999713897705,13.760000228881836,100.27999877929688,0.07665039450104529
2023-07-20,29792.015625,29765.0,4.46999979019165,6.5,,100.87999725341797,6.739999771118164,17.059999465942383,338.2156066894531,45.380714416503906,370.2944030761719,18.469999313354492,24.24692153930664,3.440000057220459,13.989999771118164,100.87999725341797,-0.010881690721454836
2023-07-21,29908.744140625,29885.0,4.340000152587891,6.420000076293945,,101.06999969482422,6.760000228881836,16.8799991607666,335.19293212890625,44.17341232299805,369.1837463378906,18.3799991607666,24.31649398803711,3.6500000953674316,13.600000381469727,101.06999969482422,-0.009526634958670179
2023-07-22,29771.802734375,29885.0,4.340000152587891,6.420000076293945,,101.06999969482422,6.760000228881836,16.8799991607666,335.19293212890625,44.17341232299805,369.1837463378906,18.3799991607666,24.31649398803711,3.6500000953674316,13.600000381469727,101.06999969482422,0.045625963587740945
2023-07-23,30084.5390625,29885.0,4.340000152587891,6.420000076293945,,101.06999969482422,6.760000228881836,16.8799991607666,335.19293212890625,44.17341232299805,369.1837463378906,18.3799991607666,24.31649398803711,3.6500000953674316,13.600000381469727,101.06999969482422,-0.07959133909366341
2023-07-24,29176.916015625,29105.0,4.010000228881836,6.110000133514404,,101.3499984741211,6.690000057220459,16.420000076293945,336.49945068359375,44.475494384765625,369.7734680175781,17.43000030517578,24.40346336364746,3.4100000858306885,13.90999984741211,101.3499984741211,-0.02957790970909486
2023-07-25,29227.390625,29180.0,3.880000114440918,6.139999866485596,,101.3499984741211,6.590000152587891,16.18000030517578,342.22308349609375,45.53923416137695,372.2796936035156,17.950000762939453,24.37737464904785,3.4600000381469727,13.859999656677246,101.3499984741211,-0.019457347639975985
2023-07-26,29354.97265625,29395.0,3.7799999713897705,6.230000019073486,,100.88999938964844,6.760000228881836,16.81999969482422,329.34259033203125,45.31292724609375,371.0413513183594,18.450000762939453,24.30780029296875,3.640000104904175,13.1899995803833,100.88999938964844,0.016362751572781067
2023-07-27,29210.689453125,29115.0,3.5199999809265137,5.849999904632568,,101.7699966430664,6.260000228881836,15.970000267028809,322.4685363769531,45.759552001953125,370.1567687988281,17.600000381469727,24.533916473388672,3.3399999141693115,14.40999984741211,101.7699966430664,-0.039310042282386326
2023-07-28,29319.24609375,29397.080078125,3.5,5.960000038146973,,101.62000274658203,6.519999980926514,16.700000762939453,329.92767333984375,46.60695266723633,376.8990173339844,18.3799991607666,24.49913215637207,3.4200000762939453,13.329999923706055,101.62000274658203,0.031856474396151094
2023-07-29,29356.91796875,29397.080078125,3.5,5.960000038146973,,101.62000274658203,6.519999980926514,16.700000762939453,329.92767333984375,46.60695266723633,376.8990173339844,18.3799991607666,24.49913215637207,3.4200000762939453,13.329999923706055,101.62000274658203,0.01641675440906377
2023-07-30,29275.30859375,29397.080078125,3.5,5.960000038146973,,101.62000274658203,6.519999980926514,16.700000762939453,329.92767333984375,46.60695266723633,376.8990173339844,18.3799991607666,24.49913215637207,3.4200000762939453,13.329999923706055,101.62000274658203,0.04991434361214435
2023-07-31,29230.111328125,29285.0,3.799999952316284,6.010000228881836,,101.86000061035156,6.659999847412109,17.3700008392334,327.538818359375,46.58600997924805,377.09564208984375,18.520000457763672,24.542613983154297,2.9200000762939453,13.630000114440918,101.86000061035156,0.02253375141497454
2023-08-01,29675.732421875,29440.0,3.5299999713897705,5.840000152587891,,102.30000305175781,6.239999771118164,16.829999923706055,327.9483642578125,46.364688873291016,376.22088623046875,18.229999542236328,24.655675888061523,2.7799999713897705,13.930000305175781,102.30000305175781,-0.09532331072020324
2023-08-02,29151.958984375,29280.0,3.7300000190734863,5.610000133514404,,102.58999633789062,6.090000152587891,16.479999542236328,319.328857421875,44.133544921875,367.9650573730469,17.969999313354492,24.742645263671875,2.8499999046325684,16.09000015258789,102.58999633789062,0.052706310005565526
2023-08-03,29178.6796875,29410.0,3.5799999237060547,5.5,,102.54000091552734,5.730000019073486,16.559999465942383,318.5097961425781,44.3787841796875,367.3753662109375,17.809999465942383,24.725250244140625,2.7300000190734863,15.920000076293945,102.54000091552734,0.09513260297343604
2023-08-04,29074.091796875,29090.0,3.4700000286102295,5.300000190734863,,102.0199966430664,5.559999942779541,15.829999923706055,319.6018981933594,44.54328536987305,365.6553649902344,17.110000610351562,24.60349464416504,2.630000114440918,17.100000381469727,102.0199966430664,0.006565929516688069
2023-08-05,29042.126953125,29090.0,3.4700000286102295,5.300000190734863,,102.0199966430664,5.559999942779541,15.829999923706055,319.6018981933594,44.54328536987305,365.6553649902344,17.110000610351562,24.60349464416504,2.630000114440918,17.100000381469727,102.0199966430664,0.01978080198558546
2023-08-06,29041.85546875,29090.0,3.4700000286102295,5.300000190734863,,102.0199966430664,5.559999942779541,15.829999923706055,319.6018981933594,44.54328536987305,365.6553649902344,17.110000610351562,24.60349464416504,2.630000114440918,17.100000381469727,102.0199966430664,0.019893163355959174
2023-08-07,29180.578125,29255.0,3.3399999141693115,5.099999904632568,,102.05000305175781,5.380000114440918,15.069999694824219,321.8737487792969,45.27803421020508,368.7513122558594,16.31999969482422,24.620885848999023,2.4100000858306885,15.770000457763672,102.05000305175781,0.030604688370957353
2023-08-08,29765.4921875,30075.0,3.7300000190734863,5.269999980926514,,102.52999877929688,5.789999961853027,15.720000267028809,317.9150390625,44.5273323059082,365.6161193847656,17.094999313354492,24.733945846557617,2.75,15.989999771118164,102.52999877929688,0.12477850951040989
2023-08-09,29561.494140625,29510.0,3.680000066757202,5.050000190734863,,102.48999786376953,5.5,15.510000228881836,314.1903381347656,42.42379379272461,361.59625244140625,16.34000015258789,24.751338958740234,2.5799999237060547,15.960000038146973,102.48999786376953,-0.020903195371671277
2023-08-10,29429.591796875,29495.0,3.569999933242798,5.860000133514404,,102.5199966430664,5.5,14.550000190734863,314.87298583984375,42.258296966552734,362.2645263671875,15.0,24.794824600219727,2.509999990463257,15.850000381469727,102.5199966430664,0.026670381394258584
2023-08-11,29397.71484375,29465.0,3.6700000762939453,6.519999980926514,,102.83999633789062,5.659999847412109,14.880000114440918,313.00079345703125,40.7299919128418,359.95489501953125,15.229999542236328,24.847007751464844,2.549999952316284,14.84000015258789,102.83999633789062,0.027465463873347938
2023-08-12,29415.96484375,29465.0,3.6700000762939453,6.519999980926514,,102.83999633789062,5.659999847412109,14.880000114440918,313.00079345703125,40.7299919128418,359.95489501953125,15.229999542236328,24.847007751464844,2.549999952316284,14.84000015258789,102.83999633789062,0.020003487158267455
2023-08-13,29282.9140625,29465.0,3.6700000762939453,6.519999980926514,,102.83999633789062,5.659999847412109,14.880000114440918,313.00079345703125,40.7299919128418,359.95489501953125,15.229999542236328,24.847007751464844,2.549999952316284,14.84000015258789,102.83999633789062,0.0746179579442257
2023-08-14,29408.443359375,29395.0,3.7200000286102295,6.550000190734863,,103.19000244140625,5.150000095367432,14.989999771118164,315.9552001953125,43.61912155151367,363.9944152832031,14.65999984741211,24.933977127075195,2.5199999809265137,14.819999694824219,103.19000244140625,-0.005485510080511397
2023-08-15,29170.34765625,29225.0,3.424999952316284,6.260000228881836,,103.20999908447266,5.059999942779541,13.930000305175781,313.82952880859375,43.80554962158203,360.1318359375,13.699999809265137,24.942672729492188,2.309999942779541,16.459999084472656,103.20999908447266,0.02248269827732009
2023-08-16,28701.779296875,29130.0,3.299999952316284,6.21999979019165,,103.41999816894531,4.869999885559082,13.5,313.06744384765625,43.35293960571289,356.3184509277344,13.100000381469727,25.01224708557129,2.109999895095825,16.780000686645508,103.41999816894531,0.17903588430350334
2023-08-17,26664.55078125,27850.0,3.1700000762939453,5.460000038146973,,103.44000244140625,4.650000095367432,12.25,309.6280212402344,43.21137237548828,352.4263916015625,11.710000038146973,25.003549575805664,2.0,17.889999389648438,103.44000244140625,0.5334944789320442
2023-08-18,26049.556640625,26020.0,3.134999990463257,5.199999809265137,,103.37999725341797,4.409999847412109,11.279999732971191,309.2372131347656,43.166507720947266,351.98406982421875,11.069999694824219,25.020946502685547,1.9700000286102295,17.299999237060547,103.37999725341797,-0.013615574821218541
2023-08-19,26096.205078125,26020.0,3.134999990463257,5.199999809265137,,103.37999725341797,4.409999847412109,11.279999732971191,309.2372131347656,43.166507720947266,351.98406982421875,11.069999694824219,25.020946502685547,1.9700000286102295,17.299999237060547,103.37999725341797,-0.03504191259849279
2023-08-20,26189.583984375,26020.0,3.134999990463257,5.199999809265137,,103.37999725341797,4.409999847412109,11.279999732971191,309.2372131347656,43.166507720947266,351.98406982421875,11.069999694824219,25.020946502685547,1.9700000286102295,17.299999237060547,103.37999725341797,-0.07770294532796353
2023-08-21,26124.140625,26065.0,2.8550000190734863,4.960000038146973,,103.33000183105469,4.260000228881836,11.050000190734863,314.5135803222656,46.82329177856445,357.6550598144531,10.729999542236328,24.994853973388672,1.9900000095367432,17.1299991607666,103.33000183105469,-0.027165965387617418
2023-08-22,26031.65625,25730.0,2.809999942779541,4.690000057220459,,103.55999755859375,4.179999828338623,10.949999809265137,315.0802917480469,45.52825927734375,357.1439514160156,10.550000190734863,25.081823348999023,1.8700000047683716,16.969999313354492,103.55999755859375,-0.13905665337755835
2023-08-23,26431.640625,26640.0,3.0999999046325684,4.869999885559082,,103.36000061035156,4.460000038146973,11.75,319.5164794921875,46.971832275390625,362.775634765625,11.119999885559082,24.994853973388672,2.0799999237060547,15.979999542236328,103.36000061035156,0.09459543338505876
2023-08-24,26162.373046875,25995.0,2.940000057220459,4.570000171661377,,103.9800033569336,4.300000190734863,10.550000190734863,312.64727783203125,47.0186882019043,355.0209655761719,10.359999656677246,25.194881439208984,1.8799999952316284,17.200000762939453,103.9800033569336,-0.07676966301571429
2023-08-25,26047.66796875,26003.359375,2.9700000286102295,4.559999942779541,,104.08000183105469,4.179999828338623,10.550000190734863,315.5884704589844,45.877197265625,357.7729797363281,10.369999885559082,25.22966957092285,1.899999976158142,15.680000305175781,104.08000183105469,-0.020412695894231177
2023-08-26,26008.462890625,26003.359375,2.9700000286102295,4.559999942779541,,104.08000183105469,4.179999828338623,10.550000190734863,315.5884704589844,45.877197265625,357.7729797363281,10.369999885559082,25.22966957092285,1.899999976158142,15.680000305175781,104.08000183105469,-0.002354702304305547
2023-08-27,26089.693359375,26003.359375,2.9700000286102295,4.559999942779541,,104.08000183105469,4.179999828338623,10.550000190734863,315.5884704589844,45.877197265625,357.7729797363281,10.369999885559082,25.22966957092285,1.899999976158142,15.680000305175781,104.08000183105469,-0.039709466808574956
2023-08-28,26106.150390625,26090.0,2.9700000286102295,4.519999980926514,,104.05999755859375,4.309999942779541,10.619999885559082,316.2919616699219,46.69169616699219,360.46600341796875,10.489999771118164,25.18618392944336,1.909999966621399,15.079999923706055,104.05999755859375,-0.007423717576130924
2023-08-29,27727.392578125,28010.0,3.450000047683716,5.25,,103.55000305175781,5.239999771118164,13.680000305175781,320.8941345214844,48.634727478027344,368.3385314941406,12.300000190734863,25.047033309936523,2.299999952316284,14.449999809265137,103.55000305175781,0.12230825718446722
2023-08-30,27297.265625,27260.0,3.3399999141693115,5.289999961853027,,103.16000366210938,5.320000171661377,13.470000267028809,321.2654724121094,49.11326217651367,370.3926086425781,12.050000190734863,25.003549575805664,2.2799999713897705,13.880000114440918,103.16000366210938,-0.016382135344371145
2023-08-31,25931.47265625,26240.0,3.190000057220459,4.929999828338623,,103.62000274658203,4.860000133514404,12.569999694824219,320.25897216796875,49.2039794921875,371.50323486328125,11.350000381469727,25.125307083129883,2.0899999141693115,13.569999694824219,103.62000274658203,0.1427735390919908
2023-09-01,25800.724609375,25700.0,3.009999990463257,4.570000171661377,,104.23999786376953,4.550000190734863,12.0,321.1383972167969,48.36056900024414,371.11016845703125,11.039999961853027,25.281850814819336,1.9800000190734863,13.09000015258789,104.23999786376953,-0.04684733978598439
2023-09-02,25868.798828125,25700.0,3.009999990463257,4.570000171661377,,104.23999786376953,4.550000190734863,12.0,321.1383972167969,48.36056900024414,371.11016845703125,11.039999961853027,25.281850814819336,1.9800000190734863,13.09000015258789,104.23999786376953,-0.0783022803245796
2023-09-03,25969.56640625,25700.0,3.009999990463257,4.570000171661377,,104.23999786376953,4.550000190734863,12.0,321.1383972167969,48.36056900024414,371.11016845703125,11.039999961853027,25.281850814819336,1.9800000190734863,13.09000015258789,104.23999786376953,-0.12456106599536809
2023-09-04,25812.416015625,25700.0,3.009999990463257,4.570000171661377,,104.23999786376953,4.550000190734863,12.0,321.1383972167969,48.36056900024414,371.11016845703125,11.039999961853027,25.281850814819336,1.9800000190734863,13.09000015258789,104.23999786376953,-0.05226136858647468
2023-09-05,25779.982421875,25735.0,3.0199999809265137,4.53000020980835,,104.80999755859375,4.409999847412109,12.0,325.9164733886719,48.399452209472656,371.5819091796875,10.979999542236328,25.412303924560547,1.8899999856948853,14.010000228881836,104.80999755859375,-0.020938302193797255
2023-09-06,25753.236328125,25705.0,2.940000057220459,4.579999923706055,,104.86000061035156,4.489999771118164,12.0600004196167,325.2618408203125,46.92086410522461,368.30902099609375,11.239999771118164,25.421001434326172,1.850000023841858,14.449999809265137,104.86000061035156,-0.02247624066059052
2023-09-07,26240.1953125,25980.0,3.0299999713897705,4.510000228881836,,105.05999755859375,4.480000019073486,12.359999656677246,322.3598327636719,46.10330581665039,365.675048828125,11.380000114440918,25.48187828063965,1.840000033378601,14.399999618530273,105.05999755859375,-0.11899087307908163
2023-09-08,25905.654296875,26005.0,3.009999990463257,4.400000095367432,,105.08999633789062,4.670000076293945,10.90999984741211,326.6200256347656,45.43629455566406,366.18609619140625,10.949999809265137,25.507970809936523,1.7999999523162842,13.84000015258789,105.08999633789062,0.04601885070487523
2023-09-09,25895.677734375,26005.0,3.009999990463257,4.400000095367432,,105.08999633789062,4.670000076293945,10.90999984741211,326.6200256347656,45.43629455566406,366.18609619140625,10.949999809265137,25.507970809936523,1.7999999523162842,13.84000015258789,105.08999633789062,0.05065969699486077
2023-09-10,25832.2265625,26005.0,3.009999990463257,4.400000095367432,,105.08999633789062,4.670000076293945,10.90999984741211,326.6200256347656,45.43629455566406,366.18609619140625,10.949999809265137,25.507970809936523,1.7999999523162842,13.84000015258789,105.08999633789062,0.08025948692358292
2023-09-11,25162.654296875,25030.0,2.7899999618530273,4.190000057220459,,104.56999969482422,4.179999828338623,10.069999694824219,330.2060546875,45.04347610473633,370.5007629394531,10.140000343322754,25.386213302612305,1.7100000381469727,13.800000190734863,104.56999969482422,-0.06326246602281918
2023-09-12,25833.34375,26125.0,2.799999952316284,4.320000171661377,,104.70999908447266,4.400000095367432,10.15999984741211,324.1772155761719,44.736392974853516,366.3925476074219,10.539999961853027,25.429698944091797,1.7699999809265137,14.229999542236328,104.70999908447266,0.1354789776294445
2023-09-13,26228.32421875,26205.0,2.7699999809265137,4.309999942779541,,104.7699966430664,4.429999828338623,9.890000343322754,328.3690490722656,45.34956359863281,367.78814697265625,10.279999732971191,25.447092056274414,1.7300000190734863,13.479999542236328,104.7699966430664,-0.01067131177217616
2023-09-14,26539.673828125,26765.0,2.819999933242798,4.630000114440918,,105.41000366210938,5.010000228881836,10.0,330.9486999511719,45.445274353027344,370.7955627441406,10.970000267028809,25.603635787963867,1.7300000190734863,12.819999694824219,105.41000366210938,0.10188196283085324
2023-09-15,26608.693359375,26475.0,2.869999885559082,4.420000076293945,,105.31999969482422,4.489999771118164,9.800000190734863,322.6627197265625,43.7692756652832,364.44647216796875,10.770000457763672,25.58624267578125,1.6799999475479126,13.789999961853027,105.31999969482422,-0.060293088834997316
2023-09-16,26568.28125,26475.0,2.869999885559082,4.420000076293945,,105.31999969482422,4.489999771118164,9.800000190734863,322.6627197265625,43.7692756652832,364.44647216796875,10.770000457763672,25.58624267578125,1.6799999475479126,13.789999961853027,105.31999969482422,-0.042132006563277404
2023-09-17,26534.1875,26475.0,2.869999885559082,4.420000076293945,,105.31999969482422,4.489999771118164,9.800000190734863,322.6627197265625,43.7692756652832,364.44647216796875,10.770000457763672,25.58624267578125,1.6799999475479126,13.789999961853027,105.31999969482422,-0.026767354380080412
2023-09-18,26754.28125,26885.0,2.859999895095825,4.510000228881836,,105.19999694824219,4.760000228881836,9.789999961853027,321.52923583984375,43.835079193115234,364.826416015625,10.930000305175781,25.542757034301758,1.6200000047683716,14.0,105.19999694824219,0.058630803247611066
2023-09-19,27211.1171875,27270.0,2.75,4.369999885559082,,105.19999694824219,4.550000190734863,9.5600004196167,321.128662109375,43.39040756225586,364.0487976074219,10.4399995803833,25.560152053833008,1.600000023841858,14.109999656677246,105.19999694824219,0.0259670981213733
2023-09-20,27132.0078125,26990.0,2.680000066757202,4.210000038146973,,105.16000366210938,4.210000038146973,9.289999961853027,313.428955078125,42.11322784423828,358.80279541015625,10.020000457763672,25.603635787963867,1.5199999809265137,15.140000343322754,105.16000366210938,-0.06280750624046724
2023-09-21,26567.6328125,26635.0,2.6600000858306885,4.059999942779541,,105.36000061035156,3.859999895095825,9.15999984741211,312.2173767089844,40.894859313964844,352.2279052734375,9.579999923706055,25.621028900146484,1.4600000381469727,17.540000915527344,105.36000061035156,0.030428237837570798
2023-09-22,26579.568359375,26545.0,2.440000057220459,3.930000066757202,,105.58000183105469,3.8299999237060547,8.670000076293945,309.75506591796875,41.48610305786133,352.27703857421875,9.239999771118164,25.681909561157227,1.3799999952316284,17.200000762939453,105.58000183105469,-0.01560673623030025
2023-09-23,26579.390625,26545.0,2.440000057220459,3.930000066757202,,105.58000183105469,3.8299999237060547,8.670000076293945,309.75506591796875,41.48610305786133,352.27703857421875,9.239999771118164,25.681909561157227,1.3799999952316284,17.200000762939453,105.58000183105469,-0.015526597498884532
2023-09-24,26256.826171875,26545.0,2.440000057220459,3.930000066757202,,105.58000183105469,3.8299999237060547,8.670000076293945,309.75506591796875,41.48610305786133,352.27703857421875,9.239999771118164,25.681909561157227,1.3799999952316284,17.200000762939453,105.58000183105469,0.13170235865003854
2023-09-25,26298.48046875,26355.0,2.3399999141693115,3.869999885559082,,106.0,3.7799999713897705,8.5600004196167,310.2729187011719,42.09627151489258,353.9502868652344,9.260000228881836,25.77757453918457,1.3700000047683716,16.899999618530273,106.0,0.02578986933507179
2023-09-26,26217.25,26245.0,2.2799999713897705,3.7100000381469727,,106.2300033569336,3.559999942779541,8.25,304.99652099609375,41.786197662353516,348.6352844238281,9.0600004196167,25.855846405029297,1.2599999904632568,18.940000534057617,106.2300033569336,0.012701560995146324
2023-09-27,26352.716796875,26250.0,2.309999942779541,3.700000047683716,,106.66999816894531,3.609999895095825,8.010000228881836,305.63165283203125,42.341529846191406,349.4522399902344,9.020000457763672,25.977602005004883,1.2599999904632568,18.219999313354492,106.66999816894531,-0.04677322539458878
2023-09-28,27021.546875,27120.0,2.390000104904175,3.859999895095825,,106.22000122070312,3.7699999809265137,8.569999694824219,306.46221923828125,42.960697174072266,352.37548828125,9.430000305175781,25.838451385498047,1.309999942779541,17.34000015258789,106.22000122070312,0.04372205282936823
2023-09-29,26911.720703125,26869.689453125,2.3299999237060547,3.809999942779541,,106.16999816894531,3.7100000381469727,8.5,308.5238952636719,43.36947250366211,352.6313781738281,9.329999923706055,25.855846405029297,1.2599999904632568,17.520000457763672,106.16999816894531,-0.018741833922995187
2023-09-30,26967.916015625,26869.689453125,2.3299999237060547,3.809999942779541,,106.16999816894531,3.7100000381469727,8.5,308.5238952636719,43.36947250366211,352.6313781738281,9.329999923706055,25.855846405029297,1.2599999904632568,17.520000457763672,106.16999816894531,-0.04370818825292468
2023-10-01,27983.75,26869.689453125,2.3299999237060547,3.809999942779541,,106.16999816894531,3.7100000381469727,8.5,308.5238952636719,43.36947250366211,352.6313781738281,9.329999923706055,25.855846405029297,1.2599999904632568,17.520000457763672,106.16999816894531,-0.4777317751373565
2023-10-02,27530.78515625,28150.0,2.5399999618530273,3.859999895095825,,106.9000015258789,3.5999999046325684,8.529999732971191,314.4354553222656,44.64865493774414,355.5743408203125,9.880000114440918,26.055871963500977,1.190000057220459,17.610000610351562,106.9000015258789,0.26990069781257653
2023-10-03,27429.978515625,27385.0,2.315000057220459,3.4700000286102295,,107.0,3.25,7.300000190734863,306.2179260253906,43.387413024902344,349.33416748046875,8.779999732971191,26.08196449279785,1.0700000524520874,19.780000686645508,107.0,-0.0196770911502007
2023-10-04,27799.39453125,27775.0,2.490000009536743,3.630000114440918,,106.80000305175781,3.319999933242798,7.539999961853027,311.660400390625,43.90985870361328,354.08807373046875,9.0649995803833,26.003692626953125,1.1100000143051147,18.579999923706055,106.80000305175781,-0.010530242832121034
2023-10-05,27415.912109375,27605.0,2.450000047683716,3.5299999713897705,,106.33000183105469,3.1500000953674316,7.420000076293945,312.0512390136719,44.554927825927734,353.0447692871094,9.010000228881836,25.916723251342773,1.0299999713897705,18.489999771118164,106.33000183105469,0.08276415092256173
2023-10-06,27946.59765625,28145.0,2.6700000762939453,3.75,,106.04000091552734,3.4600000381469727,8.079999923706055,319.7705078125,45.62574005126953,358.9602355957031,9.920000076293945,25.86454200744629,1.1799999475479126,17.450000762939453,106.04000091552734,0.08519205644582462
2023-10-07,27968.83984375,28145.0,2.6700000762939453,3.75,,106.04000091552734,3.4600000381469727,8.079999923706055,319.7705078125,45.62574005126953,358.9602355957031,9.920000076293945,25.86454200744629,1.1799999475479126,17.450000762939453,106.04000091552734,0.07558132145664895
2023-10-08,27935.08984375,28145.0,2.6700000762939453,3.75,,106.04000091552734,3.4600000381469727,8.079999923706055,319.7705078125,45.62574005126953,358.9602355957031,9.920000076293945,25.86454200744629,1.1799999475479126,17.450000762939453,106.04000091552734,0.09017053065120412
2023-10-09,27583.677734375,27735.0,2.549999952316284,3.700000047683716,,106.08000183105469,3.2799999713897705,8.359999656677246,322.2719421386719,45.13819122314453,360.79095458984375,10.170000076293945,25.855846405029297,1.1399999856948853,17.700000762939453,106.08000183105469,0.06583122109337333
2023-10-10,27391.01953125,27490.0,2.5899999141693115,3.75,,105.83000183105469,3.2699999809265137,8.460000038146973,320.8746032714844,45.661624908447266,362.7889404296875,10.15999984741211,25.794965744018555,1.1200000047683716,17.030000686645508,105.83000183105469,0.043363322918480496
2023-10-11,26873.3203125,26800.0,2.4700000286102295,3.740000009536743,,105.81999969482422,3.2200000286102295,7.900000095367432,324.8124084472656,46.6666259765625,365.3775634765625,9.404999732971191,25.794965744018555,1.0800000429153442,16.09000015258789,105.81999969482422,-0.032740418369171326
2023-10-12,26756.798828125,26755.0,2.4000000953674316,3.569999933242798,,106.56999969482422,3.0999999046325684,7.78000020980835,323.5812072753906,46.805206298828125,364.10791015625,9.199999809265137,26.012388229370117,1.0199999809265137,16.690000534057617,106.56999969482422,-0.0008067458905924977
2023-10-13,26862.375,26840.0,2.4000000953674316,3.5199999809265137,,106.6500015258789,3.0399999618530273,7.710000038146973,320.22967529296875,45.32563400268555,359.53106689453125,9.149999618530273,26.02978515625,1.0199999809265137,19.31999969482422,106.6500015258789,-0.009995393184705374
2023-10-14,26861.70703125,26840.0,2.4000000953674316,3.5199999809265137,,106.6500015258789,3.0399999618530273,7.710000038146973,320.22967529296875,45.32563400268555,359.53106689453125,9.149999618530273,26.02978515625,1.0199999809265137,19.31999969482422,106.6500015258789,-0.009697238328783844
2023-10-15,27159.65234375,26840.0,2.4000000953674316,3.5199999809265137,,106.6500015258789,3.0399999618530273,7.710000038146973,320.22967529296875,45.32563400268555,359.53106689453125,9.149999618530273,26.02978515625,1.0199999809265137,19.31999969482422,106.6500015258789,-0.14123259298209329
2023-10-16,28519.466796875,28575.0,2.6600000858306885,3.950000047683716,,106.23999786376953,3.309999942779541,8.100000381469727,325.02734375,45.95774459838867,363.5960388183594,9.420000076293945,25.916723251342773,1.1299999952316284,17.209999084472656,106.23999786376953,0.02336644097332914
2023-10-17,28415.748046875,28620.0,2.7899999618530273,4.170000076293945,,106.25,3.5,8.449999809265137,324.4606018066406,43.807167053222656,362.4051208496094,9.670000076293945,25.925418853759766,1.2400000095367432,17.8799991607666,106.25,0.08625581256762127
2023-10-18,28328.341796875,28320.0,2.630000114440918,4.0,,106.56999969482422,3.180000066757202,7.739999771118164,322.5552673339844,42.07035446166992,357.651123046875,8.84000015258789,26.021085739135742,1.1399999856948853,19.219999313354492,106.56999969482422,-0.0035336188477873617
2023-10-19,28719.806640625,28900.0,2.569999933242798,3.869999885559082,,106.25,3.0999999046325684,7.710000038146973,323.7376403808594,41.97564697265625,354.30462646484375,8.819999694824219,25.94281578063965,1.090000033378601,21.399999618530273,106.25,0.07529021137075956
2023-10-20,29682.94921875,29685.0,2.5999999046325684,3.9200000762939453,,106.16000366210938,3.140000104904175,7.760000228881836,319.19403076171875,41.263763427734375,349.0191650390625,8.869999885559082,25.95151138305664,1.100000023841858,21.709999084472656,106.16000366210938,0.0008290744568081817
2023-10-21,29918.412109375,29685.0,2.5999999046325684,3.9200000762939453,,106.16000366210938,3.140000104904175,7.760000228881836,319.19403076171875,41.263763427734375,349.0191650390625,8.869999885559082,25.95151138305664,1.100000023841858,21.709999084472656,106.16000366210938,-0.09361945086725768
2023-10-22,29993.896484375,29685.0,2.5999999046325684,3.9200000762939453,,106.16000366210938,3.140000104904175,7.760000228881836,319.19403076171875,41.263763427734375,349.0191650390625,8.869999885559082,25.95151138305664,1.100000023841858,21.709999084472656,106.16000366210938,-0.12358373692564405
2023-10-23,33086.234375,31485.0,2.6700000762939453,4.255000114440918,,105.54000091552734,3.200000047683716,8.75,321.78326416015625,42.84703063964844,350.0723571777344,9.670000076293945,25.82105827331543,1.2000000476837158,20.3700008392334,105.54000091552734,-0.5807494525432829
2023-10-24,33901.52734375,33845.0,3.140000104904175,4.699999809265137,,106.2699966430664,3.5,9.760000228881836,322.965576171875,43.532981872558594,353.4778747558594,10.670000076293945,25.96890640258789,1.25,18.969999313354492,106.2699966430664,-0.020008777720306896
2023-10-25,34502.8203125,34840.0,3.5399999618530273,4.619999885559082,,106.52999877929688,3.369999885559082,9.470000267028809,332.87359619140625,41.65459060668945,344.82623291015625,10.5600004196167,26.038480758666992,1.2200000286102295,20.190000534057617,106.52999877929688,0.1172703046693873
2023-10-26,34156.6484375,34065.0,3.5199999809265137,4.360000133514404,,106.5999984741211,3.059999942779541,8.989999771118164,320.3861389160156,40.20592498779297,338.2513122558594,9.789999961853027,26.09935760498047,1.149999976158142,20.68000030517578,106.5999984741211,-0.03219816054295799
2023-10-27,33909.80078125,33980.05078125,3.319999933242798,4.150000095367432,,106.55999755859375,3.200000047683716,8.859999656677246,322.2620849609375,40.379398345947266,339.8753356933594,9.539999961853027,26.0645694732666,1.1200000047683716,21.270000457763672,106.55999755859375,0.024860069377527168
2023-10-28,34089.57421875,33980.05078125,3.319999933242798,4.150000095367432,,106.55999755859375,3.200000047683716,8.859999656677246,322.2620849609375,40.379398345947266,339.8753356933594,9.539999961853027,26.0645694732666,1.1200000047683716,21.270000457763672,106.55999755859375,-0.03855375962065015
2023-10-29,34538.48046875,33980.05078125,3.319999933242798,4.150000095367432,,106.55999755859375,3.200000047683716,8.859999656677246,322.2620849609375,40.379398345947266,339.8753356933594,9.539999961853027,26.0645694732666,1.1200000047683716,21.270000457763672,106.55999755859375,-0.1940200078015339
2023-10-30,34502.36328125,34765.0,3.490000009536743,4.090000152587891,,106.12000274658203,3.009999990463257,8.850000381469727,329.5904235839844,41.03843688964844,343.70416259765625,9.609999656677246,25.960206985473633,1.1200000047683716,19.75,106.12000274658203,0.09134564491449577
2023-10-31,34667.78125,34905.0,3.3299999237060547,4.099999904632568,,106.66000366210938,3.0799999237060547,8.8100004196167,330.3721923828125,40.65856170654297,345.3478088378906,9.779999732971191,26.11675262451172,1.1100000143051147,18.139999389648438,106.66000366210938,0.08211154268778018
2023-11-01,35437.25390625,34965.0,3.494999885559082,4.139999866485596,,106.87999725341797,3.0399999618530273,8.920000076293945,338.1499938964844,42.19896697998047,351.34197998046875,10.210000038146973,26.125450134277344,1.100000023841858,16.8700008392334,106.87999725341797,-0.15991777720678615
2023-11-02,34938.2421875,35300.0,3.950000047683716,4.639999866485596,,106.12000274658203,3.4800000190734863,9.859999656677246,340.3484191894531,43.3764533996582,357.7200622558594,11.300000190734863,25.9949951171875,1.1299999952316284,15.65999984741211,106.12000274658203,0.12425049110092698
2023-11-03,34732.32421875,34805.0,4.099999904632568,4.449999809265137,,105.0199966430664,3.490000009536743,9.40999984741211,344.7259216308594,44.8709831237793,361.9227600097656,11.390000343322754,25.751483917236328,1.149999976158142,14.90999984741211,105.0199966430664,0.025109444720926504
2023-11-04,35082.1953125,34805.0,4.099999904632568,4.449999809265137,,105.0199966430664,3.490000009536743,9.40999984741211,344.7259216308594,44.8709831237793,361.9227600097656,11.390000343322754,25.751483917236328,1.149999976158142,14.90999984741211,105.0199966430664,-0.09481572405518202
2023-11-05,35049.35546875,34805.0,4.099999904632568,4.449999809265137,,105.0199966430664,3.490000009536743,9.40999984741211,344.7259216308594,44.8709831237793,361.9227600097656,11.390000343322754,25.751483917236328,1.149999976158142,14.90999984741211,105.0199966430664,-0.08366104271487695
2023-11-06,35037.37109375,35320.0,3.880000114440918,4.309999942779541,,105.22000122070312,3.3399999141693115,9.239999771118164,348.3706359863281,45.614768981933594,363.39923095703125,11.010000228881836,25.77757453918457,1.059999942779541,14.890000343322754,105.22000122070312,0.09679798367078365
2023-11-07,35443.5625,36145.0,3.8499999046325684,4.329999923706055,,105.54000091552734,3.3299999237060547,9.180000305175781,352.2790832519531,45.81816101074219,366.8343505859375,11.069999694824219,25.86454200744629,1.0499999523162842,14.8100004196167,105.54000091552734,0.237483181889518
2023-11-08,35655.27734375,35895.0,3.569999933242798,3.9200000762939453,,105.58999633789062,3.0799999237060547,8.550000190734863,354.88800048828125,46.43532180786133,367.07049560546875,10.279999732971191,25.855846405029297,0.9700000286102295,14.449999809265137,105.58999633789062,0.08068011495931474
2023-11-09,36693.125,36805.0,3.119999885559082,3.690000057220459,,105.91000366210938,2.9700000286102295,9.229999542236328,352.4353942871094,46.81019592285156,364.2457275390625,10.210000038146973,25.96890640258789,0.9399999976158142,15.289999961853027,105.91000366210938,0.03658723534722104
2023-11-10,37313.96875,37555.0,2.9800000190734863,3.740000009536743,,105.86000061035156,2.9600000381469727,9.609999656677246,361.2098693847656,48.191070556640625,372.4347229003906,10.359999656677246,25.95151138305664,0.9800000190734863,14.170000076293945,105.86000061035156,0.07751453669746669
2023-11-11,37138.05078125,37555.0,2.9800000190734863,3.740000009536743,,105.86000061035156,2.9600000381469727,9.609999656677246,361.2098693847656,48.191070556640625,372.4347229003906,10.359999656677246,25.95151138305664,0.9800000190734863,14.170000076293945,105.86000061035156,0.13472410424744416
2023-11-12,37054.51953125,37555.0,2.9800000190734863,3.740000009536743,,105.86000061035156,2.9600000381469727,9.609999656677246,361.2098693847656,48.191070556640625,372.4347229003906,10.359999656677246,25.95151138305664,0.9800000190734863,14.170000076293945,105.86000061035156,0.1620791660767596
2023-11-13,36502.35546875,36915.0,2.880000114440918,3.809999942779541,,105.66000366210938,2.990000009536743,9.180000305175781,358.2883605957031,48.4752197265625,371.2732849121094,9.789999961853027,25.916723251342773,1.0099999904632568,14.760000228881836,105.66000366210938,0.13565520118939242
2023-11-14,35537.640625,35365.0,2.8499999046325684,3.8499999046325684,,104.11000061035156,2.9100000858306885,9.170000076293945,361.7961120605469,49.50813674926758,379.2655029296875,9.729999542236328,25.507970809936523,0.9599999785423279,14.15999984741211,104.11000061035156,-0.05829558359995938
2023-11-15,37880.58203125,37820.0,2.880000114440918,4.150000095367432,,104.38999938964844,3.109999895095825,10.239999771118164,361.9430236816406,48.742427825927734,379.5509338378906,10.680000305175781,25.603635787963867,1.090000033378601,14.180000305175781,104.38999938964844,-0.01919147848362695
2023-11-16,36154.76953125,36040.0,2.5,3.8399999141693115,,104.37000274658203,2.8499999046325684,9.760000228881836,368.3071594238281,49.332664489746094,379.87579345703125,10.15999984741211,25.621028900146484,1.0299999713897705,14.319999694824219,104.37000274658203,-0.038092743858029625
2023-11-17,36596.68359375,36565.0,2.4749999046325684,3.940000057220459,,103.81999969482422,2.8299999237060547,10.0,362.1192321777344,49.15121078491211,379.96429443359375,10.479999542236328,25.48187828063965,1.059999942779541,13.800000190734863,103.81999969482422,-0.010389004895102881
2023-11-18,36585.703125,36565.0,2.4749999046325684,3.940000057220459,,103.81999969482422,2.8299999237060547,10.0,362.1192321777344,49.15121078491211,379.96429443359375,10.479999542236328,25.48187828063965,1.059999942779541,13.800000190734863,103.81999969482422,-0.0067905623995028795
2023-11-19,37386.546875,36565.0,2.4749999046325684,3.940000057220459,,103.81999969482422,2.8299999237060547,10.0,362.1192321777344,49.15121078491211,379.96429443359375,10.479999542236328,25.48187828063965,1.059999942779541,13.800000190734863,103.81999969482422,-0.2636927805331045
2023-11-20,37476.95703125,37615.0,2.490000009536743,4.590000152587891,,103.47000122070312,2.940000057220459,10.640000343322754,369.5506286621094,50.25889205932617,384.59039306640625,11.319999694824219,25.403606414794922,1.1399999856948853,13.40999984741211,103.47000122070312,0.04420091053867371
2023-11-21,35813.8125,36920.0,2.440000057220459,4.53000020980835,,103.58999633789062,2.869999885559082,10.3100004196167,365.2719421386719,49.79528045654297,382.3560485839844,11.170000076293945,25.429698944091797,1.0800000429153442,13.350000381469727,103.58999633789062,0.3706461019753203
2023-11-22,37432.33984375,37655.0,2.549999952316284,4.860000133514404,,103.91999816894531,3.1600000858306885,10.920000076293945,369.9520263671875,48.57093811035156,383.92108154296875,11.600000381469727,25.516666412353516,1.100000023841858,12.850000381469727,103.91999816894531,0.07138003892230972
2023-11-23,37289.62109375,37220.0,2.549999952316284,4.860000133514404,,103.91999816894531,3.1600000858306885,10.920000076293945,369.9520263671875,48.57093811035156,383.92108154296875,11.600000381469727,25.516666412353516,1.100000023841858,12.850000381469727,103.91999816894531,-0.022404441249204
2023-11-24,37720.28125,38122.83984375,2.690000057220459,5.579999923706055,,103.4000015258789,3.5399999618530273,11.40999984741211,369.54083251953125,47.63373947143555,383.3797607421875,12.020000457763672,25.403606414794922,1.2599999904632568,12.460000038146973,103.4000015258789,0.1280664662329367
2023-11-25,37796.79296875,38122.83984375,2.690000057220459,5.579999923706055,,103.4000015258789,3.5399999618530273,11.40999984741211,369.54083251953125,47.63373947143555,383.3797607421875,12.020000457763672,25.403606414794922,1.2599999904632568,12.460000038146973,103.4000015258789,0.10351572693574468
2023-11-26,37479.12109375,38122.83984375,2.690000057220459,5.579999923706055,,103.4000015258789,3.5399999618530273,11.40999984741211,369.54083251953125,47.63373947143555,383.3797607421875,12.020000457763672,25.403606414794922,1.2599999904632568,12.460000038146973,103.4000015258789,0.20610475311514587
2023-11-27,37254.16796875,37210.0,2.619999885559082,5.579999923706055,,103.19999694824219,3.799999952316284,11.279999732971191,370.6961364746094,48.098350524902344,383.04510498046875,11.819999694824219,25.351425170898438,1.2000000476837158,12.6899995803833,103.19999694824219,-0.014227015496483354
2023-11-28,37831.0859375,38885.0,2.690000057220459,6.380000114440918,,102.75,4.369999885559082,12.380000114440918,374.70068359375,47.67860412597656,384.04901123046875,12.859999656677246,25.264455795288086,1.25,12.6899995803833,102.75,0.33430097065925657
2023-11-29,37858.4921875,38065.0,2.740000009536743,6.590000152587891,,102.7699966430664,4.840000152587891,12.399999618530273,370.9311218261719,47.99665451049805,383.6749572753906,13.0,25.29054832458496,1.2300000190734863,12.979999542236328,102.7699966430664,0.06545674713421917
2023-11-30,37712.74609375,38190.0,2.7699999809265137,6.239999771118164,,103.5,4.934999942779541,11.970000267028809,370.98992919921875,46.6307258605957,382.7104187011719,12.550000190734863,25.47318458557129,1.159999966621399,12.920000076293945,103.5,0.15185971503541937
2023-12-01,38688.75,39225.0,2.940000057220459,7.639999866485596,,103.2699966430664,5.570000171661377,13.699999809265137,366.6818542480469,46.62575149536133,383.8029479980469,13.770000457763672,25.39491081237793,1.3700000047683716,12.630000114440918,103.2699966430664,0.16632742076184936
2023-12-02,39476.33203125,39225.0,2.940000057220459,7.639999866485596,,103.2699966430664,5.570000171661377,13.699999809265137,366.6818542480469,46.62575149536133,383.8029479980469,13.770000457763672,25.39491081237793,1.3700000047683716,12.630000114440918,103.2699966430664,-0.0763998127438108
2023-12-03,39978.390625,39225.0,2.940000057220459,7.639999866485596,,103.2699966430664,5.570000171661377,13.699999809265137,366.6818542480469,46.62575149536133,383.8029479980469,13.770000457763672,25.39491081237793,1.3700000047683716,12.630000114440918,103.2699966430664,-0.2261393557535184
2023-12-04,41980.09765625,42280.0,2.990000009536743,8.869999885559082,,103.63999938964844,5.380000114440918,14.859999656677246,361.424072265625,45.37447738647461,380.2398986816406,15.0,25.507970809936523,1.5399999618530273,13.079999923706055,103.63999938964844,0.08572700698480168
2023-12-05,44080.6484375,44290.0,2.7899999618530273,9.3100004196167,,104.05000305175781,5.559999942779541,15.279999732971191,364.73345947265625,46.431427001953125,381.1947021484375,15.140000343322754,25.603635787963867,1.5499999523162842,12.850000381469727,104.05000305175781,0.056991420023277645
2023-12-06,43746.4453125,44215.0,2.740000009536743,9.25,,104.1500015258789,5.400000095367432,15.539999961853027,361.0911560058594,45.371490478515625,378.9898681640625,14.760000228881836,25.664514541625977,1.590000033378601,12.970000267028809,104.1500015258789,0.1285283000672376
2023-12-07,43292.6640625,43700.0,2.619999885559082,9.239999771118164,,103.54000091552734,5.809999942779541,15.510000228881836,363.1962890625,46.461334228515625,384.2852478027344,14.880000114440918,25.52536392211914,1.6100000143051147,13.0600004196167,103.54000091552734,0.11290668652183965
2023-12-08,44166.6015625,44910.0,2.9100000858306885,10.34000015258789,,104.01000213623047,5.820000171661377,16.780000686645508,366.40771484375,47.36871337890625,385.9978942871094,15.829999923706055,25.621028900146484,1.8300000429153442,12.350000381469727,104.01000213623047,0.20198025056051086
2023-12-09,43725.984375,44910.0,2.9100000858306885,10.34000015258789,,104.01000213623047,5.820000171661377,16.780000686645508,366.40771484375,47.36871337890625,385.9978942871094,15.829999923706055,25.621028900146484,1.8300000429153442,12.350000381469727,104.01000213623047,0.3249369385980804
2023-12-10,43779.69921875,44910.0,2.9100000858306885,10.34000015258789,,104.01000213623047,5.820000171661377,16.780000686645508,366.40771484375,47.36871337890625,385.9978942871094,15.829999923706055,25.621028900146484,1.8300000429153442,12.350000381469727,104.01000213623047,0.3098150425206888
2023-12-11,41243.83203125,41035.0,2.450000047683716,8.800000190734863,,104.0999984741211,5.010000228881836,14.649999618530273,363.5389099121094,46.49224090576172,389.29510498046875,14.020000457763672,25.65581703186035,1.4199999570846558,12.630000114440918,104.0999984741211,-0.0607602216278362
2023-12-12,41450.22265625,41455.0,2.3299999237060547,8.774999618530273,,103.87000274658203,5.150000095367432,14.890000343322754,366.5545959472656,47.51927185058594,392.3955993652344,14.0649995803833,25.58624267578125,1.4500000476837158,12.069999694824219,103.87000274658203,0.001383059518773318
2023-12-13,42890.7421875,43210.0,2.4600000381469727,10.25,,102.87000274658203,5.789999961853027,16.760000228881836,366.5447692871094,47.94902420043945,397.3857727050781,15.239999771118164,25.368820190429688,1.6299999952316284,12.1899995803833,102.87000274658203,0.08932216032196633
2023-12-14,43023.97265625,43140.0,2.5799999237060547,10.920000076293945,,101.95999908447266,5.869999885559082,17.81999969482422,358.2811584472656,48.21025848388672,397.04132080078125,15.75,25.134002685546875,1.7799999713897705,12.479999542236328,101.95999908447266,0.032361682081855345
2023-12-15,41929.7578125,42440.0,2.5999999046325684,10.640000343322754,,102.55000305175781,6.010000228881836,18.290000915527344,362.98089599609375,48.74870681762695,398.9605712890625,15.630000114440918,25.299243927001953,1.7799999713897705,12.279999732971191,102.55000305175781,0.14602770369865226
2023-12-16,42240.1171875,42440.0,2.5999999046325684,10.640000343322754,,102.55000305175781,6.010000228881836,18.290000915527344,362.98089599609375,48.74870681762695,398.9605712890625,15.630000114440918,25.299243927001953,1.7799999713897705,12.279999732971191,102.55000305175781,0.05678473237545395
2023-12-17,41364.6640625,42440.0,2.5999999046325684,10.640000343322754,,102.55000305175781,6.010000228881836,18.290000915527344,362.98089599609375,48.74870681762695,398.9605712890625,15.630000114440918,25.299243927001953,1.7799999713897705,12.279999732971191,102.55000305175781,0.3119578399211132
2023-12-18,42623.5390625,42105.0,3.140000104904175,10.84000015258789,,102.51000213623047,6.0,19.8799991607666,364.8607177734375,49.932273864746094,401.4735107421875,16.399999618530273,25.295543670654297,1.809999942779541,12.5600004196167,102.51000213623047,-0.1459866751298111
2023-12-19,42270.52734375,42360.0,3.5899999141693115,10.430000305175781,,102.16999816894531,5.71999979019165,21.969999313354492,365.4580078125,49.460636138916016,403.52490234375,16.68000030517578,25.18451690673828,1.9800000190734863,12.529999732971191,102.16999816894531,0.025400011366518947
2023-12-20,43652.25,43630.0,3.8299999237060547,10.489999771118164,,102.41000366210938,5.53000020980835,22.100000381469727,362.8731994628906,47.971954345703125,397.5285949707031,16.450000762939453,25.295543670654297,1.9500000476837158,13.670000076293945,102.41000366210938,-0.006116523203271308
2023-12-21,43869.15234375,43860.0,4.050000190734863,11.529999732971191,,101.83999633789062,7.679999828338623,24.780000686645508,365.7321472167969,48.848419189453125,402.1540222167969,16.75,25.129003524780273,2.0799999237060547,13.649999618530273,101.83999633789062,-0.002503538799642367
2023-12-22,43997.90234375,43765.0,4.03000020980835,11.890000343322754,,101.69999694824219,8.369999885559082,26.709999084472656,366.7503662109375,48.688873291015625,402.7555847167969,17.780000686645508,25.1197509765625,2.1500000953674316,13.029999732971191,101.69999694824219,-0.06352184936373476
2023-12-23,43739.54296875,43765.0,4.03000020980835,11.890000343322754,,101.69999694824219,8.369999885559082,26.709999084472656,366.7503662109375,48.688873291015625,402.7555847167969,17.780000686645508,25.1197509765625,2.1500000953674316,13.029999732971191,101.69999694824219,0.006984169341189854
2023-12-24,43016.1171875,43765.0,4.03000020980835,11.890000343322754,,101.69999694824219,8.369999885559082,26.709999084472656,366.7503662109375,48.688873291015625,402.7555847167969,17.780000686645508,25.1197509765625,2.1500000953674316,13.029999732971191,101.69999694824219,0.20891224818895096
2023-12-25,43613.140625,43765.0,4.03000020980835,11.890000343322754,,101.69999694824219,8.369999885559082,26.709999084472656,366.7503662109375,48.688873291015625,402.7555847167969,17.780000686645508,25.1197509765625,2.1500000953674316,13.029999732971191,101.69999694824219,0.04178356508807373
2023-12-26,42520.40234375,42150.0,4.980000019073486,11.739999771118164,,101.47000122070312,8.789999961853027,26.959999084472656,366.8287048339844,49.13657760620117,405.22119140625,17.350000381469727,25.064237594604492,2.2200000286102295,12.989999771118164,101.47000122070312,-0.10453400908736551
2023-12-27,43442.85546875,43565.0,5.269999980926514,13.430000305175781,,100.98999786376953,9.5600004196167,31.06999969482422,366.2510986328125,49.27418518066406,406.0461120605469,18.6200008392334,24.934709548950195,2.880000114440918,12.430000305175781,100.98999786376953,0.03373936540737649
2023-12-28,42627.85546875,42515.0,4.809999942779541,13.109999656677246,,101.2300033569336,8.539999961853027,28.110000610351562,367.43572998046875,49.378875732421875,405.8486633300781,17.600000381469727,25.01797866821289,3.0199999809265137,12.470000267028809,101.2300033569336,-0.031769499312316964
2023-12-29,42099.40234375,42679.73828125,4.130000114440918,11.029999732971191,,101.33000183105469,7.150000095367432,23.489999771118164,368.17987060546875,49.378875732421875,404.0923156738281,15.470000267028809,25.064237594604492,2.4000000953674316,12.449999809265137,101.33000183105469,0.16541876754299975
2023-12-30,42156.90234375,42679.73828125,4.130000114440918,11.029999732971191,,101.33000183105469,7.150000095367432,23.489999771118164,368.17987060546875,49.378875732421875,404.0923156738281,15.470000267028809,25.064237594604492,2.4000000953674316,12.449999809265137,101.33000183105469,0.14882571776363357
2023-12-31,42265.1875,42679.73828125,4.130000114440918,11.029999732971191,,101.33000183105469,7.150000095367432,23.489999771118164,368.17987060546875,49.378875732421875,404.0923156738281,15.470000267028809,25.064237594604492,2.4000000953674316,12.449999809265137,101.33000183105469,0.11769992443544702
2024-01-01,44167.33203125,42679.73828125,4.130000114440918,11.029999732971191,,101.33000183105469,7.150000095367432,23.489999771118164,368.17987060546875,49.378875732421875,404.0923156738281,15.470000267028809,25.064237594604492,2.4000000953674316,12.449999809265137,101.33000183105469,-0.4041703263255674
2024-01-02,44957.96875,45330.0,4.130000114440918,10.880000114440918,,102.19999694824219,6.800000190734863,22.93000030517578,363.1178894042969,48.02879333496094,397.2541809082031,15.40999984741211,25.27703857421875,2.299999952316284,13.199999809265137,102.19999694824219,0.09930108330350224
2024-01-03,42848.17578125,43080.0,3.930000066757202,10.569999694824219,,102.45999908447266,6.539999961853027,23.440000534057617,362.85357666015625,47.4315185546875,393.0506286621094,15.039999961853027,25.360309600830078,2.1500000953674316,14.039999961853027,102.45999908447266,0.0649243654899617
2024-01-04,44179.921875,44630.0,4.190000057220459,10.760000228881836,,102.41999816894531,6.739999771118164,26.270000457763672,360.2491455078125,47.85928726196289,391.02783203125,15.859999656677246,25.360309600830078,2.190000057220459,14.130000114440918,102.41999816894531,0.12224868833587091
2024-01-05,44162.69140625,44385.0,3.9100000858306885,10.210000038146973,,102.41000366210938,6.190000057220459,24.1200008392334,360.0631408691406,48.955108642578125,391.4915771484375,14.829999923706055,25.360309600830078,1.9299999475479126,13.350000381469727,102.41000366210938,0.06040626239148235
2024-01-06,43989.1953125,44385.0,3.9100000858306885,10.210000038146973,,102.41000366210938,6.190000057220459,24.1200008392334,360.0631408691406,48.955108642578125,391.4915771484375,14.829999923706055,25.360309600830078,1.9299999475479126,13.350000381469727,102.41000366210938,0.1079732469816363
2024-01-07,43943.09765625,44385.0,3.9100000858306885,10.210000038146973,,102.41000366210938,6.190000057220459,24.1200008392334,360.0631408691406,48.955108642578125,391.4915771484375,14.829999923706055,25.360309600830078,1.9299999475479126,13.350000381469727,102.41000366210938,0.12067488201405349
2024-01-08,46970.50390625,47305.0,4.039999961853027,10.725000381469727,,102.20999908447266,6.420000076293945,25.979999542236328,366.85809326171875,52.10197830200195,399.58294677734375,16.010000228881836,25.314048767089844,2.059999942779541,13.079999923706055,102.20999908447266,0.08545688871065943
2024-01-09,46139.73046875,47045.0,3.819999933242798,10.550000190734863,,102.56999969482422,6.079999923706055,25.729999542236328,367.9351501464844,52.986419677734375,400.37237548828125,15.739999771118164,25.39731788635254,2.0299999713897705,12.760000228881836,102.56999969482422,0.23544208569570135
2024-01-10,46627.77734375,46325.0,3.7899999618530273,9.984999656677246,,102.36000061035156,6.449999809265137,25.6299991607666,374.7691650390625,54.19292449951172,403.08587646484375,15.550000190734863,25.351057052612305,2.119999885559082,12.6899995803833,102.36000061035156,-0.07792196694717665
2024-01-11,46368.5859375,46350.0,3.509999990463257,9.260000228881836,,102.29000091552734,6.039999961853027,22.399999618530273,376.59033203125,54.66356658935547,403.92462158203125,13.09000015258789,25.36956024169922,1.9199999570846558,12.4399995803833,102.29000091552734,-0.004809964450945793
2024-01-12,42853.16796875,43690.0,3.259999990463257,8.140000343322754,,102.4000015258789,5.150000095367432,18.979999542236328,380.35009765625,54.55188751220703,404.1318054199219,11.729999542236328,25.39731788635254,1.7000000476837158,12.699999809265137,102.4000015258789,0.23433470268342727
2024-01-13,42842.3828125,43690.0,3.259999990463257,8.140000343322754,,102.4000015258789,5.150000095367432,18.979999542236328,380.35009765625,54.55188751220703,404.1318054199219,11.729999542236328,25.39731788635254,1.7000000476837158,12.699999809265137,102.4000015258789,0.23741457832808305
2024-01-14,41796.26953125,43690.0,3.259999990463257,8.140000343322754,,102.4000015258789,5.150000095367432,18.979999542236328,380.35009765625,54.55188751220703,404.1318054199219,11.729999542236328,25.39731788635254,1.7000000476837158,12.699999809265137,102.4000015258789,0.5437032031772423
2024-01-15,42511.96875,43690.0,3.259999990463257,8.140000343322754,,102.4000015258789,5.150000095367432,18.979999542236328,380.35009765625,54.55188751220703,404.1318054199219,11.729999542236328,25.39731788635254,1.7000000476837158,12.699999809265137,102.4000015258789,0.33252694278008477
2024-01-16,43154.9453125,43295.0,2.9000000953674316,7.650000095367432,,103.36000061035156,4.809999942779541,17.780000686645508,382.1124267578125,56.21905517578125,404.0923156738281,11.289999961853027,25.61937141418457,1.5099999904632568,13.84000015258789,103.36000061035156,0.03894469655400516
2024-01-17,42742.65234375,42810.0,2.799999952316284,7.360000133514404,,103.44999694824219,4.710000038146973,17.260000228881836,381.3291015625,55.89100646972656,401.8129577636719,10.869999885559082,25.637874603271484,1.4299999475479126,14.789999961853027,103.44999694824219,0.018907855050744743
2024-01-18,41262.05859375,40880.0,2.630000114440918,6.880000114440918,,103.54000091552734,4.329999923706055,16.06999969482422,385.63714599609375,56.94195556640625,407.5163269042969,10.329999923706055,25.665632247924805,1.309999942779541,14.130000114440918,103.54000091552734,-0.11111183690903995
2024-01-19,41618.40625,41585.0,2.680000066757202,6.869999885559082,,103.29000091552734,4.320000171661377,16.1299991607666,390.33685302734375,59.31907653808594,415.5978088378906,10.289999961853027,25.628623962402344,1.3799999952316284,13.300000190734863,103.29000091552734,-0.009632156445202655
2024-01-20,41665.5859375,41585.0,2.680000066757202,6.869999885559082,,103.29000091552734,4.320000171661377,16.1299991607666,390.33685302734375,59.31907653808594,415.5978088378906,10.289999961853027,25.628623962402344,1.3799999952316284,13.300000190734863,103.29000091552734,-0.02320935199256731
2024-01-21,41545.78515625,41585.0,2.680000066757202,6.869999885559082,,103.29000091552734,4.320000171661377,16.1299991607666,390.33685302734375,59.31907653808594,415.5978088378906,10.289999961853027,25.628623962402344,1.3799999952316284,13.300000190734863,103.29000091552734,0.011326735629864679
2024-01-22,39507.3671875,40180.0,2.819999933242798,7.099999904632568,,103.33000183105469,4.300000190734863,16.610000610351562,388.22198486328125,59.48159408569336,416.1405334472656,10.600000381469727,25.637874603271484,1.4500000476837158,13.1899995803833,103.33000183105469,0.20430604023023397
2024-01-23,39845.55078125,39235.0,2.740000009536743,7.090000152587891,,103.62000274658203,4.150000095367432,16.110000610351562,390.5620422363281,59.69997024536133,417.8673400878906,10.380000114440918,25.702640533447266,1.4299999475479126,12.550000190734863,103.62000274658203,-0.18387521897294642
2024-01-24,40077.07421875,39700.0,2.2850000858306885,6.989999771118164,3.440000057220459,103.23999786376953,4.0,15.649999618530273,394.1455383300781,61.184669494628906,420.1861572265625,10.069999694824219,25.628623962402344,1.440000057220459,13.140000343322754,103.23999786376953,-0.11290471455830567
2024-01-25,39933.80859375,39750.0,2.359999895095825,7.304999828338623,3.2100000381469727,103.56999969482422,4.059999942779541,16.270000457763672,396.4072570800781,61.43891906738281,420.69927978515625,10.630000114440918,25.702640533447266,1.5199999809265137,13.449999809265137,103.56999969482422,-0.0552339784927304
2024-01-26,41816.87109375,41327.19140625,2.75,8.010000228881836,3.4600000381469727,103.47000122070312,4.269999980926514,17.850000381469727,395.4869079589844,60.854618072509766,418.19293212890625,11.350000381469727,25.702640533447266,1.690000057220459,13.260000228881836,103.47000122070312,-0.14052118430444352
2024-01-27,42120.0546875,41327.19140625,2.75,8.010000228881836,3.4600000381469727,103.47000122070312,4.269999980926514,17.850000381469727,395.4869079589844,60.854618072509766,418.19293212890625,11.350000381469727,25.702640533447266,1.690000057220459,13.260000228881836,103.47000122070312,-0.22588668142977467
2024-01-28,42035.59375,41327.19140625,2.75,8.010000228881836,3.4600000381469727,103.47000122070312,4.269999980926514,17.850000381469727,395.4869079589844,60.854618072509766,418.19293212890625,11.350000381469727,25.702640533447266,1.690000057220459,13.260000228881836,103.47000122070312,-0.20222928634141157
2024-01-29,43288.24609375,43530.0,3.109999895095825,8.529999732971191,3.450000047683716,103.61000061035156,4.480000019073486,18.520000457763672,401.1558532714844,62.28447341918945,422.47540283203125,11.550000190734863,25.702640533447266,1.8799999952316284,13.600000381469727,103.61000061035156,0.06701696503751063
2024-01-30,42952.609375,43890.0,3.0799999237060547,8.420000076293945,3.1500000953674316,103.4000015258789,4.329999923706055,18.110000610351562,400.0494384765625,62.59257507324219,419.6631164550781,11.34000015258789,25.68413734436035,1.8799999952316284,13.3100004196167,103.4000015258789,0.26188601027222225
2024-01-31,42582.60546875,42815.0,3.0399999618530273,8.050000190734863,2.940000057220459,103.2699966430664,3.9200000762939453,17.729999542236328,389.26959228515625,61.34918975830078,411.443603515625,10.899999618530273,25.7489013671875,1.6699999570846558,14.350000381469727,103.2699966430664,0.06548998926443245
2024-02-01,43075.7734375,43275.0,2.859999895095825,8.359999656677246,2.6700000762939453,103.05000305175781,3.75,18.600000381469727,395.34002685546875,62.8448486328125,416.2885437011719,11.300000190734863,25.61937141418457,1.8300000429153442,13.880000114440918,103.05000305175781,0.05550030932047614
2024-02-02,43185.859375,43185.0,2.680000066757202,8.279999732971191,2.9800000190734863,103.91999816894531,3.7899999618530273,18.200000762939453,402.6245422363281,65.96879577636719,423.3240051269531,11.210000038146973,25.850677490234375,1.7799999713897705,13.850000381469727,103.91999816894531,-0.0002387934418637466
2024-02-03,42992.25,43185.0,2.680000066757202,8.279999732971191,2.9800000190734863,103.91999816894531,3.7899999618530273,18.200000762939453,402.6245422363281,65.96879577636719,423.3240051269531,11.210000038146973,25.850677490234375,1.7799999713897705,13.850000381469727,103.91999816894531,0.05380039425710448
2024-02-04,42583.58203125,43185.0,2.680000066757202,8.279999732971191,2.9800000190734863,103.91999816894531,3.7899999618530273,18.200000762939453,402.6245422363281,65.96879577636719,423.3240051269531,11.210000038146973,25.850677490234375,1.7799999713897705,13.850000381469727,103.91999816894531,0.1694788291812508
2024-02-05,42658.66796875,42555.0,2.450000047683716,7.760000228881836,3.140000104904175,104.44999694824219,3.6500000953674316,16.639999389648438,397.17095947265625,69.13163757324219,422.77154541015625,10.34000015258789,25.989459991455078,1.559999942779541,13.670000076293945,104.44999694824219,-0.02916208321158352
2024-02-06,43084.671875,43305.0,2.5899999141693115,8.699999809265137,3.2699999809265137,104.18000030517578,3.8399999141693115,17.059999465942383,397.0142822265625,68.02584075927734,421.9228515625,10.8100004196167,25.915441513061523,1.7000000476837158,13.0600004196167,104.18000030517578,0.061366081832322186
2024-02-07,44318.22265625,44410.0,2.509999990463257,9.3100004196167,3.430000066757202,104.04000091552734,4.119999885559082,17.540000915527344,405.39532470703125,69.89640045166016,426.2645568847656,11.319999694824219,25.887685775756836,1.7200000286102295,12.829999923706055,104.04000091552734,0.024850457870171032
2024-02-08,45301.56640625,45750.0,2.9000000953674316,10.5,3.5999999046325684,104.1500015258789,5.099999904632568,21.579999923706055,405.4541015625,69.43972778320312,427.0539245605469,13.050000190734863,25.915441513061523,2.0299999713897705,12.789999961853027,104.1500015258789,0.11878624850944636
2024-02-09,47147.19921875,47770.0,3.3499999046325684,13.949999809265137,3.75,104.08000183105469,5.940000057220459,23.889999389648438,411.7594909667969,71.92454528808594,431.2574462890625,14.550000190734863,25.896936416625977,2.200000047683716,12.930000305175781,104.08000183105469,0.15851650784863197
2024-02-10,47771.27734375,47770.0,3.3499999046325684,13.949999809265137,3.75,104.08000183105469,5.940000057220459,23.889999389648438,411.7594909667969,71.92454528808594,431.2574462890625,14.550000190734863,25.896936416625977,2.200000047683716,12.930000305175781,104.08000183105469,-0.0003208648763922032
2024-02-11,48293.91796875,47770.0,3.3499999046325684,13.949999809265137,3.75,104.08000183105469,5.940000057220459,23.889999389648438,411.7594909667969,71.92454528808594,431.2574462890625,14.550000190734863,25.896936416625977,2.200000047683716,12.930000305175781,104.08000183105469,-0.1301823477869035
2024-02-12,49958.22265625,50465.0,3.9000000953674316,16.0049991607666,4.039999961853027,104.16999816894531,6.929999828338623,27.280000686645508,406.580078125,72.03919982910156,429.57012939453125,15.920000076293945,25.924694061279297,2.380000114440918,13.930000305175781,104.16999816894531,0.12172827217741698
2024-02-13,49742.44140625,49640.0,3.5,15.890000343322754,3.6700000762939453,104.95999908447266,6.920000076293945,25.719999313354492,397.826904296875,71.91956329345703,422.8701477050781,15.4399995803833,26.12824249267578,2.190000057220459,15.850000381469727,104.95999908447266,-0.024713239644999455
2024-02-14,51826.6953125,51990.0,4.019999980926514,17.850000381469727,3.799999952316284,104.72000122070312,8.300000190734863,29.40999984741211,401.67205810546875,73.68643951416016,427.47821044921875,17.6200008392334,26.081981658935547,2.4600000381469727,14.380000114440918,104.72000122070312,0.037811715336735996
2024-02-15,51938.5546875,51955.0,4.199999809265137,17.229999542236328,3.619999885559082,104.30000305175781,7.739999771118164,27.020000457763672,398.7980041503906,72.4480209350586,428.7511291503906,16.530000686645508,25.980207443237305,2.4600000381469727,14.010000228881836,104.30000305175781,0.0037995618320025093
2024-02-16,52160.203125,52025.0,3.7799999713897705,17.860000610351562,3.7300000190734863,104.27999877929688,6.809999942779541,26.940000534057617,396.34576416015625,72.40313720703125,424.8633728027344,16.450000762939453,25.989459991455078,2.490000009536743,14.239999771118164,104.27999877929688,-0.03110489228946997
2024-02-17,51662.99609375,52025.0,3.7799999713897705,17.860000610351562,3.7300000190734863,104.27999877929688,6.809999942779541,26.940000534057617,396.34576416015625,72.40313720703125,424.8633728027344,16.450000762939453,25.989459991455078,2.490000009536743,14.239999771118164,104.27999877929688,0.08408430024300366
2024-02-18,52122.546875,52025.0,3.7799999713897705,17.860000610351562,3.7300000190734863,104.27999877929688,6.809999942779541,26.940000534057617,396.34576416015625,72.40313720703125,424.8633728027344,16.450000762939453,25.989459991455078,2.490000009536743,14.239999771118164,104.27999877929688,-0.022457891453524642
2024-02-19,51779.14453125,52025.0,3.7799999713897705,17.860000610351562,3.7300000190734863,104.27999877929688,6.809999942779541,26.940000534057617,396.34576416015625,72.40313720703125,424.8633728027344,16.450000762939453,25.989459991455078,2.490000009536743,14.239999771118164,104.27999877929688,0.05697787500562976
2024-02-20,52284.875,52090.0,3.5,16.559999465942383,3.5450000762939453,104.08000183105469,6.869999885559082,24.510000228881836,395.10003662109375,69.25128936767578,421.65643310546875,16.040000915527344,25.952449798583984,2.369999885559082,15.420000076293945,104.08000183105469,-0.044726127775958156
2024-02-21,51839.1796875,50955.0,3.130000114440918,15.460000038146973,3.240000009536743,104.01000213623047,6.639999866485596,22.899999618530273,394.50164794921875,67.27700805664062,419.9690246582031,15.100000381469727,25.924694061279297,2.180000066757202,15.34000015258789,104.01000213623047,-0.20467446271258088
2024-02-22,51304.97265625,52040.0,3.244999885559082,17.09000015258789,3.234999895095825,103.95999908447266,6.630000114440918,24.559999465942383,403.7908630371094,78.31101989746094,432.2639465332031,15.729999542236328,25.924694061279297,2.140000104904175,14.539999961853027,103.95999908447266,0.17191955610418794
2024-02-23,50731.94921875,50958.01171875,3.0299999713897705,16.43000030517578,3.140000104904175,103.94000244140625,6.179999828338623,23.989999771118164,402.505859375,78.58921813964844,430.9910583496094,14.850000381469727,25.943199157714844,2.0299999713897705,13.75,103.94000244140625,0.053472220992395764
2024-02-24,51571.1015625,50958.01171875,3.0299999713897705,16.43000030517578,3.140000104904175,103.94000244140625,6.179999828338623,23.989999771118164,402.505859375,78.58921813964844,430.9910583496094,14.850000381469727,25.943199157714844,2.0299999713897705,13.75,103.94000244140625,-0.1426589291695431
2024-02-25,51733.23828125,50958.01171875,3.0299999713897705,16.43000030517578,3.140000104904175,103.94000244140625,6.179999828338623,23.989999771118164,402.505859375,78.58921813964844,430.9910583496094,14.850000381469727,25.943199157714844,2.0299999713897705,13.75,103.94000244140625,-0.1798209247877615
2024-02-26,54522.40234375,55290.0,3.4000000953674316,20.350000381469727,3.3399999141693115,103.83000183105469,6.909999847412109,29.190000534057617,399.7593078613281,78.8634262084961,430.7640686035156,17.3700008392334,25.896936416625977,2.3399999141693115,13.739999771118164,103.83000183105469,0.16894288364122118
2024-02-27,57085.37109375,57620.0,3.450000047683716,20.889999389648438,3.690000057220459,103.83000183105469,6.769999980926514,30.309999465942383,399.70050048828125,78.4735336303711,431.8001708984375,16.799999237060547,25.915441513061523,2.299999952316284,13.430000305175781,103.83000183105469,0.1123851304122013
2024-02-28,62504.7890625,60870.0,3.2699999809265137,18.079999923706055,3.8299999237060547,103.9800033569336,6.050000190734863,31.030000686645508,399.93585205078125,77.43855285644531,429.5010070800781,15.649999618530273,25.933948516845703,2.0999999046325684,13.84000015258789,103.9800033569336,-0.31385545082608046
2024-02-29,61198.3828125,62760.0,2.9600000381469727,16.719999313354492,3.759999990463257,104.16000366210938,5.900000095367432,25.899999618530273,405.7428894042969,78.88336944580078,433.18157958984375,14.119999885559082,25.989459991455078,1.8799999952316284,13.399999618530273,104.16000366210938,0.30620753995107863
2024-03-01,62440.6328125,63825.0,3.0899999141693115,17.860000610351562,3.75,103.86000061035156,5.989999771118164,27.0,407.5673828125,82.04119873046875,439.7040100097656,14.4399995803833,25.943199157714844,2.049999952316284,13.109999656677246,103.86000061035156,0.2660512153982264
2024-03-02,62029.84765625,63825.0,3.0899999141693115,17.860000610351562,3.75,103.86000061035156,5.989999771118164,27.0,407.5673828125,82.04119873046875,439.7040100097656,14.4399995803833,25.943199157714844,2.049999952316284,13.109999656677246,103.86000061035156,0.34728165454118265
2024-03-03,63167.37109375,63825.0,3.0899999141693115,17.860000610351562,3.75,103.86000061035156,5.989999771118164,27.0,407.5673828125,82.04119873046875,439.7040100097656,14.4399995803833,25.943199157714844,2.049999952316284,13.109999656677246,103.86000061035156,0.12493074728862379
2024-03-04,68330.4140625,68480.0,2.869999885559082,16.469999313354492,4.0,103.83000183105469,5.699999809265137,25.709999084472656,406.9984436035156,84.99065399169922,438.13507080078125,13.479999542236328,25.943199157714844,1.909999966621399,13.489999771118164,103.83000183105469,0.026269872276174604
2024-03-05,63801.19921875,62425.0,2.8499999046325684,15.329999923706055,3.640000104904175,103.80000305175781,5.090000152587891,22.260000228881836,394.962646484375,85.71958923339844,430.27069091796875,12.25,25.915441513061523,1.7300000190734863,14.460000038146973,103.80000305175781,-0.25884138272038504
2024-03-06,66106.8046875,67760.0,3.630000114440918,16.575000762939453,3.8399999141693115,103.37000274658203,5.400000095367432,22.6200008392334,394.41339111328125,88.44779205322266,432.97442626953125,12.119999885559082,25.822919845581055,1.8700000047683716,14.5,103.37000274658203,0.30009533577942227
2024-03-07,66925.484375,68365.0,3.4200000762939453,17.81999969482422,4.039999961853027,102.81999969482422,5.360000133514404,21.799999237060547,401.3287658691406,92.40552520751953,439.546142578125,11.970000267028809,25.693389892578125,1.840000033378601,14.4399995803833,102.81999969482422,0.2581107579768637
2024-03-08,68300.09375,69805.0,3.509999990463257,20.239999771118164,4.03000020980835,102.73999786376953,5.349999904632568,23.479999542236328,398.4645690917969,87.27913665771484,433.2013244628906,12.350000381469727,25.702640533447266,2.009999990463257,14.739999771118164,102.73999786376953,0.26440483472982057
2024-03-09,68498.8828125,69805.0,3.509999990463257,20.239999771118164,4.03000020980835,102.73999786376953,5.349999904632568,23.479999542236328,398.4645690917969,87.27913665771484,433.2013244628906,12.350000381469727,25.702640533447266,2.009999990463257,14.739999771118164,102.73999786376953,0.22881258213951255
2024-03-10,69019.7890625,69805.0,3.509999990463257,20.239999771118164,4.03000020980835,102.73999786376953,5.349999904632568,23.479999542236328,398.4645690917969,87.27913665771484,433.2013244628906,12.350000381469727,25.702640533447266,2.009999990463257,14.739999771118164,102.73999786376953,0.1365192704583253
2024-03-11,72123.90625,72660.0,3.1600000858306885,16.90999984741211,3.7100000381469727,102.87000274658203,5.079999923706055,20.639999389648438,396.7969970703125,85.53012084960938,431.5929870605469,11.779999732971191,25.730396270751953,1.8200000524520874,15.220000267028809,102.87000274658203,0.08919546006980175
2024-03-12,71481.2890625,71800.0,3.134999990463257,16.489999771118164,3.5399999618530273,102.95999908447266,4.929999828338623,20.190000534057617,407.3515625,91.65166473388672,437.7798156738281,11.619999885559082,25.7489013671875,1.7599999904632568,13.84000015258789,102.95999908447266,0.05350394907758313
2024-03-13,73083.5,73915.0,3.380000114440918,17.110000610351562,3.319999933242798,102.79000091552734,4.900000095367432,19.700000762939453,407.175048828125,90.62958526611328,434.41510009765625,11.729999542236328,25.721145629882812,1.7400000095367432,13.75,102.79000091552734,0.1365287650427251
2024-03-14,71396.59375,69600.0,3.1700000762939453,15.84000015258789,3.049999952316284,103.36000061035156,4.559999942779541,18.229999542236328,417.101806640625,87.69395446777344,433.31976318359375,10.930000305175781,25.85993003845215,1.6699999570846558,14.399999618530273,103.36000061035156,-0.30196293503147686
2024-03-15,69403.7734375,69165.0,3.5299999713897705,17.43000030517578,3.4200000762939453,103.43000030517578,4.599999904632568,19.31999969482422,408.4698181152344,87.5872573852539,428.16900634765625,11.600000381469727,25.887685775756836,1.7799999713897705,14.40999984741211,103.43000030517578,-0.04128422862454682
2024-03-16,65315.1171875,69165.0,3.5299999713897705,17.43000030517578,3.4200000762939453,103.43000030517578,4.599999904632568,19.31999969482422,408.4698181152344,87.5872573852539,428.16900634765625,11.600000381469727,25.887685775756836,1.7799999713897705,14.40999984741211,103.43000030517578,0.7073185464458063
2024-03-17,68390.625,69165.0,3.5299999713897705,17.43000030517578,3.4200000762939453,103.43000030517578,4.599999904632568,19.31999969482422,408.4698181152344,87.5872573852539,428.16900634765625,11.600000381469727,25.887685775756836,1.7799999713897705,14.40999984741211,103.43000030517578,0.1358738862234407
2024-03-18,67548.59375,67180.0,3.950000047683716,17.459999084472656,3.2200000286102295,103.58000183105469,4.610000133514404,19.40999984741211,409.3526306152344,88.20349884033203,432.2525634765625,11.430000305175781,25.943199157714844,1.7300000190734863,14.329999923706055,103.58000183105469,-0.06548063778159705
2024-03-19,61912.7734375,64595.0,4.099999904632568,16.489999771118164,3.0799999237060547,103.80999755859375,4.489999771118164,19.31999969482422,413.36456298828125,89.14383697509766,433.3295593261719,11.09000015258789,26.007963180541992,1.7200000286102295,13.819999694824219,103.80999755859375,0.5198720225720788
2024-03-20,67913.671875,65990.0,4.550000190734863,20.25,3.3399999141693115,103.41000366210938,5.670000076293945,22.43000030517578,417.111572265625,90.11505889892578,438.4673767089844,12.399999618530273,25.887685775756836,2.3299999237060547,13.039999961853027,103.41000366210938,-0.3399030248649768
2024-03-21,65491.390625,65415.0,4.829999923706055,20.770000457763672,3.4700000286102295,104.0,5.650000095367432,21.780000686645508,421.17254638671875,91.17501831054688,440.54229736328125,11.979999542236328,26.0634765625,2.380000114440918,12.920000076293945,104.0,-0.01399706879410915
2024-03-22,63778.76171875,63975.0,4.619999885559082,19.520000457763672,3.390000104904175,104.43000030517578,5.050000190734863,20.8700008392334,420.55462646484375,94.02091217041016,441.0462341308594,11.399999618530273,26.202259063720703,2.4600000381469727,13.0600004196167,104.43000030517578,0.036922312562046915
2024-03-23,64062.203125,63975.0,4.619999885559082,19.520000457763672,3.390000104904175,104.43000030517578,5.050000190734863,20.8700008392334,420.55462646484375,94.02091217041016,441.0462341308594,11.399999618530273,26.202259063720703,2.4600000381469727,13.0600004196167,104.43000030517578,-0.016334709843777325
2024-03-24,67234.171875,63975.0,4.619999885559082,19.520000457763672,3.390000104904175,104.43000030517578,5.050000190734863,20.8700008392334,420.55462646484375,94.02091217041016,441.0462341308594,11.399999618530273,26.202259063720703,2.4600000381469727,13.0600004196167,104.43000030517578,-0.5816991778036977
2024-03-25,69958.8125,71130.0,5.260000228881836,23.399999618530273,3.380000114440918,104.2300033569336,5.579999923706055,20.950000762939453,414.7868347167969,94.73188781738281,439.4455871582031,12.4399995803833,26.137495040893555,2.569999933242798,13.1899995803833,104.2300033569336,0.20089320412635647
2024-03-26,69987.8359375,69440.0,5.21999979019165,23.190000534057617,3.240000009536743,104.29000091552734,5.690000057220459,20.3799991607666,413.5999755859375,92.29782104492188,438.0228271484375,12.050000190734863,26.1560001373291,2.4600000381469727,13.239999771118164,104.29000091552734,-0.09393105476029708
2024-03-27,69455.34375,68635.0,5.329999923706055,23.110000610351562,3.369999885559082,104.3499984741211,5.369999885559082,22.06999969482422,413.3841247558594,89.99339294433594,439.5147399902344,12.239999771118164,26.174503326416016,2.700000047683716,12.779999732971191,104.3499984741211,-0.1417331549813257
2024-03-28,70744.953125,71296.171875,5.150000095367432,21.209999084472656,3.5399999618530273,104.55000305175781,5.400000095367432,22.579999923706055,412.68768310546875,90.0990982055664,438.70458984375,12.239999771118164,26.24852180480957,2.630000114440918,13.010000228881836,104.55000305175781,0.093499602555571
2024-03-29,69892.828125,71296.171875,5.150000095367432,21.209999084472656,3.5399999618530273,104.55000305175781,5.400000095367432,22.579999923706055,412.68768310546875,90.0990982055664,438.70458984375,12.239999771118164,26.24852180480957,2.630000114440918,13.010000228881836,104.55000305175781,0.24094210309936576
2024-03-30,69645.3046875,71296.171875,5.150000095367432,21.209999084472656,3.5399999618530273,104.55000305175781,5.400000095367432,22.579999923706055,412.68768310546875,90.0990982055664,438.70458984375,12.239999771118164,26.24852180480957,2.630000114440918,13.010000228881836,104.55000305175781,0.2844471187094338
2024-03-31,71333.6484375,71296.171875,5.150000095367432,21.209999084472656,3.5399999618530273,104.55000305175781,5.400000095367432,22.579999923706055,412.68768310546875,90.0990982055664,438.70458984375,12.239999771118164,26.24852180480957,2.630000114440918,13.010000228881836,104.55000305175781,-0.0063044406090349845
2024-04-01,69702.1484375,70380.0,4.880000114440918,18.579999923706055,3.5299999713897705,105.0199966430664,6.46999979019165,21.6299991607666,416.46417236328125,90.1060791015625,439.6333312988281,11.470000267028809,26.350296020507812,2.430000066757202,13.649999618530273,105.0199966430664,0.11669968476357268
2024-04-02,65446.97265625,66550.0,4.289999961853027,16.829999923706055,3.369999885559082,104.81999969482422,5.889999866485596,19.729999542236328,413.3939514160156,89.19766235351562,435.83917236328125,10.609999656677246,26.31328773498535,2.3299999237060547,14.609999656677246,104.81999969482422,0.20224507853895313
2024-04-03,65980.8125,66305.0,4.349999904632568,16.184999465942383,3.4600000381469727,104.25,5.559999942779541,19.43000030517578,412.4228515625,88.7110595703125,436.8173828125,10.289999961853027,26.193008422851562,2.3299999237060547,14.329999923706055,104.25,0.05896032274534358
2024-04-04,68508.84375,68840.0,4.159999847412109,15.890000343322754,3.490000009536743,104.12000274658203,5.760000228881836,18.469999313354492,409.9019470214844,85.6607437133789,430.1380920410156,10.1899995803833,26.193008422851562,2.369999885559082,16.350000381469727,104.12000274658203,0.05800528490162995
2024-04-05,67837.640625,67755.0,4.050000190734863,15.600000381469727,3.450000047683716,104.30000305175781,5.599999904632568,18.43000030517578,417.39605712890625,87.75777435302734,435.2068176269531,10.199999809265137,26.220766067504883,2.3499999046325684,16.030000686645508,104.30000305175781,-0.014618543493898229
2024-04-06,68896.109375,67755.0,4.050000190734863,15.600000381469727,3.450000047683716,104.30000305175781,5.599999904632568,18.43000030517578,417.39605712890625,87.75777435302734,435.2068176269531,10.199999809265137,26.220766067504883,2.3499999046325684,16.030000686645508,104.30000305175781,-0.19875305912366692
2024-04-07,69362.5546875,67755.0,4.050000190734863,15.600000381469727,3.450000047683716,104.30000305175781,5.599999904632568,18.43000030517578,417.39605712890625,87.75777435302734,435.2068176269531,10.199999809265137,26.220766067504883,2.3499999046325684,16.030000686645508,104.30000305175781,-0.27811340480336166
2024-04-08,71631.359375,72110.0,4.289999961853027,15.359999656677246,3.380000114440918,104.13999938964844,5.409999847412109,17.950000762939453,416.48382568359375,86.88525390625,435.3353271484375,10.050000190734863,26.18375587463379,2.2300000190734863,15.1899995803833,104.13999938964844,0.08018398017453511
2024-04-09,69139.015625,69355.0,4.199999809265137,15.329999923706055,3.1700000762939453,104.1500015258789,5.010000228881836,17.979999542236328,418.14154052734375,85.11129760742188,436.9458312988281,10.0,26.174503326416016,2.2200000286102295,14.979999542236328,104.1500015258789,0.03748697427307347
2024-04-10,70587.8828125,70410.0,4.210000038146973,15.050000190734863,3.130000114440918,105.25,4.900000095367432,17.3799991607666,415.1792297363281,86.79151916503906,433.1319580078125,9.869999885559082,26.452070236206055,2.180000066757202,15.800000190734863,105.25,-0.03024022912926915
2024-04-11,70060.609375,70800.0,4.150000095367432,15.869999885559082,3.0,105.27999877929688,4.96999979019165,17.600000381469727,419.7600402832031,90.35835266113281,440.04827880859375,9.75,26.4705753326416,2.140000104904175,14.90999984741211,105.27999877929688,0.12664302493443735
2024-04-12,67195.8671875,67170.0,3.825000047683716,14.850000381469727,3.009999990463257,106.04000091552734,4.650000095367432,16.110000610351562,413.8451232910156,87.93526458740234,433.0331115722656,9.100000381469727,26.68337631225586,2.0399999618530273,17.309999465942383,106.04000091552734,-0.0046194247204795775
2024-04-13,63821.47265625,67170.0,3.825000047683716,14.850000381469727,3.009999990463257,106.04000091552734,4.650000095367432,16.110000610351562,413.8451232910156,87.93526458740234,433.0331115722656,9.100000381469727,26.68337631225586,2.0399999618530273,17.309999465942383,106.04000091552734,0.6296051540745036
2024-04-14,65738.7265625,67170.0,3.825000047683716,14.850000381469727,3.009999990463257,106.04000091552734,4.650000095367432,16.110000610351562,413.8451232910156,87.93526458740234,433.0331115722656,9.100000381469727,26.68337631225586,2.0399999618530273,17.309999465942383,106.04000091552734,0.26126580401083505
2024-04-15,63426.2109375,63560.0,3.6500000953674316,14.6899995803833,2.8299999237060547,106.20999908447266,4.329999923706055,15.149999618530273,405.7428894042969,85.75645446777344,425.90924072265625,8.569999694824219,26.72963523864746,1.940000057220459,19.229999542236328,106.20999908447266,0.02531238625592855
2024-04-16,63811.86328125,62920.0,3.359999895095825,14.479999542236328,2.7200000286102295,106.26000213623047,4.349999904632568,14.600000381469727,406.6649169921875,87.16645812988281,425.9488220214844,8.0600004196167,26.766645431518555,1.8799999952316284,18.399999618530273,106.26000213623047,-0.16771739336037694
2024-04-17,61276.69140625,61130.0,3.4200000762939453,14.920000076293945,2.700000047683716,105.94999694824219,4.5,14.630000114440918,403.97723388671875,83.79606628417969,420.7516784667969,7.96999979019165,26.68337631225586,1.9600000381469727,18.209999084472656,105.94999694824219,-0.028727022210282983
2024-04-18,63512.75390625,63660.0,3.680000066757202,16.229999542236328,2.880000114440918,106.1500015258789,4.679999828338623,15.029999732971191,396.5517272949219,84.43025207519531,418.3507385253906,8.289999961853027,26.738889694213867,2.130000114440918,18.0,106.1500015258789,0.027820445758156963
2024-04-19,63843.5703125,64355.0,3.8399999141693115,17.200000762939453,3.0999999046325684,106.1500015258789,4.949999809265137,16.5,391.50006103515625,75.98335266113281,409.69537353515625,9.130000114440918,26.738889694213867,2.2899999618530273,18.709999084472656,106.1500015258789,0.09612802385518218
2024-04-20,64994.44140625,64355.0,3.8399999141693115,17.200000762939453,3.0999999046325684,106.1500015258789,4.949999809265137,16.5,391.50006103515625,75.98335266113281,409.69537353515625,9.130000114440918,26.738889694213867,2.2899999618530273,18.709999084472656,106.1500015258789,-0.11806081734032903
2024-04-21,64926.64453125,64355.0,3.8399999141693115,17.200000762939453,3.0999999046325684,106.1500015258789,4.949999809265137,16.5,391.50006103515625,75.98335266113281,409.69537353515625,9.130000114440918,26.738889694213867,2.2899999618530273,18.709999084472656,106.1500015258789,-0.10565360992432504
2024-04-22,66837.6796875,66610.0,4.559999942779541,19.09000015258789,3.2699999809265137,106.08000183105469,5.510000228881836,17.549999237060547,393.30499267578125,79.29190826416016,413.8155212402344,11.239999771118164,26.748140335083008,2.5799999237060547,16.940000534057617,106.08000183105469,-0.04087748501704748
2024-04-23,66407.2734375,66435.0,4.809999942779541,20.729999542236328,3.5,105.69000244140625,5.579999923706055,19.440000534057617,399.7887878417969,82.18865203857422,419.9908752441406,11.850000381469727,26.637115478515625,2.7100000381469727,15.6899995803833,105.69000244140625,0.0050102757239859005
2024-04-24,64276.8984375,63880.0,4.639999866485596,19.780000686645508,3.4200000762939453,105.86000061035156,5.25,19.09000015258789,401.2502746582031,79.4504623413086,421.4136657714844,11.880000114440918,26.664871215820312,2.5199999809265137,15.970000267028809,105.86000061035156,-0.07409786977557911
2024-04-25,64481.70703125,64700.0,4.429999828338623,19.540000915527344,3.4600000381469727,105.5999984741211,5.170000076293945,19.010000228881836,391.4216613769531,82.39706420898438,419.37835693359375,12.109999656677246,26.609357833862305,2.490000009536743,15.369999885559082,105.5999984741211,0.04062416684673833
2024-04-26,63755.3203125,64302.05078125,4.5,19.229999542236328,3.4800000190734863,105.94000244140625,5.079999923706055,19.43000030517578,398.5626525878906,87.48555755615234,425.8500061035156,11.930000305175781,26.72963523864746,2.4700000286102295,15.029999732971191,105.94000244140625,0.10290538252873749
2024-04-27,63419.140625,64302.05078125,4.5,19.229999542236328,3.4800000190734863,105.94000244140625,5.079999923706055,19.43000030517578,398.5626525878906,87.48555755615234,425.8500061035156,11.930000305175781,26.72963523864746,2.4700000286102295,15.029999732971191,105.94000244140625,0.16706189599206667
2024-04-28,63113.23046875,64302.05078125,4.5,19.229999542236328,3.4800000190734863,105.94000244140625,5.079999923706055,19.43000030517578,398.5626525878906,87.48555755615234,425.8500061035156,11.930000305175781,26.72963523864746,2.4700000286102295,15.029999732971191,105.94000244140625,0.22603570826664648
2024-04-29,63841.12109375,63450.0,4.039999961853027,18.1200008392334,3.1700000762939453,105.58000183105469,4.690000057220459,18.030000686645508,394.5703125,87.50748443603516,427.5791320800781,11.079999923706055,26.646366119384766,2.3299999237060547,14.670000076293945,105.58000183105469,-0.07351771154061838
2024-04-30,60636.85546875,59400.0,3.7200000286102295,16.3799991607666,2.930000066757202,106.22000122070312,4.340000152587891,16.059999465942383,381.8970031738281,86.15634155273438,419.51654052734375,10.109999656677246,26.81290626525879,2.1700000762939453,15.649999618530273,106.22000122070312,-0.24477300991719725
2024-05-01,58254.01171875,57355.0,3.690000057220459,15.649999618530273,3.0,105.76000213623047,4.329999923706055,16.06999969482422,387.3998718261719,82.80488586425781,416.4832458496094,9.819999694824219,26.7851505279541,2.119999885559082,15.390000343322754,105.76000213623047,-0.18519137664003424
2024-05-02,59123.43359375,59765.0,3.930000066757202,15.9399995803833,3.200000047683716,105.30000305175781,4.570000171661377,17.06999969482422,390.24456787109375,85.572998046875,421.79901123046875,10.300000190734863,26.581600189208984,2.1700000762939453,14.680000305175781,105.30000305175781,0.13021565912257585
2024-05-03,62889.8359375,62590.0,4.139999866485596,16.149999618530273,3.3499999046325684,105.02999877929688,4.730000019073486,17.520000457763672,398.8961486816406,88.53654479980469,430.2765197753906,10.420000076293945,26.50758171081543,2.190000057220459,13.489999771118164,105.02999877929688,-0.057211649487776184
2024-05-04,63891.47265625,62590.0,4.139999866485596,16.149999618530273,3.3499999046325684,105.02999877929688,4.730000019073486,17.520000457763672,398.8961486816406,88.53654479980469,430.2765197753906,10.420000076293945,26.50758171081543,2.190000057220459,13.489999771118164,105.02999877929688,-0.244440630739981
2024-05-05,64031.1328125,62590.0,4.139999866485596,16.149999618530273,3.3499999046325684,105.02999877929688,4.730000019073486,17.520000457763672,398.8961486816406,88.53654479980469,430.2765197753906,10.420000076293945,26.50758171081543,2.190000057220459,13.489999771118164,105.02999877929688,-0.2700810213781504
2024-05-06,63161.94921875,63585.0,4.46999979019165,17.43000030517578,3.430000066757202,105.05000305175781,5.300000190734863,20.670000076293945,405.644775390625,91.87801361083984,434.9895324707031,10.770000457763672,26.53533935546875,2.4200000762939453,13.489999771118164,105.05000305175781,0.08037448871975247
2024-05-07,62334.81640625,63365.0,3.7899999618530273,16.540000915527344,3.380000114440918,105.41000366210938,5.070000171661377,20.209999084472656,401.5249328613281,90.2965316772461,435.05865478515625,10.170000076293945,26.609357833862305,2.3299999237060547,13.229999542236328,105.41000366210938,0.19831939576805271
2024-05-08,61187.94140625,62460.0,3.7750000953674316,16.3700008392334,3.4800000190734863,105.55000305175781,5.130000114440918,20.09000015258789,402.70208740234375,90.1549301147461,434.8017272949219,10.350000381469727,26.646366119384766,2.3299999237060547,13.0,105.55000305175781,0.24947240868346648
2024-05-09,63049.9609375,62840.0,3.950000047683716,16.59000015258789,3.9000000953674316,105.2300033569336,5.110000133514404,19.649999618530273,404.44805908203125,88.49465942382812,435.750244140625,10.279999732971191,26.553844451904297,2.359999895095825,12.6899995803833,105.2300033569336,-0.03996086932547911
2024-05-10,60792.77734375,60950.0,3.7200000286102295,15.569999694824219,3.640000104904175,105.30999755859375,4.789999961853027,17.15999984741211,406.8218994140625,89.62244415283203,436.77789306640625,9.199999809265137,26.590852737426758,2.2300000190734863,12.550000190734863,105.30999755859375,0.031034474117408707
2024-05-11,60793.7109375,60950.0,3.7200000286102295,15.569999694824219,3.640000104904175,105.30999755859375,4.789999961853027,17.15999984741211,406.8218994140625,89.62244415283203,436.77789306640625,9.199999809265137,26.590852737426758,2.2300000190734863,12.550000190734863,105.30999755859375,0.030849716542688227
2024-05-12,61448.39453125,60950.0,3.7200000286102295,15.569999694824219,3.640000104904175,105.30999755859375,4.789999961853027,17.15999984741211,406.8218994140625,89.62244415283203,436.77789306640625,9.199999809265137,26.590852737426758,2.2300000190734863,12.550000190734863,105.30999755859375,-0.09732938379632451
2024-05-13,62901.44921875,63480.0,3.7200000286102295,15.550000190734863,3.634999990463257,105.22000122070312,4.849999904632568,17.260000228881836,405.8213195800781,90.14196014404297,437.78564453125,9.5,26.581600189208984,2.240000009536743,13.600000381469727,105.22000122070312,0.11037280477999718
2024-05-14,61552.7890625,61835.0,3.7100000381469727,15.359999656677246,3.5799999237060547,105.01000213623047,4.869999885559082,18.06999969482422,408.6071472167969,91.09626007080078,440.6015930175781,9.779999732971191,26.52608871459961,2.0399999618530273,13.420000076293945,105.01000213623047,0.055018323321813334
2024-05-15,66267.4921875,66495.0,4.159999847412109,17.1200008392334,3.8299999237060547,104.3499984741211,5.199999809265137,20.200000762939453,415.75115966796875,94.3609390258789,447.48834228515625,10.380000114440918,26.359548568725586,2.119999885559082,12.449999809265137,104.3499984741211,0.04119808460949992
2024-05-16,65231.58203125,65445.0,4.070000171661377,16.469999313354492,3.700000047683716,104.45999908447266,5.829999923706055,19.649999618530273,413.6974182128906,94.0907211303711,446.579345703125,10.0,26.424312591552734,2.0199999809265137,12.420000076293945,104.45999908447266,0.03926036354251095
2024-05-17,67051.875,67365.0,3.8499999046325684,16.030000686645508,3.694999933242798,104.44999694824219,6.019999980926514,19.450000762939453,412.930908203125,92.216064453125,446.3619689941406,10.0600004196167,26.424312591552734,1.9500000476837158,11.989999771118164,104.44999694824219,0.05603870137859679
2024-05-18,66940.8046875,67365.0,3.8499999046325684,16.030000686645508,3.694999933242798,104.44999694824219,6.019999980926514,19.450000762939453,412.930908203125,92.216064453125,446.3619689941406,10.0600004196167,26.424312591552734,1.9500000476837158,11.989999771118164,104.44999694824219,0.07604246429010332
2024-05-19,66278.3671875,67365.0,3.8499999046325684,16.030000686645508,3.694999933242798,104.44999694824219,6.019999980926514,19.450000762939453,412.930908203125,92.216064453125,446.3619689941406,10.0600004196167,26.424312591552734,1.9500000476837158,11.989999771118164,104.44999694824219,0.1967398157699221
2024-05-20,71448.1953125,70435.0,3.990000009536743,18.309999465942383,3.9200000762939453,104.56999969482422,6.360000133514404,22.31999969482422,417.9720764160156,94.5105209350586,449.474365234375,10.960000038146973,26.461322784423828,2.130000114440918,12.149999618530273,104.56999969482422,-0.1701700609346654
2024-05-21,70136.53125,69500.0,4.019999980926514,18.420000076293945,4.039999961853027,104.66000366210938,7.400000095367432,21.350000381469727,421.60797119140625,95.11479949951172,450.3536376953125,10.609999656677246,26.461322784423828,2.0399999618530273,11.859999656677246,104.66000366210938,-0.10890722514880574
2024-05-22,69122.3359375,69815.0,4.130000114440918,18.440000534057617,4.150000095367432,104.94000244140625,7.760000228881836,21.239999771118164,423.06231689453125,94.68002319335938,450.2647399902344,10.789999961853027,26.544593811035156,2.1600000858306885,12.289999961853027,104.94000244140625,0.12025011361762472
2024-05-23,67929.5625,67205.0,3.9000000953674316,17.09000015258789,4.170000076293945,105.11000061035156,7.070000171661377,20.079999923706055,419.603271484375,103.50389099121094,448.2392883300781,9.970000267028809,26.600107192993164,1.9900000095367432,12.770000457763672,105.11000061035156,-0.12799655525530582
2024-05-24,68526.1015625,69475.0,4.090000152587891,17.6299991607666,4.820000171661377,104.72000122070312,7.829999923706055,21.209999084472656,422.7085876464844,106.1662826538086,452.4779968261719,10.369999885559082,26.516836166381836,2.069999933242798,11.930000305175781,104.72000122070312,0.16616706613048107
2024-05-25,69265.9453125,69475.0,4.090000152587891,17.6299991607666,4.820000171661377,104.72000122070312,7.829999923706055,21.209999084472656,422.7085876464844,106.1662826538086,452.4779968261719,10.369999885559082,26.516836166381836,2.069999933242798,11.930000305175781,104.72000122070312,0.03621774363551894
2024-05-26,68518.09375,69475.0,4.090000152587891,17.6299991607666,4.820000171661377,104.72000122070312,7.829999923706055,21.209999084472656,422.7085876464844,106.1662826538086,452.4779968261719,10.369999885559082,26.516836166381836,2.069999933242798,11.930000305175781,104.72000122070312,0.16758894434362456
2024-05-27,69394.5546875,69475.0,4.090000152587891,17.6299991607666,4.820000171661377,104.72000122070312,7.829999923706055,21.209999084472656,422.7085876464844,106.1662826538086,452.4779968261719,10.369999885559082,26.516836166381836,2.069999933242798,11.930000305175781,104.72000122070312,0.013910943795909778
2024-05-28,68296.21875,68455.0,4.0,17.690000534057617,4.960000038146973,104.61000061035156,7.889999866485596,20.729999542236328,422.86578369140625,113.57714080810547,454.18731689453125,10.34000015258789,26.479827880859375,2.069999933242798,12.920000076293945,104.61000061035156,0.027898689486378043
2024-05-29,67578.09375,67185.0,3.799999952316284,17.06999969482422,5.230000019073486,105.0999984741211,7.739999771118164,20.239999771118164,421.7357177734375,114.49851989746094,450.98602294921875,10.0,26.62786293029785,2.240000009536743,14.279999732971191,105.0999984741211,-0.06980257563124885
2024-05-30,68364.9921875,68675.0,3.759999990463257,16.389999389648438,4.889999866485596,104.72000122070312,7.409999847412109,20.040000915527344,407.4869384765625,110.1858139038086,446.1544494628906,10.050000190734863,26.544593811035156,2.2799999713897705,14.470000267028809,104.72000122070312,0.0544151857693065
2024-05-31,67491.4140625,67633.7265625,3.7100000381469727,16.06999969482422,4.75,104.66999816894531,7.789999961853027,19.520000457763672,407.9389343261719,109.32128143310547,445.32452392578125,9.739999771118164,26.52608871459961,2.180000066757202,12.920000076293945,104.66999816894531,0.02530321854597014
2024-06-01,67706.9375,67633.7265625,3.7100000381469727,16.06999969482422,4.75,104.66999816894531,7.789999961853027,19.520000457763672,407.9389343261719,109.32128143310547,445.32452392578125,9.739999771118164,26.52608871459961,2.180000066757202,12.920000076293945,104.66999816894531,-0.012975498264118061
2024-06-02,67751.6015625,67633.7265625,3.7100000381469727,16.06999969482422,4.75,104.66999816894531,7.789999961853027,19.520000457763672,407.9389343261719,109.32128143310547,445.32452392578125,9.739999771118164,26.52608871459961,2.180000066757202,12.920000076293945,104.66999816894531,-0.020877735247264103
2024-06-03,68804.78125,69660.0,3.640000104904175,15.654999732971191,4.869999885559082,104.13999938964844,8.0,19.579999923706055,406.35675048828125,114.67302703857422,447.7155456542969,9.649999618530273,26.387304306030273,2.049999952316284,13.109999656677246,104.13999938964844,0.1491556954844617
2024-06-04,70567.765625,71085.0,3.8499999046325684,16.09000015258789,6.829999923706055,104.11000061035156,8.890000343322754,20.520000457763672,408.8626403808594,116.1059341430664,448.94073486328125,9.670000076293945,26.396556854248047,2.509999990463257,13.15999984741211,104.11000061035156,0.08795534965614833
2024-06-05,71082.8203125,71890.0,4.039999961853027,16.360000610351562,7.150000095367432,104.2699966430664,9.0600004196167,21.06999969482422,416.6651306152344,122.09186553955078,457.9913330078125,9.649999618530273,26.43356704711914,2.7899999618530273,12.630000114440918,104.2699966430664,0.13626578415736662
2024-06-06,70757.1640625,70960.0,4.110000133514404,16.329999923706055,7.849999904632568,104.0999984741211,10.270000457763672,20.799999237060547,417.166259765625,120.65396881103516,457.83319091796875,10.15999984741211,26.396556854248047,3.2100000381469727,12.579999923706055,104.0999984741211,0.03439978526909322
2024-06-07,69342.5859375,69755.0,4.03000020980835,15.579999923706055,7.78000020980835,104.88999938964844,10.529999732971191,19.270000457763672,416.50787353515625,120.54428100585938,457.4281311035156,9.720000267028809,26.618610382080078,3.0899999141693115,12.220000267028809,104.88999938964844,0.07136983259408028
2024-06-08,69305.7734375,69755.0,4.03000020980835,15.579999923706055,7.78000020980835,104.88999938964844,10.529999732971191,19.270000457763672,416.50787353515625,120.54428100585938,457.4281311035156,9.720000267028809,26.618610382080078,3.0899999141693115,12.220000267028809,104.88999938964844,0.07778166929860979
2024-06-09,69647.9921875,69755.0,4.03000020980835,15.579999923706055,7.78000020980835,104.88999938964844,10.529999732971191,19.270000457763672,416.50787353515625,120.54428100585938,457.4281311035156,9.720000267028809,26.618610382080078,3.0899999141693115,12.220000267028809,104.88999938964844,0.018436909804134472
2024-06-10,69512.28125,69875.0,4.179999828338623,15.699999809265137,8.210000038146973,105.1500015258789,10.3100004196167,19.459999084472656,420.458251953125,121.44371032714844,459.2757873535156,9.895000457763672,26.68337631225586,3.0899999141693115,12.739999771118164,105.1500015258789,0.0626166329421105
2024-06-11,67332.03125,67735.0,4.195000171661377,15.949999809265137,8.710000038146973,105.2300033569336,12.350000381469727,19.829999923706055,425.1849060058594,120.57612609863281,462.4277038574219,9.989999771118164,26.72038459777832,3.4800000190734863,12.850000381469727,105.2300033569336,0.07181760167082439
2024-06-12,68241.1875,67875.0,4.570000171661377,17.25,9.569999694824219,104.6500015258789,13.550000190734863,20.309999465942383,433.4197998046875,124.85426330566406,468.484375,10.640000343322754,26.600107192993164,3.8399999141693115,12.039999961853027,104.6500015258789,-0.06439292985632761
2024-06-13,66756.3984375,66860.0,4.989999771118164,17.96500015258789,9.850000381469727,105.19999694824219,13.699999809265137,20.0,433.9306945800781,129.25210571289062,471.023681640625,10.979999542236328,26.701879501342773,4.070000171661377,11.9399995803833,105.19999694824219,0.01862321483930789
2024-06-14,66011.09375,65640.0,4.949999809265137,17.709999084472656,10.329999923706055,105.55000305175781,13.220000267028809,19.469999313354492,434.903564453125,131.51585388183594,473.4642028808594,10.529999732971191,26.822158813476562,3.9200000762939453,12.65999984741211,105.55000305175781,-0.06746025170958479
2024-06-15,66191.0,65640.0,4.949999809265137,17.709999084472656,10.329999923706055,105.55000305175781,13.220000267028809,19.469999313354492,434.903564453125,131.51585388183594,473.4642028808594,10.529999732971191,26.822158813476562,3.9200000762939453,12.65999984741211,105.55000305175781,-0.09989273466181203
2024-06-16,66639.046875,65640.0,4.949999809265137,17.709999084472656,10.329999923706055,105.55000305175781,13.220000267028809,19.469999313354492,434.903564453125,131.51585388183594,473.4642028808594,10.529999732971191,26.822158813476562,3.9200000762939453,12.65999984741211,105.55000305175781,-0.17990297073858022
2024-06-17,66490.296875,66865.0,5.0,19.239999771118164,9.6899995803833,105.31999969482422,14.449999809265137,20.020000457763672,440.6031188964844,130.61831665039062,479.2640686035156,10.90999984741211,26.75739288330078,4.389999866485596,12.75,105.31999969482422,0.06762546884778066
2024-06-18,65140.74609375,64475.0,5.010000228881836,19.479999542236328,8.90999984741211,105.26000213623047,13.949999809265137,20.280000686645508,438.60833740234375,135.2056121826172,479.4122009277344,10.65999984741211,26.748140335083008,4.510000228881836,12.300000190734863,105.26000213623047,-0.1226414126958627
2024-06-19,64960.296875,64475.0,5.010000228881836,19.479999542236328,8.90999984741211,105.26000213623047,13.949999809265137,20.280000686645508,438.60833740234375,135.2056121826172,479.4122009277344,10.65999984741211,26.748140335083008,4.510000228881836,12.300000190734863,105.26000213623047,-0.08964802779774858
2024-06-20,64828.65625,65100.0,5.239999771118164,19.170000076293945,9.09000015258789,105.58999633789062,13.899999618530273,20.65999984741211,437.9793701171875,130.4188995361328,475.7169189453125,10.420000076293945,26.859169006347656,4.630000114440918,13.279999732971191,105.58999633789062,0.050226631066412085
2024-06-21,64096.19921875,64260.0,4.559999942779541,17.290000915527344,8.970000267028809,105.80000305175781,13.279999732971191,19.209999084472656,441.9886474609375,126.22049713134766,474.4423522949219,9.550000190734863,26.923933029174805,4.159999847412109,13.199999809265137,105.80000305175781,0.030666551198951623
2024-06-22,64252.578125,64260.0,4.559999942779541,17.290000915527344,8.970000267028809,105.80000305175781,13.279999732971191,19.209999084472656,441.9886474609375,126.22049713134766,474.4423522949219,9.550000190734863,26.923933029174805,4.159999847412109,13.199999809265137,105.80000305175781,0.0013861311498930612
2024-06-23,63180.796875,64260.0,4.559999942779541,17.290000915527344,8.970000267028809,105.80000305175781,13.279999732971191,19.209999084472656,441.9886474609375,126.22049713134766,474.4423522949219,9.550000190734863,26.923933029174805,4.159999847412109,13.199999809265137,105.80000305175781,0.2049742665579509
2024-06-24,60277.4140625,59145.0,4.269999980926514,16.510000228881836,8.729999542236328,105.47000122070312,12.630000114440918,18.690000534057617,439.9153137207031,117.78384399414062,469.0409851074219,9.210000038146973,26.831411361694336,4.21999979019165,13.329999923706055,105.47000122070312,-0.22544047320792449
2024-06-25,61804.640625,62055.0,4.239999771118164,16.610000610351562,9.270000457763672,105.61000061035156,12.989999771118164,19.25,443.1383972167969,125.74181365966797,474.4047546386719,9.199999809265137,26.859169006347656,4.800000190734863,12.84000015258789,105.61000061035156,0.04860982071279539
2024-06-26,60811.27734375,60940.0,4.210000038146973,16.079999923706055,9.949999809265137,106.05000305175781,12.270000457763672,19.3700008392334,444.3274230957031,126.05097198486328,475.3844299316406,9.029999732971191,26.988697052001953,4.590000152587891,12.550000190734863,106.05000305175781,0.025401075959453706
2024-06-27,61604.80078125,61365.0,4.190000057220459,16.049999237060547,9.550000190734863,105.91000366210938,11.789999961853027,19.65999984741211,445.0055236816406,123.64762115478516,476.611572265625,9.119999885559082,26.951688766479492,4.409999847412109,12.239999771118164,105.91000366210938,-0.04671079751102494
2024-06-28,60320.13671875,61024.23046875,4.150000095367432,15.949999809265137,9.300000190734863,105.87000274658203,11.289999961853027,19.850000381469727,439.20770263671875,123.19886016845703,474.1375427246094,9.140000343322754,26.951688766479492,4.449999809265137,12.4399995803833,105.87000274658203,0.14007138344853354
2024-06-29,60887.37890625,61024.23046875,4.150000095367432,15.949999809265137,9.300000190734863,105.87000274658203,11.289999961853027,19.850000381469727,439.20770263671875,123.19886016845703,474.1375427246094,9.140000343322754,26.951688766479492,4.449999809265137,12.4399995803833,105.87000274658203,0.026971414757869114
2024-06-30,62678.29296875,61024.23046875,4.150000095367432,15.949999809265137,9.300000190734863,105.87000274658203,11.289999961853027,19.850000381469727,439.20770263671875,123.19886016845703,474.1375427246094,9.140000343322754,26.951688766479492,4.449999809265137,12.4399995803833,105.87000274658203,-0.31667662056297774
2024-07-01,62851.98046875,63695.0,4.71999979019165,17.920000076293945,9.850000381469727,105.9000015258789,12.619999885559082,22.559999465942383,448.8183288574219,123.95675659179688,476.91839599609375,9.949999809265137,26.960941314697266,5.210000038146973,12.220000267028809,105.9000015258789,0.16095331124895565
2024-07-02,62029.015625,62185.0,4.579999923706055,16.93000030517578,10.260000228881836,105.72000122070312,14.390000343322754,22.1200008392334,451.3241271972656,122.33126068115234,481.9259033203125,9.720000267028809,26.923933029174805,5.050000190734863,12.029999732971191,105.72000122070312,0.03017640182001518
2024-07-03,60173.921875,59825.0,4.650000095367432,16.149999618530273,10.119999885559082,105.4000015258789,14.350000381469727,20.979999542236328,452.78826904296875,127.92578125,485.9437561035156,9.569999694824219,26.81290626525879,5.210000038146973,12.09000015258789,105.4000015258789,-0.06958267584249925
2024-07-04,56977.703125,59825.0,4.650000095367432,16.149999618530273,10.119999885559082,105.4000015258789,14.350000381469727,20.979999542236328,452.78826904296875,127.92578125,485.9437561035156,9.569999694824219,26.81290626525879,5.210000038146973,12.09000015258789,105.4000015258789,0.599665494150261
2024-07-05,56662.375,56685.0,4.699999809265137,16.049999237060547,10.289999961853027,104.87999725341797,15.029999732971191,20.170000076293945,459.460693359375,125.48253631591797,491.0105895996094,9.640000343322754,26.72038459777832,5.579999923706055,12.479999542236328,104.87999725341797,0.004791539359230883
2024-07-06,58303.5390625,56685.0,4.699999809265137,16.049999237060547,10.289999961853027,104.87999725341797,15.029999732971191,20.170000076293945,459.460693359375,125.48253631591797,491.0105895996094,9.640000343322754,26.72038459777832,5.579999923706055,12.479999542236328,104.87999725341797,-0.33312675460711877
2024-07-07,55849.109375,56685.0,4.699999809265137,16.049999237060547,10.289999961853027,104.87999725341797,15.029999732971191,20.170000076293945,459.460693359375,125.48253631591797,491.0105895996094,9.640000343322754,26.72038459777832,5.579999923706055,12.479999542236328,104.87999725341797,0.1796033564769805
2024-07-08,56705.09765625,56755.0,4.619999885559082,15.420000076293945,10.359999656677246,105.01000213623047,14.630000114440918,19.5,458.1635437011719,127.8459701538086,492.1783447265625,9.399999618530273,26.766645431518555,5.46999979019165,12.369999885559082,105.01000213623047,0.010560393152484016
2024-07-09,58009.2265625,58160.0,4.369999885559082,15.220000267028809,9.5600004196167,105.12000274658203,12.819999694824219,19.030000686645508,451.5796203613281,131.01724243164062,492.6038513183594,9.140000343322754,26.803653717041016,5.03000020980835,12.510000228881836,105.12000274658203,0.03118954271956468
2024-07-10,57742.49609375,57625.0,4.429999828338623,15.180000305175781,9.770000457763672,105.05000305175781,12.899999618530273,18.889999389648438,458.17333984375,134.5374755859375,497.739990234375,9.15999984741211,26.775897979736328,4.880000114440918,12.850000381469727,105.05000305175781,-0.024417945540678006
2024-07-11,57344.9140625,57580.0,4.360000133514404,14.960000038146973,9.710000038146973,104.44000244140625,11.199999809265137,19.020000457763672,446.8234558105469,127.04821014404297,486.8244934082031,9.3100004196167,26.637115478515625,4.75,12.920000076293945,104.44000244140625,0.04919409674108795
2024-07-12,57899.46484375,57845.0,4.679999828338623,15.850000381469727,10.100000381469727,104.08999633789062,12.3100004196167,20.770000457763672,445.6933898925781,128.88311767578125,489.6845397949219,9.805000305175781,26.544593811035156,5.309999942779541,12.460000038146973,104.08999633789062,-0.011288154851927806
2024-07-13,59231.953125,57845.0,4.679999828338623,15.850000381469727,10.100000381469727,104.08999633789062,12.3100004196167,20.770000457763672,445.6933898925781,128.88311767578125,489.6845397949219,9.805000305175781,26.544593811035156,5.309999942779541,12.460000038146973,104.08999633789062,-0.2809874843207781
2024-07-14,60787.79296875,57845.0,4.679999828338623,15.850000381469727,10.100000381469727,104.08999633789062,12.3100004196167,20.770000457763672,445.6933898925781,128.88311767578125,489.6845397949219,9.805000305175781,26.544593811035156,5.309999942779541,12.460000038146973,104.08999633789062,-0.5809310373080019
2024-07-15,64870.15234375,63700.0,5.980000019073486,18.299999237060547,11.010000228881836,104.19000244140625,11.994999885559082,24.579999923706055,446.0963134765625,128.08531188964844,491.0007019042969,11.479999542236328,26.590852737426758,6.0,13.119999885559082,104.19000244140625,-0.21646053874810856
2024-07-16,65097.1484375,65450.0,6.78000020980835,19.790000915527344,11.699999809265137,104.2699966430664,12.34000015258789,26.719999313354492,441.733154296875,126.01107025146484,491.188720703125,12.699999809265137,26.590852737426758,6.380000114440918,13.1899995803833,104.2699966430664,0.06504461180915302
2024-07-17,64118.79296875,64730.0,6.78000020980835,19.06999969482422,11.21500015258789,103.75,11.260000228881836,25.549999237060547,435.8371276855469,117.66419219970703,476.7699890136719,12.420000076293945,26.4705753326416,5.900000095367432,14.479999542236328,103.75,0.114388996352047
2024-07-18,63974.06640625,63650.0,6.0,17.06999969482422,10.15999984741211,104.16999816894531,10.229999542236328,23.649999618530273,432.74169921875,120.755615234375,474.5135803222656,10.949999809265137,26.590852737426758,5.349999904632568,15.930000305175781,104.16999816894531,-0.06078708285174883
2024-07-19,66710.15625,67480.0,6.190000057220459,17.84000015258789,10.390000343322754,104.4000015258789,11.300000190734863,24.729999542236328,429.5381774902344,117.60435485839844,470.3077087402344,12.029999732971191,26.664871215820312,5.590000152587891,16.520000457763672,104.4000015258789,0.13848153743456418
2024-07-20,67163.6484375,67480.0,6.190000057220459,17.84000015258789,10.390000343322754,104.4000015258789,11.300000190734863,24.729999542236328,429.5381774902344,117.60435485839844,470.3077087402344,12.029999732971191,26.664871215820312,5.590000152587891,16.520000457763672,104.4000015258789,0.05652192574875709
2024-07-21,68154.5234375,67480.0,6.190000057220459,17.84000015258789,10.390000343322754,104.4000015258789,11.300000190734863,24.729999542236328,429.5381774902344,117.60435485839844,470.3077087402344,12.029999732971191,26.664871215820312,5.590000152587891,16.520000457763672,104.4000015258789,-0.11876366881829536
2024-07-22,67585.25,68340.0,6.460000038146973,18.1299991607666,11.050000190734863,104.30999755859375,11.579999923706055,23.950000762939453,435.2672119140625,123.19886016845703,477.314208984375,12.239999771118164,26.646366119384766,5.71999979019165,14.90999984741211,104.30999755859375,0.13400852996770746
2024-07-23,65927.671875,65565.0,6.130000114440918,17.450000762939453,10.920000076293945,104.44999694824219,10.890000343322754,21.649999618530273,437.14410400390625,122.25148010253906,475.63189697265625,11.59000015258789,26.692628860473633,5.519999980926514,14.720000267028809,104.44999694824219,-0.06601268293307225
2024-07-24,65372.1328125,65700.0,5.71999979019165,16.56999969482422,10.109999656677246,104.38999938964844,10.204999923706055,20.670000076293945,421.4703369140625,113.93451690673828,458.5708312988281,11.319999694824219,26.68337631225586,5.090000152587891,18.040000915527344,104.38999938964844,0.06018476192729773
2024-07-25,65777.2265625,64695.0,5.510000228881836,16.18000030517578,9.40999984741211,104.36000061035156,9.430000305175781,20.280000686645508,411.15228271484375,111.96996307373047,453.51385498046875,10.729999542236328,26.68337631225586,4.53000020980835,18.459999084472656,104.36000061035156,-0.19743487873664484
2024-07-26,67912.0625,67414.7890625,5.820000171661377,17.1200008392334,10.210000038146973,104.31999969482422,9.539999961853027,21.56999969482422,417.90325927734375,112.74778747558594,458.1650695800781,11.199999809265137,26.664871215820312,4.420000076293945,16.389999389648438,104.31999969482422,-0.08786776649582687
2024-07-27,67813.3359375,67414.7890625,5.820000171661377,17.1200008392334,10.210000038146973,104.31999969482422,9.539999961853027,21.56999969482422,417.90325927734375,112.74778747558594,458.1650695800781,11.199999809265137,26.664871215820312,4.420000076293945,16.389999389648438,104.31999969482422,-0.07052539790120099
2024-07-28,68255.8671875,67414.7890625,5.820000171661377,17.1200008392334,10.210000038146973,104.31999969482422,9.539999961853027,21.56999969482422,417.90325927734375,112.74778747558594,458.1650695800781,11.199999809265137,26.664871215820312,4.420000076293945,16.389999389648438,104.31999969482422,-0.14786915639463685
2024-07-29,66819.9140625,67860.0,5.570000171661377,16.290000915527344,9.5600004196167,104.55999755859375,9.720000267028809,20.450000762939453,419.3379821777344,111.2818603515625,459.0854187011719,10.630000114440918,26.738889694213867,4.139999866485596,16.600000381469727,104.55999755859375,0.18678610149551927
2024-07-30,66201.015625,66385.0,5.309999942779541,15.699999809265137,9.220000267028809,104.55000305175781,9.380000114440918,19.729999542236328,415.593994140625,103.44355773925781,452.7815246582031,10.369999885559082,26.75739288330078,3.8499999046325684,17.690000534057617,104.55000305175781,0.033350130344016155
2024-07-31,64619.25,65685.0,5.230000019073486,16.0,9.75,104.0999984741211,10.069999694824219,19.670000076293945,411.1031494140625,116.69685363769531,466.1809997558594,10.1899995803833,26.609357833862305,4.159999847412109,16.360000610351562,104.0999984741211,0.1979131605520027
2024-08-01,65357.5,63790.0,4.829999923706055,15.09000015258789,9.460000038146973,104.41999816894531,9.289999961853027,18.139999389648438,409.88458251953125,108.9084243774414,454.8894348144531,9.319999694824219,26.701879501342773,4.110000133514404,18.59000015258789,104.41999816894531,-0.28780170600160654
2024-08-02,61415.06640625,62945.0,4.329999923706055,13.479999542236328,8.890000343322754,103.20999908447266,8.619999885559082,17.190000534057617,401.4139099121094,106.9737777709961,444.0926208496094,8.569999694824219,26.43356704711914,3.6700000762939453,23.389999389648438,103.20999908447266,0.29893646949035374
2024-08-03,60680.09375,62945.0,4.329999923706055,13.479999542236328,8.890000343322754,103.20999908447266,8.619999885559082,17.190000534057617,401.4139099121094,106.9737777709961,444.0926208496094,8.569999694824219,26.43356704711914,3.6700000762939453,23.389999389648438,103.20999908447266,0.4479043014003254
2024-08-04,58116.9765625,62945.0,4.329999923706055,13.479999542236328,8.890000343322754,103.20999908447266,8.619999885559082,17.190000534057617,401.4139099121094,106.9737777709961,444.0926208496094,8.569999694824219,26.43356704711914,3.6700000762939453,23.389999389648438,103.20999908447266,0.9968908342589763
2024-08-05,53991.45703125,53770.0,4.050000190734863,12.1899995803833,8.220000267028809,102.69000244140625,8.380000114440918,16.950000762939453,388.304931640625,100.17261505126953,430.8515319824219,8.3100004196167,26.28553009033203,3.5799999237060547,38.56999969482422,102.69000244140625,-0.049220460441766936
2024-08-06,56034.31640625,57145.0,3.9700000286102295,12.260000228881836,9.710000038146973,102.97000122070312,7.920000076293945,17.25,392.687744140625,103.96214294433594,434.96832275390625,8.40999984741211,26.368799209594727,3.619999885559082,27.709999084472656,102.97000122070312,0.23785786960208885
2024-08-07,55027.4609375,55000.0,3.880000114440918,11.079999923706055,9.819999694824219,103.19999694824219,6.760000228881836,15.84000015258789,391.5281677246094,98.63687896728516,430.25775146484375,7.639999866485596,26.424312591552734,3.3399999141693115,27.850000381469727,103.19999694824219,-0.0059884872822731266
2024-08-08,61710.13671875,59695.0,4.329999923706055,12.229999542236328,10.140000343322754,103.20999908447266,7.599999904632568,17.389999389648438,395.71441650390625,104.68013000488281,443.41973876953125,8.289999961853027,26.461322784423828,3.880000114440918,23.790000915527344,103.20999908447266,-0.391858484047932
2024-08-09,60880.11328125,60990.0,4.070000171661377,11.460000038146973,9.699999809265137,103.13999938964844,7.510000228881836,17.030000686645508,398.9866943359375,104.46074676513672,445.73541259765625,8.0600004196167,26.43356704711914,3.7899999618530273,20.3700008392334,103.13999938964844,0.021659628307658194
2024-08-10,60945.8125,60990.0,4.070000171661377,11.460000038146973,9.699999809265137,103.13999938964844,7.510000228881836,17.030000686645508,398.9866943359375,104.46074676513672,445.73541259765625,8.0600004196167,26.43356704711914,3.7899999618530273,20.3700008392334,103.13999938964844,0.008700351644339799
2024-08-11,58719.484375,60990.0,4.070000171661377,11.460000038146973,9.699999809265137,103.13999938964844,7.510000228881836,17.030000686645508,398.9866943359375,104.46074676513672,445.73541259765625,8.0600004196167,26.43356704711914,3.7899999618530273,20.3700008392334,103.13999938964844,0.46400590519490575
2024-08-12,59354.515625,59200.0,3.930000066757202,11.15999984741211,9.470000267028809,103.13999938964844,7.579999923706055,15.109999656677246,399.76300048828125,108.71895599365234,446.69537353515625,7.610000133514404,26.43356704711914,3.569999933242798,20.709999084472656,103.13999938964844,-0.031239198576140347
2024-08-13,60609.56640625,61105.0,3.9200000762939453,11.079999923706055,8.460000038146973,102.55999755859375,7.349999904632568,15.489999771118164,406.83837890625,115.81928253173828,457.7790832519531,7.840000152587891,26.294782638549805,3.309999942779541,18.1200008392334,102.55999755859375,0.09809017746721475
2024-08-14,58737.26953125,59080.0,3.6500000953674316,10.989999771118164,8.800000190734863,102.56999969482422,7.25,15.140000343322754,409.6388854980469,117.75394439697266,457.92755126953125,7.650000095367432,26.322540283203125,3.3499999046325684,16.190000534057617,102.56999969482422,0.07001969376209911
2024-08-15,57560.09765625,57220.0,3.859999895095825,11.329999923706055,9.260000228881836,102.9800033569336,7.46999979019165,15.460000038146973,414.4823913574219,122.52074432373047,469.49627685546875,7.679999828338623,26.41506004333496,3.5999999046325684,15.229999542236328,102.9800033569336,-0.07090279622826279
2024-08-16,58894.10546875,59990.0,3.8399999141693115,11.84000015258789,10.09000015258789,102.45999908447266,7.96999979019165,16.239999771118164,411.9622497558594,124.2359848022461,470.09991455078125,7.989999771118164,26.28553009033203,4.03000020980835,14.800000190734863,102.45999908447266,0.2232945771114217
2024-08-17,59478.97265625,59990.0,3.8399999141693115,11.84000015258789,10.09000015258789,102.45999908447266,7.96999979019165,16.239999771118164,411.9622497558594,124.2359848022461,470.09991455078125,7.989999771118164,26.28553009033203,4.03000020980835,14.800000190734863,102.45999908447266,0.10310077412467916
2024-08-18,58483.96484375,59990.0,3.8399999141693115,11.84000015258789,10.09000015258789,102.45999908447266,7.96999979019165,16.239999771118164,411.9622497558594,124.2359848022461,470.09991455078125,7.989999771118164,26.28553009033203,4.03000020980835,14.800000190734863,102.45999908447266,0.30901499108830244
2024-08-19,59493.453125,59200.0,3.990000009536743,12.010000228881836,10.390000343322754,101.88999938964844,8.119999885559082,16.440000534057617,414.97467041015625,129.6410369873047,476.2751159667969,8.050000190734863,26.146747589111328,4.349999904632568,14.649999618530273,101.88999938964844,-0.05919033633164994
2024-08-20,59012.79296875,59670.0,3.950000047683716,11.65999984741211,10.140000343322754,101.44000244140625,8.130000114440918,16.420000076293945,418.19378662109375,126.89862060546875,475.2756652832031,8.039999961853027,26.05422592163086,4.739999771118164,15.880000114440918,101.44000244140625,0.13364024948245135
2024-08-21,61175.19140625,61730.0,4.050000190734863,12.40999984741211,10.539999961853027,101.04000091552734,8.680000305175781,17.6299991607666,417.5440673828125,128.14517211914062,477.49237060546875,8.350000381469727,25.97095489501953,4.800000190734863,16.270000457763672,101.04000091552734,0.10883011514892965
2024-08-22,60381.9140625,60350.0,3.7899999618530273,11.869999885559082,9.880000114440918,101.51000213623047,8.100000381469727,16.860000610351562,409.0876770019531,123.39830017089844,469.9217834472656,8.050000190734863,26.09123420715332,4.809999942779541,17.549999237060547,101.51000213623047,-0.006342441374143876
2024-08-23,64094.35546875,63815.0,4.0,12.609999656677246,10.760000228881836,100.72000122070312,8.619999885559082,18.690000534057617,410.3083801269531,129.01275634765625,475.018310546875,8.5,25.869178771972656,4.929999828338623,15.859999656677246,100.72000122070312,-0.05230204127155064
2024-08-24,64178.9921875,63815.0,4.0,12.609999656677246,10.760000228881836,100.72000122070312,8.619999885559082,18.690000534057617,410.3083801269531,129.01275634765625,475.018310546875,8.5,25.869178771972656,4.929999828338623,15.859999656677246,100.72000122070312,-0.06805819320501463
2024-08-25,64333.54296875,63815.0,4.0,12.609999656677246,10.760000228881836,100.72000122070312,8.619999885559082,18.690000534057617,410.3083801269531,129.01275634765625,475.018310546875,8.5,25.869178771972656,4.929999828338623,15.859999656677246,100.72000122070312,-0.09672272562421418
2024-08-26,62880.66015625,63330.0,4.010000228881836,12.15999984741211,10.850000381469727,100.8499984741211,8.130000114440918,18.559999465942383,407.0596923828125,126.11079406738281,470.40667724609375,8.359999656677246,25.924694061279297,4.78000020980835,16.149999618530273,100.8499984741211,0.08575097830718395
2024-08-27,59504.1328125,62055.0,3.740000009536743,11.470000267028809,10.420000076293945,100.55000305175781,7.860000133514404,17.75,407.4042053222656,127.94573974609375,471.81195068359375,7.900000095367432,25.84142303466797,4.510000228881836,15.430000305175781,100.55000305175781,0.5144248777888195
2024-08-28,59027.625,58950.0,3.5299999713897705,10.680000305175781,10.130000114440918,101.08999633789062,7.420000076293945,17.1299991607666,404.21466064453125,125.26314544677734,466.4580383300781,7.639999866485596,25.989459991455078,4.179999828338623,17.110000610351562,101.08999633789062,-0.015780746726638588
2024-08-29,59388.1796875,59275.0,3.5899999141693115,10.8100004196167,10.229999542236328,101.33999633789062,8.520000457763672,16.989999771118164,406.6954040527344,117.26528930664062,465.7752380371094,7.679999828338623,26.081981658935547,4.199999809265137,15.649999618530273,101.33999633789062,-0.022869134180347073
2024-08-30,59119.4765625,59165.640625,3.509999990463257,10.6899995803833,10.319999694824219,101.69999694824219,7.909999847412109,16.700000762939453,410.6528625488281,119.04036712646484,471.3270263671875,7.53000020980835,26.1560001373291,4.360000133514404,15.0,101.69999694824219,0.009370325689781009
2024-08-31,58969.8984375,59165.640625,3.509999990463257,10.6899995803833,10.319999694824219,101.69999694824219,7.909999847412109,16.700000762939453,410.6528625488281,119.04036712646484,471.3270263671875,7.53000020980835,26.1560001373291,4.360000133514404,15.0,101.69999694824219,0.03983229261433303
2024-09-01,57325.48828125,59165.640625,3.509999990463257,10.6899995803833,10.319999694824219,101.69999694824219,7.909999847412109,16.700000762939453,410.6528625488281,119.04036712646484,471.3270263671875,7.53000020980835,26.1560001373291,4.360000133514404,15.0,101.69999694824219,0.38520087289378596
2024-09-02,59112.48046875,59165.640625,3.509999990463257,10.6899995803833,10.319999694824219,101.69999694824219,7.909999847412109,16.700000762939453,410.6528625488281,119.04036712646484,471.3270263671875,7.53000020980835,26.1560001373291,4.360000133514404,15.0,101.69999694824219,0.010791661421436028
2024-09-03,57431.0234375,58240.0,3.200000047683716,9.020000457763672,9.399999618530273,101.83000183105469,6.900000095367432,15.260000228881836,403.0726623535156,107.70176696777344,457.01708984375,6.78000020980835,26.202259063720703,3.819999933242798,20.719999313354492,101.83000183105469,0.169032661599084
2024-09-04,57971.5390625,58355.0,2.9749999046325684,8.675000190734863,9.869999885559082,101.36000061035156,6.71999979019165,14.880000114440918,402.54107666015625,105.91670989990234,455.82952880859375,6.849999904632568,26.072731018066406,3.9100000858306885,21.31999969482422,101.36000061035156,0.07937569580547135
2024-09-05,56160.48828125,56215.0,2.890000104904175,8.59000015258789,10.239999771118164,101.11000061035156,6.769999980926514,13.84000015258789,402.03900146484375,106.9139633178711,456.2550964355469,6.690000057220459,26.03571891784668,4.210000038146973,19.899999618530273,101.11000061035156,0.011647701881153237
2024-09-06,53948.75390625,53695.0,2.700000047683716,8.09000015258789,9.319999694824219,101.18000030517578,6.440000057220459,13.369999885559082,395.4530334472656,102.54605102539062,444.0332946777344,6.380000114440918,26.072731018066406,3.7300000190734863,22.3799991607666,101.18000030517578,-0.0564433217547816
2024-09-07,54139.6875,53695.0,2.700000047683716,8.09000015258789,9.319999694824219,101.18000030517578,6.440000057220459,13.369999885559082,395.4530334472656,102.54605102539062,444.0332946777344,6.380000114440918,26.072731018066406,3.7300000190734863,22.3799991607666,101.18000030517578,-0.09856447730696635
2024-09-08,54841.56640625,53695.0,2.700000047683716,8.09000015258789,9.319999694824219,101.18000030517578,6.440000057220459,13.369999885559082,395.4530334472656,102.54605102539062,444.0332946777344,6.380000114440918,26.072731018066406,3.7300000190734863,22.3799991607666,101.18000030517578,-0.25088263841843844
2024-09-09,57019.53515625,57410.0,2.950000047683716,8.829999923706055,10.0,101.55000305175781,7.130000114440918,14.619999885559082,399.4105529785156,106.1760025024414,449.74334716796875,6.809999942779541,26.18375587463379,3.990000009536743,19.450000762939453,101.55000305175781,0.08217496182948814
2024-09-10,57648.7109375,58195.0,3.109999895095825,9.350000381469727,10.010000228881836,101.62999725341797,7.53000020980835,15.9399995803833,407.7586975097656,107.8014907836914,453.89984130859375,7.239999771118164,26.193008422851562,4.239999771118164,19.079999923706055,101.62999725341797,0.11371405610625238
2024-09-11,57343.171875,57860.0,3.0999999046325684,9.289999961853027,9.970000267028809,101.68000030517578,7.53000020980835,15.789999961853027,416.4611511230469,116.58716583251953,463.75640869140625,7.090000152587891,26.220766067504883,4.420000076293945,17.690000534057617,101.68000030517578,0.10815476886279235
2024-09-12,58127.01171875,58580.0,3.0899999141693115,9.25,10.390000343322754,101.37000274658203,7.389999866485596,15.800000190734863,420.3595886230469,118.8211669921875,468.30865478515625,7.03000020980835,26.109737396240234,4.309999942779541,17.06999969482422,101.37000274658203,0.0935169246494493
2024-09-13,60571.30078125,59935.0,3.0899999141693115,9.380000114440918,11.180000305175781,101.11000061035156,7.559999942779541,16.1200008392334,423.8937683105469,118.78128814697266,470.40667724609375,7.199999809265137,26.072731018066406,4.239999771118164,16.559999465942383,101.11000061035156,-0.12605985469216838
2024-09-14,60005.12109375,59935.0,3.0899999141693115,9.380000114440918,11.180000305175781,101.11000061035156,7.559999942779541,16.1200008392334,423.8937683105469,118.78128814697266,470.40667724609375,7.199999809265137,26.072731018066406,4.239999771118164,16.559999465942383,101.11000061035156,-0.014023021863173005
2024-09-15,59182.8359375,59935.0,3.0899999141693115,9.380000114440918,11.180000305175781,101.11000061035156,7.559999942779541,16.1200008392334,423.8937683105469,118.78128814697266,470.40667724609375,7.199999809265137,26.072731018066406,4.239999771118164,16.559999465942383,101.11000061035156,0.15250990607364387
2024-09-16,58192.5078125,57985.0,3.009999990463257,9.069999694824219,11.180000305175781,100.76000213623047,7.730000019073486,15.869999885559082,424.632080078125,116.46749114990234,468.32843017578125,6.960000038146973,25.989459991455078,3.940000057220459,17.139999389648438,100.76000213623047,-0.04279062449109844
2024-09-17,60308.5390625,60105.0,2.9800000190734863,9.149999618530273,11.479999542236328,100.88999938964844,8.029999732971191,15.869999885559082,428.38287353515625,115.28067016601562,468.5758972167969,7.099999904632568,26.072731018066406,4.070000171661377,17.610000610351562,100.88999938964844,-0.040499550942011346
2024-09-18,61649.6796875,60140.0,2.9000000953674316,8.84000015258789,12.029999732971191,100.5999984741211,7.71999979019165,15.34000015258789,424.1103210449219,113.0666275024414,466.5471496582031,7.170000076293945,26.100486755371094,4.059999942779541,18.229999542236328,100.5999984741211,-0.2938564537858127
2024-09-19,62940.45703125,63415.0,2.930000066757202,9.029999732971191,11.609999656677246,100.61000061035156,7.789999961853027,15.449999809265137,431.8677978515625,117.55458068847656,478.34344482421875,7.21999979019165,25.989459991455078,4.460000038146973,16.329999923706055,100.61000061035156,0.09047464689003874
2024-09-20,63192.9765625,62935.0,2.9000000953674316,8.989999771118164,11.979999542236328,100.72000122070312,7.510000228881836,15.539999961853027,428.5009460449219,115.68958282470703,477.4330139160156,7.190000057220459,26.03571891784668,4.5,16.149999618530273,100.72000122070312,-0.04898833570433621
2024-09-21,63394.83984375,62935.0,2.9000000953674316,8.989999771118164,11.979999542236328,100.72000122070312,7.510000228881836,15.539999961853027,428.5009460449219,115.68958282470703,477.4330139160156,7.190000057220459,26.03571891784668,4.5,16.149999618530273,100.72000122070312,-0.08704301704366588
2024-09-22,63648.7109375,62935.0,2.9000000953674316,8.989999771118164,11.979999542236328,100.72000122070312,7.510000228881836,15.539999961853027,428.5009460449219,115.68958282470703,477.4330139160156,7.190000057220459,26.03571891784668,4.5,16.149999618530273,100.72000122070312,-0.1345593826465702
2024-09-23,63329.80078125,63360.0,2.990000009536743,9.170000076293945,12.489999771118164,100.91999816894531,7.929999828338623,16.06999969482422,426.7683410644531,115.94888305664062,478.69854736328125,7.329999923706055,26.072731018066406,4.889999866485596,15.890000343322754,100.91999816894531,0.00572227640904395
2024-09-24,64301.96875,64460.0,3.440000057220459,9.630000114440918,12.890000343322754,100.37000274658203,8.979999542236328,16.40999984741211,422.495849609375,120.54654693603516,481.007568359375,7.53000020980835,25.924694061279297,5.369999885559082,15.390000343322754,100.37000274658203,0.029491709769772792
2024-09-25,63143.14453125,63200.0,3.859999895095825,9.34000015258789,12.350000381469727,100.91999816894531,8.729999542236328,16.139999389648438,425.39007568359375,123.17948150634766,481.4535217285156,7.440000057220459,26.100486755371094,5.139999866485596,15.40999984741211,100.91999816894531,0.01080506252998442
2024-09-26,65181.01953125,64735.0,4.139999866485596,10.09000015258789,12.380000114440918,100.55999755859375,9.130000114440918,17.520000457763672,424.6025695800781,123.70806121826172,485.0707092285156,7.769999980926514,25.980207443237305,5.070000171661377,15.369999885559082,100.55999755859375,-0.08211338842949452
2024-09-27,65790.6640625,66196.90625,4.110000133514404,10.130000114440918,12.15999984741211,100.41999816894531,8.850000381469727,17.290000915527344,421.3637390136719,121.07513427734375,482.3751525878906,7.840000152587891,25.97095489501953,4.940000057220459,16.959999084472656,100.41999816894531,0.07409723430316682
2024-09-28,65887.6484375,66196.90625,4.110000133514404,10.130000114440918,12.15999984741211,100.41999816894531,8.850000381469727,17.290000915527344,421.3637390136719,121.07513427734375,482.3751525878906,7.840000152587891,25.97095489501953,4.940000057220459,16.959999084472656,100.41999816894531,0.0563245743019693
2024-09-29,65635.3046875,66196.90625,4.110000133514404,10.130000114440918,12.15999984741211,100.41999816894531,8.850000381469727,17.290000915527344,421.3637390136719,121.07513427734375,482.3751525878906,7.840000152587891,25.97095489501953,4.940000057220459,16.959999084472656,100.41999816894531,0.1026767344508642
2024-09-30,63329.5,63745.0,3.869999885559082,9.34000015258789,11.859999656677246,100.77999877929688,8.4399995803833,16.219999313354492,423.6082458496094,121.1150131225586,483.6833190917969,7.420000076293945,26.072731018066406,4.679999828338623,16.729999542236328,100.77999877929688,0.07873108109175028
2024-10-01,60837.0078125,61965.0,3.5799999237060547,8.609999656677246,11.760000228881836,101.19000244140625,7.730000019073486,15.069999694824219,414.1477355957031,116.6868896484375,476.94439697265625,7.079999923706055,26.18375587463379,4.329999923706055,19.260000228881836,101.19000244140625,0.22249460873746024
2024-10-02,60632.78515625,60430.0,3.8499999046325684,8.789999961853027,12.0,101.68000030517578,7.800000190734863,15.210000038146973,410.6430969238281,118.5319595336914,477.6183166503906,7.25,26.294782638549805,4.360000133514404,18.899999618530273,101.68000030517578,-0.040133763750569915
2024-10-03,60759.40234375,61295.0,3.819999933242798,8.65999984741211,12.020000457763672,101.98999786376953,7.840000152587891,15.470000267028809,410.062255859375,122.521240234375,477.26153564453125,7.429999828338623,26.378053665161133,4.710000038146973,20.489999771118164,101.98999786376953,0.10578069610754046
2024-10-04,62067.4765625,62715.0,4.099999904632568,9.579999923706055,12.1899995803833,102.5199966430664,8.680000305175781,16.309999465942383,409.5897216796875,124.58570861816406,482.9400329589844,7.849999904632568,26.52608871459961,4.400000095367432,19.209999084472656,102.5199966430664,0.1251908677514152
2024-10-05,62089.94921875,62715.0,4.099999904632568,9.579999923706055,12.1899995803833,102.5199966430664,8.680000305175781,16.309999465942383,409.5897216796875,124.58570861816406,482.9400329589844,7.849999904632568,26.52608871459961,4.400000095367432,19.209999084472656,102.5199966430664,0.12080231131409842
2024-10-06,62818.953125,62715.0,4.099999904632568,9.579999923706055,12.1899995803833,102.5199966430664,8.680000305175781,16.309999465942383,409.5897216796875,124.58570861816406,482.9400329589844,7.849999904632568,26.52608871459961,4.400000095367432,19.209999084472656,102.5199966430664,-0.01985766138951396
2024-10-07,62236.66015625,63560.0,4.019999980926514,9.100000381469727,12.369999885559082,102.54000091552734,8.350000381469727,15.989999771118164,403.1711120605469,127.37821197509766,477.7669982910156,8.15999984741211,26.544593811035156,4.03000020980835,22.639999389648438,102.54000091552734,0.2551563352713951
2024-10-08,62131.96875,62400.0,3.9600000381469727,9.0,12.210000038146973,102.55000305175781,8.050000190734863,15.829999923706055,408.2607116699219,132.53436279296875,484.9022521972656,8.15999984741211,26.544593811035156,3.9100000858306885,21.420000076293945,102.55000305175781,0.051766828972404005
2024-10-09,60582.1015625,61115.0,3.7699999809265137,8.859999656677246,12.010000228881836,102.93000030517578,7.510000228881836,15.4399995803833,410.9679870605469,132.29501342773438,488.7176513671875,7.820000171661377,26.664871215820312,3.819999933242798,20.860000610351562,102.93000030517578,0.10555561931774146
2024-10-10,60274.5,59795.0,3.6700000762939453,8.65999984741211,11.970000267028809,102.98999786376953,7.329999923706055,15.229999542236328,409.3730773925781,134.44924926757812,488.16265869140625,7.739999771118164,26.65561866760254,3.930000066757202,20.93000030517578,102.98999786376953,-0.09546325560560436
2024-10-11,62445.08984375,63305.0,4.190000057220459,9.59000015258789,13.220000267028809,102.88999938964844,7.739999771118164,16.079999923706055,409.8456726074219,134.43927001953125,488.9257507324219,8.40999984741211,26.674121856689453,4.210000038146973,20.459999084472656,102.88999938964844,0.16524793063505858
2024-10-12,63193.0234375,63305.0,4.190000057220459,9.59000015258789,13.220000267028809,102.88999938964844,7.739999771118164,16.079999923706055,409.8456726074219,134.43927001953125,488.9257507324219,8.40999984741211,26.674121856689453,4.210000038146973,20.459999084472656,102.88999938964844,0.02126371989985544
2024-10-13,62851.375,63305.0,4.190000057220459,9.59000015258789,13.220000267028809,102.88999938964844,7.739999771118164,16.079999923706055,409.8456726074219,134.43927001953125,488.9257507324219,8.40999984741211,26.674121856689453,4.210000038146973,20.459999084472656,102.88999938964844,0.08660908373126285
2024-10-14,66046.125,66145.0,4.320000171661377,10.8100004196167,12.970000267028809,103.30000305175781,8.529999732971191,16.979999542236328,412.621826171875,137.70053100585938,493.0285339355469,8.739999771118164,26.75739288330078,4.489999771118164,19.700000762939453,103.30000305175781,0.01796471783923735
2024-10-15,67041.109375,67220.0,4.380000114440918,11.229999542236328,12.970000267028809,103.26000213623047,8.729999542236328,16.920000076293945,412.22802734375,131.2478485107422,486.4383239746094,8.770000457763672,26.775897979736328,4.610000133514404,20.639999389648438,103.26000213623047,0.032020465055139904
2024-10-16,67612.71875,67925.0,5.010000228881836,11.84000015258789,13.25,103.58999633789062,9.350000381469727,18.079999923706055,409.6487731933594,135.35678100585938,486.4977722167969,9.079999923706055,26.84991455078125,5.199999809265137,19.579999923706055,103.58999633789062,0.05542411352893571
2024-10-17,67399.8359375,66905.0,4.820000171661377,11.720000267028809,13.010000228881836,103.83000183105469,8.949999809265137,18.010000228881836,410.2394714355469,136.56356811523438,486.8346862792969,9.199999809265137,26.933185577392578,5.070000171661377,19.110000610351562,103.83000183105469,-0.08810156831103191
2024-10-18,68418.7890625,68785.0,4.96999979019165,12.859999656677246,12.8100004196167,103.48999786376953,9.489999771118164,18.8799991607666,411.6570739746094,137.63070678710938,490.0257873535156,9.859999656677246,26.859169006347656,5.239999771118164,18.030000686645508,103.48999786376953,0.06422988933618266
2024-10-19,68362.734375,68785.0,4.96999979019165,12.859999656677246,12.8100004196167,103.48999786376953,9.489999771118164,18.8799991607666,411.6570739746094,137.63070678710938,490.0257873535156,9.859999656677246,26.859169006347656,5.239999771118164,18.030000686645508,103.48999786376953,0.07412207171533285
2024-10-20,69001.703125,68785.0,4.96999979019165,12.859999656677246,12.8100004196167,103.48999786376953,9.489999771118164,18.8799991607666,411.6570739746094,137.63070678710938,490.0257873535156,9.859999656677246,26.859169006347656,5.239999771118164,18.030000686645508,103.48999786376953,-0.0376865697834904
2024-10-21,67367.8515625,67790.0,5.380000114440918,12.6899995803833,12.829999923706055,104.01000213623047,9.619999885559082,18.709999084472656,412.2674255371094,143.325439453125,490.96728515625,9.739999771118164,26.979446411132812,6.210000038146973,18.3700008392334,104.01000213623047,0.07519582608776326
2024-10-22,67361.40625,67490.0,5.5,12.229999542236328,13.720000267028809,104.08000183105469,9.279999732971191,18.969999313354492,420.8616638183594,143.2057342529297,491.5024108886719,9.920000076293945,27.0072021484375,6.53000020980835,18.200000762939453,104.08000183105469,0.02290814705193302
2024-10-23,66432.1953125,66360.0,5.150000095367432,11.630000114440918,13.520000457763672,104.43000030517578,8.680000305175781,18.06999969482422,417.9969177246094,139.18653869628906,483.9706726074219,9.770000457763672,27.09972381591797,6.400000095367432,19.239999771118164,104.43000030517578,-0.013041022442878494
2024-10-24,68161.0546875,68215.0,5.585000038146973,11.960000038146973,13.680000305175781,104.05999755859375,9.239999771118164,18.219999313354492,418.1248779296875,140.03427124023438,487.89508056640625,10.1899995803833,26.99795150756836,6.210000038146973,19.079999923706055,104.05999755859375,0.009497267214656463
2024-10-25,66642.4140625,68430.5078125,5.460000038146973,11.390000343322754,13.369999885559082,104.26000213623047,9.25,17.059999465942383,421.4917297363281,141.16123962402344,490.8681640625,9.640000343322754,27.090473175048828,6.380000114440918,20.329999923706055,104.26000213623047,0.32197400562165446
2024-10-26,67014.6953125,68430.5078125,5.460000038146973,11.390000343322754,13.369999885559082,104.26000213623047,9.25,17.059999465942383,421.4917297363281,141.16123962402344,490.8681640625,9.640000343322754,27.090473175048828,6.380000114440918,20.329999923706055,104.26000213623047,0.2535227522974497
2024-10-27,67929.296875,68430.5078125,5.460000038146973,11.390000343322754,13.369999885559082,104.26000213623047,9.25,17.059999465942383,421.4917297363281,141.16123962402344,490.8681640625,9.640000343322754,27.090473175048828,6.380000114440918,20.329999923706055,104.26000213623047,0.08854104968976245
2024-10-28,69907.7578125,70300.0,5.659999847412109,12.550000190734863,14.199999809265137,104.31999969482422,10.899999618530273,18.940000534057617,419.95599365234375,140.1439666748047,490.9474182128906,10.5600004196167,27.090473175048828,6.849999904632568,19.799999237060547,104.31999969482422,0.06733024198293443
2024-10-29,72720.4921875,73340.0,5.389999866485596,12.369999885559082,14.300000190734863,104.27999877929688,10.550000190734863,18.940000534057617,425.2326354980469,140.87200927734375,495.6646423339844,10.869999885559082,27.09972381591797,6.690000057220459,19.34000015258789,104.27999877929688,0.10222832005636306
2024-10-30,72339.5390625,72535.0,5.28000020980835,12.0600004196167,13.779999732971191,103.98999786376953,10.319999694824219,18.280000686645508,425.8035888671875,138.96710205078125,491.9185791015625,10.479999542236328,27.034957885742188,6.889999866485596,20.350000381469727,103.98999786376953,0.03242391754768447
2024-10-31,70215.1875,70465.0,4.929999828338623,10.609999656677246,13.289999961853027,103.9800033569336,9.119999885559082,16.770000457763672,400.0307312011719,132.4047393798828,479.501220703125,9.239999771118164,27.016454696655273,6.519999980926514,23.15999984741211,103.9800033569336,0.04269375482334217
2024-11-01,69482.46875,69730.0,5.25,10.324999809265137,13.029999732971191,104.27999877929688,9.050000190734863,16.110000610351562,403.9881896972656,135.0376739501953,483.049072265625,9.4399995803833,27.127479553222656,6.199999809265137,21.8799991607666,104.27999877929688,0.042749992241748025
2024-11-02,69289.2734375,69730.0,5.25,10.324999809265137,13.029999732971191,104.27999877929688,9.050000190734863,16.110000610351562,403.9881896972656,135.0376739501953,483.049072265625,9.4399995803833,27.127479553222656,6.199999809265137,21.8799991607666,104.27999877929688,0.07632810228224585
2024-11-03,68741.1171875,69730.0,5.25,10.324999809265137,13.029999732971191,104.27999877929688,9.050000190734863,16.110000610351562,403.9881896972656,135.0376739501953,483.049072265625,9.4399995803833,27.127479553222656,6.199999809265137,21.8799991607666,104.27999877929688,0.17262730423237638
2024-11-04,67811.5078125,67680.0,5.039999961853027,9.800000190734863,12.600000381469727,103.88999938964844,8.510000228881836,15.5,402.1078796386719,135.68592834472656,481.641845703125,8.979999542236328,27.025707244873047,5.980000019073486,21.979999542236328,103.88999938964844,-0.023271769068510566
2024-11-05,69359.5625,69860.0,5.320000171661377,10.5600004196167,13.020000457763672,103.41999816894531,8.9399995803833,16.239999771118164,405.0612487792969,139.53558349609375,487.7861022949219,9.710000038146973,26.91468048095703,6.210000038146973,20.489999771118164,103.41999816894531,0.08658142848003114
2024-11-06,75639.078125,76875.0,6.96999979019165,12.989999771118164,14.329999923706055,105.08999633789062,11.039999961853027,19.31999969482422,413.6456604003906,145.22035217285156,501.0359191894531,12.25,27.349533081054688,7.670000076293945,16.270000457763672,105.08999633789062,0.19607672208128196
2024-11-07,75904.859375,77180.0,6.949999809265137,13.569999694824219,16.459999084472656,104.51000213623047,11.210000038146973,19.309999465942383,418.8139953613281,148.4816131591797,508.9243469238281,12.390000343322754,27.127479553222656,8.210000038146973,15.199999809265137,104.51000213623047,0.20159035437248646
2024-11-08,76545.4765625,77360.0,7.159999847412109,13.569999694824219,16.959999084472656,105.0,10.989999771118164,19.25,415.9689636230469,147.2349090576172,509.51898193359375,12.8100004196167,27.31252670288086,8.25,14.9399995803833,105.0,0.12769247366327677
2024-11-09,76778.8671875,77360.0,7.159999847412109,13.569999694824219,16.959999084472656,105.0,10.989999771118164,19.25,415.9689636230469,147.2349090576172,509.51898193359375,12.8100004196167,27.31252670288086,8.25,14.9399995803833,105.0,0.090826994529236
2024-11-10,80474.1875,77360.0,7.159999847412109,13.569999694824219,16.959999084472656,105.0,10.989999771118164,19.25,415.9689636230469,147.2349090576172,509.51898193359375,12.8100004196167,27.31252670288086,8.25,14.9399995803833,105.0,-0.46437561112375314
2024-11-11,88701.484375,87735.0,7.429999828338623,17.610000610351562,17.469999313354492,105.54000091552734,12.75,25.010000228881836,411.5094299316406,144.8712615966797,509.22174072265625,14.970000267028809,27.46981430053711,8.819999694824219,14.970000267028809,105.54000091552734,-0.13075105317255298
2024-11-12,87955.8125,90090.0,7.349999904632568,17.6299991607666,17.059999465942383,106.0199966430664,12.399999618530273,25.229999542236328,416.45135498046875,147.89315795898438,508.300048828125,14.449999809265137,27.590091705322266,8.529999732971191,14.710000038146973,106.0199966430664,0.2911717744634557
2024-11-13,90584.1640625,90255.0,6.619999885559082,14.979999542236328,16.1299991607666,106.4800033569336,10.880000114440918,21.700000762939453,418.5876159667969,145.8785858154297,507.64599609375,12.670000076293945,27.747379302978516,7.349999904632568,14.020000457763672,106.4800033569336,-0.043605510862524
2024-11-14,87250.4296875,87920.0,6.420000076293945,13.979999542236328,15.4399995803833,106.66999816894531,10.329999923706055,20.790000915527344,420.2513122558594,146.3672637939453,504.1180114746094,11.864999771118164,27.858407974243164,6.949999809265137,14.3100004196167,106.66999816894531,0.09208944619273454
2024-11-15,91066.0078125,91985.0,6.630000114440918,14.029999732971191,15.829999923706055,106.69000244140625,10.670000076293945,21.06999969482422,408.54620361328125,141.60003662109375,492.10687255859375,12.369999885559082,27.830650329589844,7.179999828338623,16.139999389648438,106.69000244140625,0.12109794329302173
2024-11-16,90558.4765625,91985.0,6.630000114440918,14.029999732971191,15.829999923706055,106.69000244140625,10.670000076293945,21.06999969482422,408.54620361328125,141.60003662109375,492.10687255859375,12.369999885559082,27.830650329589844,7.179999828338623,16.139999389648438,106.69000244140625,0.18903013720847672
2024-11-17,89845.8515625,91985.0,6.630000114440918,14.029999732971191,15.829999923706055,106.69000244140625,10.670000076293945,21.06999969482422,408.54620361328125,141.60003662109375,492.10687255859375,12.369999885559082,27.830650329589844,7.179999828338623,16.139999389648438,106.69000244140625,0.2857091429774382
2024-11-18,90542.640625,92060.0,6.53000020980835,13.380000114440918,15.600000381469727,106.27999877929688,10.25,18.110000610351562,409.29437255859375,139.7749481201172,495.52593994140625,12.15999984741211,27.69186782836914,7.039999961853027,15.579999923706055,106.27999877929688,0.201102070519605
2024-11-19,92343.7890625,93060.0,6.679999828338623,14.119999885559082,16.469999313354492,106.20999908447266,10.40999984741211,19.860000610351562,411.2928466796875,146.6165771484375,498.9349365234375,12.270000457763672,27.682613372802734,7.380000114440918,16.350000381469727,106.20999908447266,0.0930710266197011
2024-11-20,94339.4921875,94740.0,6.510000228881836,14.0,17.260000228881836,106.68000030517578,10.100000381469727,22.6299991607666,409.0285949707031,145.49957275390625,498.6476135253906,12.149999618530273,27.821395874023438,7.199999809265137,17.15999984741211,106.68000030517578,0.050944664196918454
2024-11-21,98504.7265625,98735.0,6.190000057220459,12.96500015258789,17.549999237060547,106.97000122070312,9.720000267028809,24.18000030517578,407.26287841796875,146.2775115966797,500.44140625,11.760000228881836,27.91391944885254,6.989999771118164,16.8700008392334,106.97000122070312,0.028052270651670028
2024-11-22,98997.6640625,99485.0,6.78000020980835,15.100000381469727,18.229999542236328,107.48999786376953,10.779999732971191,26.030000686645508,411.3367919921875,141.57012939453125,501.2440490722656,12.3100004196167,28.061954498291016,7.449999809265137,15.239999771118164,107.48999786376953,0.059072416560333935
2024-11-23,97777.28125,99485.0,6.78000020980835,15.100000381469727,18.229999542236328,107.48999786376953,10.779999732971191,26.030000686645508,411.3367919921875,141.57012939453125,501.2440490722656,12.3100004196167,28.061954498291016,7.449999809265137,15.239999771118164,107.48999786376953,0.2095847290701796
2024-11-24,98013.8203125,99485.0,6.78000020980835,15.100000381469727,18.229999542236328,107.48999786376953,10.779999732971191,26.030000686645508,411.3367919921875,141.57012939453125,501.2440490722656,12.3100004196167,28.061954498291016,7.449999809265137,15.239999771118164,107.48999786376953,0.18011905049423435
2024-11-25,93102.296875,94945.0,6.449999809265137,14.949999809265137,18.110000610351562,106.81999969482422,10.40999984741211,26.420000076293945,413.10247802734375,135.65599060058594,502.036865234375,12.0600004196167,27.867658615112305,6.989999771118164,14.600000381469727,106.81999969482422,0.23750689555692017
2024-11-26,91985.3203125,90995.0,5.630000114440918,13.029999732971191,17.1200008392334,107.01000213623047,9.5600004196167,24.969999313354492,422.17755126953125,136.5535888671875,504.732421875,11.170000076293945,27.904666900634766,6.570000171661377,14.100000381469727,107.01000213623047,-0.12919282891691022
2024-11-27,95962.53125,96785.0,6.449999809265137,13.859999656677246,17.709999084472656,106.08000183105469,12.399999618530273,26.920000076293945,417.2454833984375,134.97781372070312,500.75848388671875,12.369999885559082,27.66411018371582,7.289999961853027,14.100000381469727,106.08000183105469,0.1028487355579212
2024-11-28,95652.46875,96785.0,6.449999809265137,13.859999656677246,17.709999084472656,106.08000183105469,12.399999618530273,26.920000076293945,417.2454833984375,134.97781372070312,500.75848388671875,12.369999885559082,27.66411018371582,7.289999961853027,14.100000381469727,106.08000183105469,0.1420807552340357
2024-11-29,97461.5234375,98339.7578125,6.699999809265137,14.350000381469727,17.8799991607666,105.73999786376953,13.510000228881836,27.420000076293945,417.7090759277344,137.88003540039062,505.15850830078125,12.649999618530273,27.617849349975586,7.889999866485596,13.510000228881836,105.73999786376953,0.1081330573162887
2024-11-30,96449.0546875,98339.7578125,6.699999809265137,14.350000381469727,17.8799991607666,105.73999786376953,13.510000228881836,27.420000076293945,417.7090759277344,137.88003540039062,505.15850830078125,12.649999618530273,27.617849349975586,7.889999866485596,13.510000228881836,105.73999786376953,0.23523753108324108
2024-12-01,97279.7890625,98339.7578125,6.699999809265137,14.350000381469727,17.8799991607666,105.73999786376953,13.510000228881836,27.420000076293945,417.7090759277344,137.88003540039062,505.15850830078125,12.649999618530273,27.617849349975586,7.889999866485596,13.510000228881836,105.73999786376953,0.13075300761423256
2024-12-02,95865.3046875,96635.0,6.300000190734863,14.520000457763672,16.059999465942383,106.44999694824219,12.619999885559082,25.6299991607666,425.126953125,138.259033203125,510.6586608886719,12.100000381469727,27.78438949584961,7.320000171661377,13.34000015258789,106.44999694824219,0.09634709637765684
2024-12-03,96002.1640625,96535.0,6.190000057220459,13.949999809265137,16.420000076293945,106.37000274658203,12.930000305175781,25.1299991607666,425.343994140625,139.88465881347656,512.2244873046875,12.140000343322754,27.775136947631836,7.269999980926514,13.300000190734863,106.37000274658203,0.06660299080172102
2024-12-04,98768.53125,99915.0,6.849999904632568,14.680000305175781,17.469999313354492,106.33999633789062,14.270000457763672,25.959999084472656,431.4794921875,144.7515869140625,518.5570068359375,12.949999809265137,27.76588249206543,8.119999885559082,13.449999809265137,106.33999633789062,0.13929158230749736
2024-12-05,96593.5703125,99775.0,6.889999866485596,13.930000305175781,16.940000534057617,105.70999908447266,14.149999618530273,24.790000915527344,436.6088562011719,144.68179321289062,517.1200561523438,12.319999694824219,27.617849349975586,7.710000038146973,13.539999961853027,105.70999908447266,0.3952349636367004
2024-12-06,99920.7109375,102435.0,7.110000133514404,14.970000267028809,16.989999771118164,105.97000122070312,15.390000343322754,26.43000030517578,437.54595947265625,142.06861877441406,521.7481689453125,12.949999809265137,27.69186782836914,8.119999885559082,12.770000457763672,105.97000122070312,0.301954104078304
2024-12-07,99923.3359375,102435.0,7.110000133514404,14.970000267028809,16.989999771118164,105.97000122070312,15.390000343322754,26.43000030517578,437.54595947265625,142.06861877441406,521.7481689453125,12.949999809265137,27.69186782836914,8.119999885559082,12.770000457763672,105.97000122070312,0.3016309300247135
2024-12-08,101236.015625,102435.0,7.110000133514404,14.970000267028809,16.989999771118164,105.97000122070312,15.390000343322754,26.43000030517578,437.54595947265625,142.06861877441406,521.7481689453125,12.949999809265137,27.69186782836914,8.119999885559082,12.770000457763672,105.97000122070312,0.14212148128483795
2024-12-09,97432.71875,96790.0,6.380000114440918,13.5600004196167,16.040000915527344,106.1500015258789,14.510000228881836,23.860000610351562,439.962646484375,138.44805908203125,517.6849365234375,11.210000038146973,27.738126754760742,7.289999961853027,14.1899995803833,106.1500015258789,-0.07915847057280231
2024-12-10,96675.4296875,96975.0,6.130000114440918,12.9399995803833,15.779999732971191,106.4000015258789,13.359999656677246,22.809999465942383,437.3092041015625,134.71783447265625,515.9208984375,11.100000381469727,27.802892684936523,6.71999979019165,14.180000305175781,106.4000015258789,0.037184667930830084
2024-12-11,101173.03125,102150.0,6.460000038146973,12.829999923706055,15.859999656677246,106.70999908447266,13.609999656677246,23.270000457763672,442.89239501953125,138.94677734375,525.1571655273438,11.770000457763672,27.895414352416992,7.210000038146973,13.579999923706055,106.70999908447266,0.1158769768499943
2024-12-12,100043.0,100405.0,6.489999771118164,12.329999923706055,15.539999961853027,106.95999908447266,13.430000305175781,22.579999923706055,443.4546203613281,136.98190307617188,521.767822265625,12.329999923706055,27.98793601989746,7.53000020980835,13.920000076293945,106.95999908447266,0.043421328828603695
2024-12-13,101459.2578125,102300.0,6.130000114440918,12.020000457763672,15.550000190734863,107.0,13.109999656677246,22.729999542236328,441.1957092285156,133.8999481201172,525.76171875,12.989999771118164,27.997190475463867,7.039999961853027,13.8100004196167,107.0,0.09943800563418892
2024-12-14,101372.96875,102300.0,6.130000114440918,12.020000457763672,15.550000190734863,107.0,13.109999656677246,22.729999542236328,441.1957092285156,133.8999481201172,525.76171875,12.989999771118164,27.997190475463867,7.039999961853027,13.8100004196167,107.0,0.10973709399232721
2024-12-15,104298.6953125,102300.0,6.130000114440918,12.020000457763672,15.550000190734863,107.0,13.109999656677246,22.729999542236328,441.1957092285156,133.8999481201172,525.76171875,12.989999771118164,27.997190475463867,7.039999961853027,13.8100004196167,107.0,-0.22995823368775664
2024-12-16,106029.71875,106560.0,7.389999866485596,12.479999542236328,16.559999465942383,106.86000061035156,13.90999984741211,24.559999465942383,445.45703125,131.6558074951172,533.3330078125,14.029999732971191,27.950927734375,8.239999771118164,14.6899995803833,106.86000061035156,0.06001501347941659
2024-12-17,106140.6015625,107190.0,7.230000019073486,12.359999656677246,16.030000686645508,106.95999908447266,13.729999542236328,24.600000381469727,448.2880554199219,130.05001831054688,530.9843139648438,13.970000267028809,27.97868537902832,8.199999809265137,15.869999885559082,106.95999908447266,0.11864245222489009
2024-12-18,100041.5390625,100870.0,6.289999961853027,11.319999694824219,14.449999809265137,108.02999877929688,12.130000114440918,21.610000610351562,431.44989013671875,128.57388305664062,511.8279724121094,11.949999809265137,28.302513122558594,6.980000019073486,27.6200008392334,108.02999877929688,0.09937403345813305
2024-12-19,97490.953125,96505.0,5.739999771118164,10.90999984741211,14.479999542236328,108.41000366210938,11.414999961853027,20.3700008392334,431.09478759765625,130.33924865722656,509.54876708984375,11.1899995803833,28.3580265045166,6.489999771118164,24.09000015258789,108.41000366210938,-0.12135933766931259
2024-12-20,97755.9296875,96600.0,5.730000019073486,11.140000343322754,14.130000114440918,107.62000274658203,11.8100004196167,19.959999084472656,430.670654296875,134.34878540039062,513.9983520507812,11.550000190734863,28.219242095947266,6.610000133514404,18.360000610351562,107.62000274658203,-0.14189580411482391
2024-12-21,97224.7265625,96600.0,5.730000019073486,11.140000343322754,14.130000114440918,107.62000274658203,11.8100004196167,19.959999084472656,430.670654296875,134.34878540039062,513.9983520507812,11.550000190734863,28.219242095947266,6.610000133514404,18.360000610351562,107.62000274658203,-0.07710712094603635
2024-12-22,95104.9375,96600.0,5.730000019073486,11.140000343322754,14.130000114440918,107.62000274658203,11.8100004196167,19.959999084472656,430.670654296875,134.34878540039062,513.9983520507812,11.550000190734863,28.219242095947266,6.610000133514404,18.360000610351562,107.62000274658203,0.18864162546765778
2024-12-23,94686.2421875,93270.0,5.210000038146973,10.260000228881836,14.050000190734863,108.04000091552734,11.25,19.25,429.3389892578125,139.30581665039062,519.006103515625,10.800000190734863,28.322710037231445,5.809999942779541,16.780000686645508,108.04000091552734,-0.17948654268427164
2024-12-24,98676.09375,99100.0,5.5,10.65999984741211,14.960000038146973,108.26000213623047,11.8100004196167,20.149999618530273,433.3635559082031,139.85440063476562,526.0437622070312,11.670000076293945,28.400068283081055,6.230000019073486,14.270000457763672,108.26000213623047,0.051551240089497366
2024-12-25,99299.1953125,99100.0,5.5,10.65999984741211,14.960000038146973,108.26000213623047,11.8100004196167,20.149999618530273,433.3635559082031,139.85440063476562,526.0437622070312,11.670000076293945,28.400068283081055,6.230000019073486,14.270000457763672,108.26000213623047,-0.02407213615858072
2024-12-26,95795.515625,95525.0,5.260000228881836,10.359999656677246,14.5,108.12999725341797,11.34000015258789,19.299999237060547,432.16009521484375,139.56515502929688,525.6863403320312,11.550000190734863,28.34204864501953,6.079999923706055,14.729999542236328,108.12999725341797,-0.0338866331980245
2024-12-27,94164.859375,94568.296875,4.860000133514404,9.779999732971191,14.050000190734863,108.0,10.710000038146973,18.440000534057617,424.68310546875,136.6527557373047,518.6983642578125,10.989999771118164,28.293699264526367,5.53000020980835,15.949999809265137,108.0,0.05141249115787786
2024-12-28,95163.9296875,94568.296875,4.860000133514404,9.779999732971191,14.050000190734863,108.0,10.710000038146973,18.440000534057617,424.68310546875,136.6527557373047,518.6983642578125,10.989999771118164,28.293699264526367,5.53000020980835,15.949999809265137,108.0,-0.07510822402428441
2024-12-29,93530.2265625,94568.296875,4.860000133514404,9.779999732971191,14.050000190734863,108.0,10.710000038146973,18.440000534057617,424.68310546875,136.6527557373047,518.6983642578125,10.989999771118164,28.293699264526367,5.53000020980835,15.949999809265137,108.0,0.13318521945069728
2024-12-30,92643.2109375,94955.0,4.659999847412109,9.510000228881836,13.880000114440918,108.12999725341797,9.9399995803833,17.290000915527344,419.0604553222656,137.1315155029297,511.7996826171875,10.5,28.322710037231445,5.320000171661377,17.399999618530273,108.12999725341797,0.2994441629264692
2024-12-31,93429.203125,94120.0,4.639999866485596,9.210000038146973,14.050000190734863,108.48999786376953,9.819999694824219,16.770000457763672,415.77569580078125,133.93984985351562,507.4521179199219,10.210000038146973,28.448415756225586,5.659999847412109,17.350000381469727,108.48999786376953,0.08872560423007461
2025-01-01,94419.7578125,94120.0,4.639999866485596,9.210000038146973,14.050000190734863,108.48999786376953,9.819999694824219,16.770000457763672,415.77569580078125,133.93984985351562,507.4521179199219,10.210000038146973,28.448415756225586,5.659999847412109,17.350000381469727,108.48999786376953,-0.03809683304995504
2025-01-02,96886.875,98190.0,4.829999923706055,9.449999809265137,14.479999542236328,109.38999938964844,10.460000038146973,17.209999084472656,412.8953552246094,137.94935607910156,506.4595031738281,10.460000038146973,28.690160751342773,5.460000038146973,17.93000030517578,109.38999938964844,0.16139957037524433
2025-01-03,98107.4296875,99230.0,5.570000171661377,10.800000190734863,15.380000114440918,108.94999694824219,11.34000015258789,19.639999389648438,417.6005554199219,144.0933074951172,514.747802734375,12.34000015258789,28.603132247924805,6.21999979019165,16.1299991607666,108.94999694824219,0.13730707035041545
2025-01-04,98236.2265625,99230.0,5.570000171661377,10.800000190734863,15.380000114440918,108.94999694824219,11.34000015258789,19.639999389648438,417.6005554199219,144.0933074951172,514.747802734375,12.34000015258789,28.603132247924805,6.21999979019165,16.1299991607666,108.94999694824219,0.12139392632729921
2025-01-05,98314.9609375,99230.0,5.570000171661377,10.800000190734863,15.380000114440918,108.94999694824219,11.34000015258789,19.639999389648438,417.6005554199219,144.0933074951172,514.747802734375,12.34000015258789,28.603132247924805,6.21999979019165,16.1299991607666,108.94999694824219,0.11168665120032359
2025-01-06,102078.0859375,103150.0,5.849999904632568,11.430000305175781,15.119999885559082,108.26000213623047,11.770000457763672,20.549999237060547,422.03948974609375,149.04037475585938,520.6636962890625,12.890000343322754,28.41940689086914,6.5,16.040000915527344,108.26000213623047,0.1260110691914393
2025-01-07,96922.703125,96785.0,5.389999866485596,10.710000038146973,14.119999885559082,108.54000091552734,11.380000114440918,19.06999969482422,416.63385009765625,139.7746124267578,511.37286376953125,12.40999984741211,28.525774002075195,6.130000114440918,17.81999969482422,108.54000091552734,-0.01704902408539795
2025-01-08,95043.5234375,94230.0,5.050000190734863,10.09000015258789,14.050000190734863,109.08999633789062,10.510000228881836,18.34000015258789,418.7940979003906,139.74468994140625,511.4621887207031,12.020000457763672,28.63214111328125,5.510000228881836,17.700000762939453,109.08999633789062,-0.10271379781516214
2025-01-09,92484.0390625,92140.0,5.050000190734863,10.09000015258789,14.050000190734863,109.18000030517578,10.510000228881836,18.34000015258789,418.7940979003906,139.74468994140625,511.4621887207031,12.020000457763672,28.63214111328125,5.510000228881836,17.700000762939453,109.18000030517578,-0.04463979722176724
2025-01-10,94701.453125,95210.0,4.980000019073486,10.09000015258789,14.039999961853027,109.6500015258789,11.0,17.860000610351562,413.26031494140625,135.55564880371094,503.4420166015625,12.0,28.77718734741211,5.400000095367432,19.540000915527344,109.6500015258789,0.06444000908776974
2025-01-11,94566.59375,95210.0,4.980000019073486,10.09000015258789,14.039999961853027,109.6500015258789,11.0,17.860000610351562,413.26031494140625,135.55564880371094,503.4420166015625,12.0,28.77718734741211,5.400000095367432,19.540000915527344,109.6500015258789,0.08164484617486817
2025-01-12,94488.4375,95210.0,4.980000019073486,10.09000015258789,14.039999961853027,109.6500015258789,11.0,17.860000610351562,413.26031494140625,135.55564880371094,503.4420166015625,12.0,28.77718734741211,5.400000095367432,19.540000915527344,109.6500015258789,0.09163819647245199
2025-01-13,94516.5234375,93905.0,4.809999942779541,10.1899995803833,13.600000381469727,109.95999908447266,10.460000038146973,17.190000534057617,411.52423095703125,132.88262939453125,501.823974609375,11.770000457763672,28.864215850830078,5.199999809265137,19.190000534057617,109.95999908447266,-0.07764019436085705
2025-01-14,96534.046875,96905.0,4.949999809265137,10.350000381469727,13.90999984741211,109.2699966430664,10.970000267028809,17.360000610351562,410.0248718261719,131.41644287109375,501.3475341796875,12.239999771118164,28.680490493774414,5.570000171661377,18.709999084472656,109.2699966430664,0.04611261667879807
2025-01-15,100504.4921875,100060.0,5.239999771118164,11.199999809265137,14.529999732971191,109.08999633789062,11.550000190734863,18.149999618530273,420.5203552246094,135.88478088378906,512.8816528320312,13.460000038146973,28.63214111328125,6.179999828338623,16.1200008392334,109.08999633789062,-0.0530713218275769
2025-01-16,99756.90625,100700.0,5.199999809265137,11.180000305175781,14.630000114440918,108.95999908447266,11.449999809265137,18.299999237060547,418.8138427734375,133.22174072265625,509.2884521484375,13.289999961853027,28.63214111328125,5.849999904632568,16.600000381469727,108.95999908447266,0.11344703264592271
2025-01-17,104462.0390625,105280.0,5.429999828338623,11.869999885559082,15.0,109.3499984741211,11.989999771118164,19.90999984741211,423.20343017578125,137.3509521484375,517.8843994140625,13.390000343322754,28.738508224487305,6.400000095367432,15.970000267028809,109.3499984741211,0.09396266182519501
2025-01-18,104408.0703125,105280.0,5.429999828338623,11.869999885559082,15.0,109.3499984741211,11.989999771118164,19.90999984741211,423.20343017578125,137.3509521484375,517.8843994140625,13.390000343322754,28.738508224487305,6.400000095367432,15.970000267028809,109.3499984741211,0.10021405642957587
2025-01-19,101089.609375,105280.0,5.429999828338623,11.869999885559082,15.0,109.3499984741211,11.989999771118164,19.90999984741211,423.20343017578125,137.3509521484375,517.8843994140625,13.390000343322754,28.738508224487305,6.400000095367432,15.970000267028809,109.3499984741211,0.4974268652425486
2025-01-20,102016.6640625,105280.0,5.429999828338623,11.869999885559082,15.0,109.3499984741211,11.989999771118164,19.90999984741211,423.20343017578125,137.3509521484375,517.8843994140625,13.390000343322754,28.738508224487305,6.400000095367432,15.970000267028809,109.3499984741211,0.38385916271491494
2025-01-21,106146.265625,106400.0,5.389999866485596,10.960000038146973,15.270000457763672,108.05999755859375,10.8100004196167,19.559999465942383,422.68060302734375,140.46279907226562,520.921875,12.739999771118164,28.371057510375977,5.960000038146973,15.0600004196167,108.05999755859375,0.02868506472716524
2025-01-22,103653.0703125,104430.0,5.510000228881836,11.140000343322754,15.970000267028809,108.16999816894531,11.65999984741211,19.690000534057617,440.1402893066406,146.68655395507812,527.5822143554688,13.140000343322754,28.41940689086914,6.230000019073486,15.100000381469727,108.16999816894531,0.08994577991652292
2025-01-23,103960.171875,103415.0,5.53000020980835,11.40999984741211,16.34000015258789,108.05000305175781,12.279999732971191,19.950000762939453,440.6432800292969,146.83615112304688,528.7039184570312,12.989999771118164,28.40973663330078,6.179999828338623,15.020000457763672,108.05000305175781,-0.0629285464039639
2025-01-24,104819.484375,105060.0,5.900000095367432,11.529999732971191,15.979999542236328,107.44000244140625,13.319999694824219,19.989999771118164,438.0293273925781,142.24813842773438,525.7161254882812,13.539999961853027,28.235681533813477,6.320000171661377,14.850000381469727,107.44000244140625,0.02753483779479811
2025-01-25,104714.6484375,105060.0,5.900000095367432,11.529999732971191,15.979999542236328,107.44000244140625,13.319999694824219,19.989999771118164,438.0293273925781,142.24813842773438,525.7161254882812,13.539999961853027,28.235681533813477,6.320000171661377,14.850000381469727,107.44000244140625,0.03957630390626311
2025-01-26,102682.5,105060.0,5.900000095367432,11.529999732971191,15.979999542236328,107.44000244140625,13.319999694824219,19.989999771118164,438.0293273925781,142.24813842773438,525.7161254882812,13.539999961853027,28.235681533813477,6.320000171661377,14.850000381469727,107.44000244140625,0.27784676064567965
2025-01-27,102087.6875,101495.0,4.510000228881836,10.305000305175781,11.279999732971191,107.33999633789062,10.09000015258789,18.290000915527344,428.6583251953125,118.11124420166016,510.4101257324219,11.449999809265137,28.245349884033203,4.429999828338623,17.899999618530273,107.33999633789062,-0.06966804885261016
2025-01-28,101332.4765625,101205.0,4.489999771118164,10.050000190734863,11.3100004196167,107.87000274658203,10.079999923706055,18.260000228881836,441.126708984375,128.65367126464844,517.9539184570312,10.949999809265137,28.361387252807617,4.639999866485596,16.40999984741211,107.87000274658203,-0.0150960363537202
2025-01-29,103703.2109375,104315.0,4.5,10.260000228881836,11.460000038146973,108.0,9.979999542236328,18.420000076293945,436.3227844238281,123.37747192382812,516.981201171875,11.220000267028809,28.41940689086914,4.730000019073486,16.559999465942383,108.0,0.07079307076060129
2025-01-30,104735.3046875,104960.0,4.699999809265137,10.970000267028809,12.260000228881836,107.80000305175781,10.300000190734863,19.18000030517578,409.3540954589844,124.32500457763672,519.1847534179688,11.899999618530273,28.41940689086914,5.010000228881836,15.84000015258789,107.80000305175781,0.025744363450749617
2025-01-31,102405.0234375,105260.3984375,5.730000019073486,10.4399995803833,12.270000457763672,108.37000274658203,10.220000267028809,18.34000015258789,409.42315673828125,119.7569351196289,518.430419921875,11.880000114440918,28.535444259643555,4.769999980926514,16.43000030517578,108.37000274658203,0.3345978434438069
2025-02-01,100655.90625,105260.3984375,5.730000019073486,10.4399995803833,12.270000457763672,108.37000274658203,10.220000267028809,18.34000015258789,409.42315673828125,119.7569351196289,518.430419921875,11.880000114440918,28.535444259643555,4.769999980926514,16.43000030517578,108.37000274658203,0.5489385403054776
2025-02-02,97688.9765625,105260.3984375,5.730000019073486,10.4399995803833,12.270000457763672,108.37000274658203,10.220000267028809,18.34000015258789,409.42315673828125,119.7569351196289,518.430419921875,11.880000114440918,28.535444259643555,4.769999980926514,16.43000030517578,108.37000274658203,0.930064636738936
2025-02-03,101405.421875,101965.0,5.820000171661377,10.59000015258789,12.329999923706055,108.98999786376953,10.680000305175781,17.950000762939453,405.33941650390625,116.35584259033203,514.2813110351562,11.989999771118164,28.661149978637695,5.010000228881836,18.6200008392334,108.98999786376953,0.06621872258741096
2025-02-04,97871.8203125,99185.0,5.809999942779541,10.84000015258789,12.210000038146973,107.95999908447266,10.680000305175781,17.649999618530273,406.7696838378906,118.34063720703125,520.5942993164062,12.289999961853027,28.400068283081055,5.179999828338623,17.209999084472656,107.95999908447266,0.16100810427030954
2025-02-05,96615.4453125,97710.0,5.710000038146973,10.3100004196167,12.710000038146973,107.58000183105469,11.069999694824219,17.030000686645508,407.67718505859375,124.5045166015625,522.9566650390625,11.739999771118164,28.35171890258789,5.070000171661377,15.770000457763672,107.58000183105469,0.13594778979195632
2025-02-06,96593.296875,97285.0,5.889999866485596,10.380000114440918,12.529999732971191,107.69000244140625,11.59000015258789,16.799999237060547,410.1728210449219,128.34446716308594,525.6863403320312,11.609999656677246,28.332378387451172,5.150000095367432,15.5,107.69000244140625,0.08593181689140891
2025-02-07,96529.0859375,95990.0,5.96999979019165,11.329999923706055,12.5600004196167,108.04000091552734,12.470000267028809,16.770000457763672,404.18524169921875,129.50143432617188,519.0557861328125,11.640000343322754,28.458086013793945,5.03000020980835,16.540000915527344,108.04000091552734,-0.06701639394149578
2025-02-08,96482.453125,95990.0,5.96999979019165,11.329999923706055,12.5600004196167,108.04000091552734,12.470000267028809,16.770000457763672,404.18524169921875,129.50143432617188,519.0557861328125,11.640000343322754,28.458086013793945,5.03000020980835,16.540000915527344,108.04000091552734,-0.061248831353239906
2025-02-09,96500.09375,95990.0,5.96999979019165,11.329999923706055,12.5600004196167,108.04000091552734,12.470000267028809,16.770000457763672,404.18524169921875,129.50143432617188,519.0557861328125,11.640000343322754,28.458086013793945,5.03000020980835,16.540000915527344,108.04000091552734,-0.06343128552660085
2025-02-10,97437.5546875,97680.0,5.960000038146973,11.180000305175781,12.819999694824219,108.31999969482422,12.859999656677246,16.760000228881836,406.6217346191406,133.22174072265625,525.3389282226562,11.630000114440918,28.545114517211914,5.130000114440918,15.8100004196167,108.31999969482422,0.029858546423201973
2025-02-11,95747.4296875,95425.0,5.699999809265137,10.279999732971191,12.260000228881836,107.95999908447266,12.420000076293945,16.020000457763672,405.85235595703125,132.45375061035156,524.0882568359375,11.140000343322754,28.448415756225586,4.760000228881836,16.020000457763672,107.95999908447266,-0.04041002732530924
2025-02-12,97885.859375,97395.0,5.78000020980835,10.520000457763672,12.09000015258789,107.94000244140625,13.010000228881836,16.239999771118164,403.48492431640625,130.79806518554688,524.3958740234375,11.15999984741211,28.467756271362305,4.849999904632568,15.890000343322754,107.94000244140625,-0.06017531579749692
2025-02-13,96623.8671875,96510.0,5.980000019073486,10.670000076293945,12.539999961853027,107.30999755859375,13.079999923706055,16.90999984741211,404.96453857421875,134.93724060058594,531.9398803710938,12.229999542236328,28.235681533813477,4.889999866485596,15.100000381469727,107.30999755859375,-0.014141498263037526
2025-02-14,97508.96875,97555.0,6.059999942779541,10.5,12.510000228881836,106.56999969482422,13.010000228881836,16.899999618530273,402.8832092285156,138.4879608154297,534.1732177734375,12.270000457763672,28.158323287963867,4.869999885559082,14.770000457763672,106.56999969482422,0.005664863520567179
2025-02-15,97580.3515625,97555.0,6.059999942779541,10.5,12.510000228881836,106.56999969482422,13.010000228881836,16.899999618530273,402.8832092285156,138.4879608154297,534.1732177734375,12.270000457763672,28.158323287963867,4.869999885559082,14.770000457763672,106.56999969482422,-0.003117623016608508
2025-02-16,96175.03125,97555.0,6.059999942779541,10.5,12.510000228881836,106.56999969482422,13.010000228881836,16.899999618530273,402.8832092285156,138.4879608154297,534.1732177734375,12.270000457763672,28.158323287963867,4.869999885559082,14.770000457763672,106.56999969482422,0.17218216396472447
2025-02-17,95773.3828125,97555.0,6.059999942779541,10.5,12.510000228881836,106.56999969482422,13.010000228881836,16.899999618530273,402.8832092285156,138.4879608154297,534.1732177734375,12.270000457763672,28.158323287963867,4.869999885559082,14.770000457763672,106.56999969482422,0.22322910209672198
2025-02-18,95539.546875,94055.0,5.900000095367432,10.079999923706055,12.390000343322754,107.05000305175781,12.970000267028809,16.049999237060547,404.0767517089844,139.03651428222656,535.3841552734375,11.5600004196167,28.21634292602539,4.710000038146973,15.350000381469727,107.05000305175781,-0.1864627066245964
2025-02-19,96635.609375,96305.0,6.019999980926514,9.890000343322754,12.020000457763672,107.16999816894531,13.0,15.779999732971191,409.1370849609375,138.86697387695312,535.5330200195312,11.5600004196167,28.245349884033203,4.71999979019165,15.270000457763672,107.16999816894531,-0.04105435383145997
2025-02-20,98333.9375,98705.0,6.079999923706055,10.0600004196167,11.84000015258789,106.33999633789062,12.359999656677246,15.949999809265137,411.30169677734375,139.74468994140625,533.2598876953125,11.600000381469727,28.022947311401367,4.5,15.65999984741211,106.33999633789062,0.04528192517461228
2025-02-21,96125.546875,94675.0,5.489999771118164,9.25,10.800000190734863,106.61000061035156,10.880000114440918,14.65999984741211,403.4735412597656,134.07949829101562,522.1923828125,10.460000038146973,28.119644165039062,4.079999923706055,18.209999084472656,106.61000061035156,-0.18108154456208392
2025-02-22,96577.7578125,94675.0,5.489999771118164,9.25,10.800000190734863,106.61000061035156,10.880000114440918,14.65999984741211,403.4735412597656,134.07949829101562,522.1923828125,10.460000038146973,28.119644165039062,4.079999923706055,18.209999084472656,106.61000061035156,-0.23642186635072954
2025-02-23,96273.921875,94675.0,5.489999771118164,9.25,10.800000190734863,106.61000061035156,10.880000114440918,14.65999984741211,403.4735412597656,134.07949829101562,522.1923828125,10.460000038146973,28.119644165039062,4.079999923706055,18.209999084472656,106.61000061035156,-0.19929657093342545
2025-02-24,91418.171875,93990.0,4.965000152587891,8.899999618530273,9.859999656677246,106.5999984741211,10.15999984741211,13.890000343322754,399.31243896484375,129.94033813476562,516.0282592773438,9.989999771118164,28.13898468017578,3.950000047683716,18.979999542236328,106.5999984741211,0.33759084071598866
2025-02-25,88736.171875,87945.0,4.099999904632568,8.149999618530273,9.760000228881836,106.30999755859375,8.779999732971191,12.420000076293945,393.2831726074219,126.2998275756836,509.5267028808594,9.319999694824219,28.032615661621094,3.680000066757202,19.43000030517578,106.30999755859375,-0.10699202252463633
2025-02-26,84347.0234375,84285.0,4.175000190734863,7.880000114440918,10.020000457763672,106.41999816894531,8.489999771118164,12.449999809265137,395.09197998046875,130.93771362304688,510.7575378417969,8.9399995803833,28.090635299682617,3.7200000286102295,19.100000381469727,106.41999816894531,-0.008824036932986761
2025-02-27,84704.2265625,83375.0,3.9700000286102295,7.510000228881836,10.710000038146973,107.23999786376953,7.860000133514404,13.130000114440918,387.97552490234375,119.83673095703125,496.5731201171875,8.65999984741211,28.293699264526367,3.609999895095825,21.1299991607666,107.23999786376953,-0.1883107773639911
2025-02-28,84373.0078125,83592.75,4.079999923706055,7.989999771118164,11.15999984741211,107.61000061035156,8.239999771118164,13.920000076293945,392.38372802734375,124.59429931640625,504.4147644042969,9.279999732971191,28.41940689086914,4.190000057220459,19.6299991607666,107.61000061035156,-0.11097262018686552
2025-03-01,86031.9140625,83592.75,4.079999923706055,7.989999771118164,11.15999984741211,107.61000061035156,8.239999771118164,13.920000076293945,392.38372802734375,124.59429931640625,504.4147644042969,9.279999732971191,28.41940689086914,4.190000057220459,19.6299991607666,107.61000061035156,-0.3402222194979425
2025-03-02,94248.3515625,83592.75,4.079999923706055,7.989999771118164,11.15999984741211,107.61000061035156,8.239999771118164,13.920000076293945,392.38372802734375,124.59429931640625,504.4147644042969,9.279999732971191,28.41940689086914,4.190000057220459,19.6299991607666,107.61000061035156,-1.3567050948918287
2025-03-03,86065.671875,86315.0,3.8499999046325684,7.789999961853027,10.140000343322754,106.75,7.570000171661377,13.789999961853027,383.9823913574219,113.76260375976562,493.37689208984375,8.859999656677246,28.14865493774414,3.6700000762939453,22.780000686645508,106.75,0.034763424659548674
2025-03-04,87222.1953125,87330.0,3.75,7.760000228881836,9.59000015258789,105.73999786376953,7.539999961853027,13.970000267028809,384.1009521484375,115.68757629394531,491.887939453125,8.40999984741211,27.897239685058594,3.4800000190734863,23.510000228881836,105.73999786376953,0.014831732282879189
2025-03-05,90623.5625,90935.0,4.159999847412109,8.550000190734863,9.595000267028809,105.73999786376953,8.0600004196167,15.119999885559082,396.36700439453125,116.9941635131836,498.30023193359375,8.880000114440918,27.55879783630371,3.7100000381469727,21.93000030517578,105.73999786376953,0.04123927482987661
2025-03-06,89961.7265625,89460.0,3.7899999618530273,8.149999618530273,7.849999904632568,104.05999755859375,7.619999885559082,15.09000015258789,392.2849426269531,110.28170776367188,484.5923156738281,8.114999771118164,27.539459228515625,3.359999895095825,24.8700008392334,104.05999755859375,-0.0669253356961437
2025-03-07,86742.671875,87250.0,3.890000104904175,8.829999923706055,7.78000020980835,103.83999633789062,7.699999809265137,16.020000457763672,388.7464599609375,112.39618682861328,488.15576171875,8.369999885559082,27.452430725097656,3.5999999046325684,23.3700008392334,103.83999633789062,0.07018388260823906
2025-03-08,86154.59375,87250.0,3.890000104904175,8.829999923706055,7.78000020980835,103.83999633789062,7.699999809265137,16.020000457763672,388.7464599609375,112.39618682861328,488.15576171875,8.369999885559082,27.452430725097656,3.5999999046325684,23.3700008392334,103.83999633789062,0.1525731180178654
2025-03-09,80601.0390625,87250.0,3.890000104904175,8.829999923706055,7.78000020980835,103.83999633789062,7.699999809265137,16.020000457763672,388.7464599609375,112.39618682861328,488.15576171875,8.369999885559082,27.452430725097656,3.5999999046325684,23.3700008392334,103.83999633789062,0.9899069810766437
2025-03-10,78532.0,79025.0,3.0799999237060547,7.980000019073486,8.010000228881836,103.91000366210938,6.619999885559082,13.40999984741211,375.7490234375,106.7010726928711,469.2366027832031,7.559999942779541,27.471771240234375,3.069999933242798,27.860000610351562,103.91000366210938,0.07533234859675036
2025-03-11,82862.2109375,83395.0,3.180000066757202,8.260000228881836,8.630000114440918,103.44000244140625,7.050000190734863,13.319999694824219,376.03570556640625,108.47642517089844,468.114990234375,7.71999979019165,27.317054748535156,3.1700000762939453,26.920000076293945,103.44000244140625,0.0771578344056299
2025-03-12,83722.359375,83155.0,3.200000047683716,8.100000381469727,8.949999809265137,103.61000061035156,7.039999961853027,13.109999656677246,378.8229675292969,115.4488525390625,473.39569091796875,7.849999904632568,27.384742736816406,3.2300000190734863,24.229999542236328,103.61000061035156,-0.0813201222567672
2025-03-13,81066.703125,80245.0,3.0299999713897705,7.690000057220459,8.65999984741211,103.83000183105469,6.75,12.15999984741211,374.3751220703125,115.28924560546875,464.8790283203125,7.309999942779541,27.481441497802734,2.990000009536743,24.65999984741211,103.83000183105469,-0.12163363156382216
2025-03-14,83969.1015625,84840.0,3.0399999618530273,7.96999979019165,8.8100004196167,103.72000122070312,7.210000038146973,13.180000305175781,384.05157470703125,121.36392211914062,476.11541748046875,7.820000171661377,27.452430725097656,3.259999990463257,21.770000457763672,103.72000122070312,0.12445984362737596
2025-03-15,84343.109375,84840.0,3.0399999618530273,7.96999979019165,8.8100004196167,103.72000122070312,7.210000038146973,13.180000305175781,384.05157470703125,121.36392211914062,476.11541748046875,7.820000171661377,27.452430725097656,3.259999990463257,21.770000457763672,103.72000122070312,0.07069560921081468
2025-03-16,82579.6875,84840.0,3.0399999618530273,7.96999979019165,8.8100004196167,103.72000122070312,7.210000038146973,13.180000305175781,384.05157470703125,121.36392211914062,476.11541748046875,7.820000171661377,27.452430725097656,3.259999990463257,21.770000457763672,103.72000122070312,0.32845546914911733
2025-03-17,84075.6875,84610.0,3.119999885559082,8.119999885559082,8.760000228881836,103.37000274658203,7.349999904632568,12.970000267028809,384.18994140625,119.22930908203125,479.2024230957031,7.760000228881836,27.346065521240234,3.259999990463257,20.510000228881836,103.37000274658203,0.07626164222564341
2025-03-18,82718.5,82230.0,2.869999885559082,7.590000152587891,8.020000457763672,103.23999786376953,6.590000152587891,12.069999694824219,379.0700378417969,115.1396255493164,471.03326416015625,7.400000095367432,27.326725006103516,2.9600000381469727,21.700000762939453,103.23999786376953,-0.07086685566106736
2025-03-19,86854.2265625,85635.0,3.059999942779541,8.010000228881836,8.680000305175781,103.43000030517578,7.199999809265137,12.529999732971191,383.3201904296875,117.22435760498047,477.3363342285156,7.78000020980835,27.394412994384766,3.299999952316284,19.899999618530273,103.43000030517578,-0.16845143096717102
2025-03-20,84167.1953125,84195.0,3.0,7.75,8.59000015258789,103.8499984741211,7.210000038146973,12.5,382.3515319824219,118.23181915283203,475.7183532714844,7.760000228881836,27.471771240234375,3.2100000381469727,19.799999237060547,103.8499984741211,0.0039642077743137945
2025-03-21,84043.2421875,83955.0,2.9200000762939453,7.440000057220459,8.510000228881836,104.08999633789062,7.150000095367432,12.380000114440918,386.7202453613281,117.4039077758789,477.28668212890625,7.949999809265137,27.55879783630371,3.200000047683716,19.280000686645508,104.08999633789062,-0.01259954069403446
2025-03-22,83832.484375,83955.0,2.9200000762939453,7.440000057220459,8.510000228881836,104.08999633789062,7.150000095367432,12.380000114440918,386.7202453613281,117.4039077758789,477.28668212890625,7.949999809265137,27.55879783630371,3.200000047683716,19.280000686645508,104.08999633789062,0.01753720542771401
2025-03-23,86054.375,83955.0,2.9200000762939453,7.440000057220459,8.510000228881836,104.08999633789062,7.150000095367432,12.380000114440918,386.7202453613281,117.4039077758789,477.28668212890625,7.949999809265137,27.55879783630371,3.200000047683716,19.280000686645508,104.08999633789062,-0.29275094961761094
2025-03-24,87498.9140625,88415.0,3.200000047683716,8.789999961853027,9.3100004196167,104.26000213623047,7.690000057220459,14.609999656677246,388.51910400390625,121.10458374023438,487.7603759765625,8.720000267028809,27.607147216796875,3.4700000286102295,17.479999542236328,104.26000213623047,0.12563620209215096
2025-03-25,87471.703125,88155.0,3.0399999618530273,8.729999542236328,8.65999984741211,104.18000030517578,7.400000095367432,14.25,390.57501220703125,120.38639068603516,490.54388427734375,8.510000228881836,27.57813835144043,3.2799999713897705,17.149999618530273,104.18000030517578,0.09373960043149668
2025-03-26,86900.8828125,86525.0,2.680000066757202,8.119999885559082,7.630000114440918,104.55000305175781,6.710000038146973,13.789999961853027,385.4452209472656,113.47382354736328,481.5174865722656,7.900000095367432,27.70384407043457,2.9100000858306885,18.329999923706055,104.55000305175781,-0.05190503944283506
2025-03-27,87177.1015625,87025.0,2.5399999618530273,7.84499979019165,7.880000114440918,104.06999969482422,6.460000038146973,13.640000343322754,386.0481262207031,111.1496810913086,478.7738342285156,7.769999980926514,27.616817474365234,2.930000066757202,18.690000534057617,104.06999969482422,-0.02093690564708031
2025-03-28,84353.1484375,84201.0,2.319999933242798,7.190000057220459,7.480000019073486,104.04000091552734,6.070000171661377,12.470000267028809,374.40478515625,109.39411163330078,466.16876220703125,7.409999847412109,27.56846809387207,2.7200000286102295,21.649999618530273,104.04000091552734,-0.021644494412117656
2025-03-29,82597.5859375,84201.0,2.319999933242798,7.190000057220459,7.480000019073486,104.04000091552734,6.070000171661377,12.470000267028809,374.40478515625,109.39411163330078,466.16876220703125,7.409999847412109,27.56846809387207,2.7200000286102295,21.649999618530273,104.04000091552734,0.23294831842372815
2025-03-30,82334.5234375,84201.0,2.319999933242798,7.190000057220459,7.480000019073486,104.04000091552734,6.070000171661377,12.470000267028809,374.40478515625,109.39411163330078,466.16876220703125,7.409999847412109,27.56846809387207,2.7200000286102295,21.649999618530273,104.04000091552734,0.27203313767889936
2025-03-31,82548.9140625,82710.0,2.299999952316284,6.71999979019165,7.239999771118164,104.20999908447266,6.090000152587891,11.5,371.03436279296875,108.10735321044922,466.1488952636719,7.119999885559082,27.59747886657715,2.7300000190734863,22.280000686645508,104.20999908447266,0.02341679805183688
2025-04-01,85169.171875,85350.0,2.4600000381469727,7.559999942779541,8.0,104.26000213623047,6.639999866485596,11.84000015258789,377.7555236816406,109.87290954589844,469.90655517578125,7.539999961853027,27.62648582458496,2.880000114440918,21.770000457763672,104.26000213623047,0.02547796875593373
2025-04-02,82485.7109375,87375.0,2.6500000953674316,8.020000457763672,8.420000076293945,103.80999755859375,6.760000228881836,12.420000076293945,377.7060852050781,110.14221954345703,473.3361511230469,8.020000457763672,27.51045036315918,2.9800000190734863,21.510000228881836,103.80999755859375,0.7112925145842022
2025-04-03,83102.828125,82165.0,2.309999942779541,7.409999847412109,7.150000095367432,102.06999969482422,6.039999961853027,11.229999542236328,368.78082275390625,101.5439224243164,447.996826171875,7.300000190734863,27.026962280273438,2.6500000953674316,30.020000457763672,102.06999969482422,-0.1354218352601944
2025-04-04,83843.8046875,84350.0,2.0999999046325684,7.320000171661377,7.179999828338623,103.0199966430664,5.940000057220459,11.300000190734863,355.6648254394531,94.07275390625,420.1722412109375,7.139999866485596,27.326725006103516,2.5999999046325684,45.310001373291016,103.0199966430664,0.07244833142579948
2025-04-05,83504.796875,84350.0,2.0999999046325684,7.320000171661377,7.179999828338623,103.0199966430664,5.940000057220459,11.300000190734863,355.6648254394531,94.07275390625,420.1722412109375,7.139999866485596,27.326725006103516,2.5999999046325684,45.310001373291016,103.0199966430664,0.12145933981711754
2025-04-06,78214.484375,84350.0,2.0999999046325684,7.320000171661377,7.179999828338623,103.0199966430664,5.940000057220459,11.300000190734863,355.6648254394531,94.07275390625,420.1722412109375,7.139999866485596,27.326725006103516,2.5999999046325684,45.310001373291016,103.0199966430664,0.9413369926086661
2025-04-07,79235.3359375,78245.0,2.2300000190734863,7.429999828338623,7.019999980926514,103.26000213623047,5.880000114440918,11.260000228881836,353.707763671875,97.39437103271484,421.1861572265625,7.110000133514404,27.442760467529297,2.6700000762939453,46.97999954223633,103.26000213623047,-0.14998398264347612
2025-04-08,76271.953125,76815.0,2.109999895095825,6.739999771118164,6.510000228881836,102.95999908447266,5.300000190734863,10.520000457763672,350.446044921875,96.05775451660156,413.60125732421875,6.539999961853027,27.317054748535156,2.259999990463257,52.33000183105469,102.95999908447266,0.08543851616491563
2025-04-09,82573.953125,82615.0,2.4600000381469727,7.630000114440918,7.510000228881836,102.9000015258789,5.900000095367432,12.3100004196167,385.95916748046875,114.04239654541016,463.2461853027344,7.375,27.35573387145996,2.5799999237060547,33.619998931884766,102.9000015258789,0.005965107414130477
2025-04-10,79626.140625,79695.0,2.2200000286102295,7.130000114440918,6.820000171661377,100.87000274658203,5.489999771118164,11.739999771118164,376.9252624511719,107.29940032958984,443.5432434082031,6.789999961853027,26.785219192504883,2.240000009536743,40.720001220703125,100.87000274658203,0.010377402364526568
2025-04-11,83404.8359375,84095.0,2.4200000762939453,7.5,7.070000171661377,99.77999877929688,5.630000114440918,12.510000228881836,383.9429016113281,110.65095520019531,451.7146911621094,7.059999942779541,26.543476104736328,2.380000114440918,37.560001373291016,99.77999877929688,0.09929842384926159
2025-04-12,85287.109375,84095.0,2.4200000762939453,7.5,7.070000171661377,99.77999877929688,5.630000114440918,12.510000228881836,383.9429016113281,110.65095520019531,451.7146911621094,7.059999942779541,26.543476104736328,2.380000114440918,37.560001373291016,99.77999877929688,-0.1677312386928344
2025-04-13,83684.9765625,84095.0,2.4200000762939453,7.5,7.070000171661377,99.77999877929688,5.630000114440918,12.510000228881836,383.9429016113281,110.65095520019531,451.7146911621094,7.059999942779541,26.543476104736328,2.380000114440918,37.560001373291016,99.77999877929688,0.05879527547367233
2025-04-14,84542.390625,85165.0,2.440000057220459,7.78000020980835,7.059999942779541,99.63999938964844,5.75,12.949999809265137,383.310302734375,110.43150329589844,454.7764587402344,7.010000228881836,26.45644760131836,2.4700000286102295,30.889999389648438,99.63999938964844,0.08837356555411459
2025-04-15,83668.9921875,84160.0,2.319999933242798,7.28000020980835,6.849999904632568,100.22000122070312,5.449999809265137,12.579999923706055,381.25445556640625,111.9177474975586,455.283447265625,6.550000190734863,26.60149383544922,2.2899999618530273,30.1200008392334,100.22000122070312,0.07042147390512335
2025-04-16,84033.8671875,84535.0,2.325000047683716,7.28000020980835,6.590000152587891,99.37999725341797,5.46999979019165,12.319999694824219,367.2982482910156,104.2271499633789,441.5550842285156,6.360000133514404,26.37908935546875,2.299999952316284,32.63999938964844,99.37999725341797,0.07156154954266486
2025-04-17,84895.75,85110.0,2.369999885559082,7.510000228881836,6.630000114440918,99.37999725341797,5.590000152587891,12.65999984741211,363.5126647949219,101.23468017578125,441.4755859375,6.460000038146973,26.398427963256836,2.3499999046325684,29.649999618530273,99.37999725341797,0.03028420150596467
2025-04-18,84450.8046875,85110.0,2.369999885559082,7.510000228881836,6.630000114440918,99.37999725341797,5.590000152587891,12.65999984741211,363.5126647949219,101.23468017578125,441.4755859375,6.460000038146973,26.398427963256836,2.3499999046325684,29.649999618530273,99.37999725341797,0.09366806840113924
2025-04-19,85063.4140625,85110.0,2.369999885559082,7.510000228881836,6.630000114440918,99.37999725341797,5.590000152587891,12.65999984741211,363.5126647949219,101.23468017578125,441.4755859375,6.460000038146973,26.398427963256836,2.3499999046325684,29.649999618530273,99.37999725341797,0.006571935257492181
2025-04-20,85174.3046875,85110.0,2.369999885559082,7.510000228881836,6.630000114440918,99.37999725341797,5.590000152587891,12.65999984741211,363.5126647949219,101.23468017578125,441.4755859375,6.460000038146973,26.398427963256836,2.3499999046325684,29.649999618530273,99.37999725341797,-0.009059730547037228
2025-04-21,87518.90625,87535.0,2.3399999141693115,7.46999979019165,6.389999866485596,98.27999877929688,5.510000228881836,12.289999961853027,354.9531555175781,96.66621398925781,430.5505065917969,6.289999961853027,26.147014617919922,2.25,33.81999969482422,98.27999877929688,0.0022066660596549675
2025-04-22,93441.890625,91660.0,2.740000009536743,8.770000457763672,6.920000076293945,98.91999816894531,6.059999942779541,14.0600004196167,362.5638427734375,98.64122009277344,441.8533020019531,7.119999885559082,26.29206085205078,2.6500000953674316,30.56999969482422,98.91999816894531,-0.2288340631485377
2025-04-23,93699.109375,93605.0,2.859999895095825,8.869999885559082,7.119999885559082,99.83999633789062,6.099999904632568,14.130000114440918,370.0459899902344,102.45162200927734,451.87371826171875,7.5,26.53380584716797,2.7899999618530273,28.450000762939453,99.83999633789062,-0.012052542521832268
2025-04-24,93943.796875,93625.0,3.0,8.859999656677246,7.53000020980835,99.29000091552734,6.300000190734863,14.010000228881836,382.80615234375,106.16226196289062,464.58819580078125,7.789999961853027,26.417766571044922,3.0399999618530273,26.469999313354492,99.29000091552734,-0.040721821208591635
2025-04-25,94720.5,95127.0,3.0799999237060547,9.010000228881836,8.3100004196167,99.47000122070312,6.539999961853027,14.300000190734863,387.3034362792969,110.73074340820312,469.7673645019531,7.769999980926514,26.485454559326172,3.0,24.84000015258789,99.47000122070312,0.05149888355741365
2025-04-26,94646.9296875,95127.0,3.0799999237060547,9.010000228881836,8.3100004196167,99.47000122070312,6.539999961853027,14.300000190734863,387.3034362792969,110.73074340820312,469.7673645019531,7.769999980926514,26.485454559326172,3.0,24.84000015258789,99.47000122070312,0.06086667331968227
2025-04-27,93754.84375,95127.0,3.0799999237060547,9.010000228881836,8.3100004196167,99.47000122070312,6.539999961853027,14.300000190734863,387.3034362792969,110.73074340820312,469.7673645019531,7.769999980926514,26.485454559326172,3.0,24.84000015258789,99.47000122070312,0.17562692594215965
2025-04-28,94978.75,95505.0,3.059999942779541,8.569999694824219,8.239999771118164,99.01000213623047,6.389999866485596,14.010000228881836,386.62139892578125,108.45648956298828,469.6182556152344,7.630000114440918,26.321069717407227,3.0199999809265137,25.149999618530273,99.01000213623047,0.06648855665082978
2025-04-29,94284.7890625,95980.0,3.0799999237060547,8.4399995803833,8.289999961853027,99.23999786376953,6.269999980926514,14.220000267028809,389.468017578125,108.7457504272461,472.7198486328125,7.420000076293945,26.408098220825195,2.9200000762939453,24.170000076293945,99.23999786376953,0.21575623652841003
2025-04-30,94207.3125,94695.0,2.8499999046325684,8.170000076293945,8.100000381469727,99.47000122070312,6.110000133514404,13.369999885559082,390.6738586425781,108.64599609375,472.66021728515625,7.239999771118164,26.50479507446289,2.7799999713897705,24.700000762939453,99.47000122070312,0.062120973889367666
2025-05-01,96492.3359375,97205.0,3.115000009536743,8.670000076293945,8.550000190734863,100.25,6.369999885559082,14.050000190734863,420.464111328125,111.32923126220703,478.8334655761719,7.769999980926514,26.65951156616211,3.240000009536743,24.600000381469727,100.25,0.08862847672730484
2025-05-02,96910.0703125,97505.0,3.1600000858306885,8.8100004196167,8.739999771118164,100.0,6.53000020980835,14.479999542236328,430.2294921875,114.21197509765625,485.94122314453125,8.390000343322754,26.620832443237305,3.2100000381469727,22.68000030517578,100.0,0.07366784718016196
2025-05-03,95891.796875,97505.0,3.1600000858306885,8.8100004196167,8.739999771118164,100.0,6.53000020980835,14.479999542236328,430.2294921875,114.21197509765625,485.94122314453125,8.390000343322754,26.620832443237305,3.2100000381469727,22.68000030517578,100.0,0.20187793044732222
2025-05-04,94315.9765625,97505.0,3.1600000858306885,8.8100004196167,8.739999771118164,100.0,6.53000020980835,14.479999542236328,430.2294921875,114.21197509765625,485.94122314453125,8.390000343322754,26.620832443237305,3.2100000381469727,22.68000030517578,100.0,0.40574548072076533
2025-05-05,94748.0546875,94730.0,2.9800000190734863,8.09000015258789,8.75,99.83000183105469,6.190000057220459,13.09000015258789,431.10919189453125,113.53367614746094,483.058349609375,7.900000095367432,26.57248306274414,2.990000009536743,23.639999389648438,99.83000183105469,-0.0022866564460302654
2025-05-06,96802.4765625,95410.0,3.0399999618530273,8.09000015258789,8.989999771118164,99.23999786376953,6.5,13.149999618530273,428.2823486328125,113.25438690185547,478.5650939941406,7.860000133514404,26.408098220825195,3.119999885559082,24.760000228881836,99.23999786376953,-0.17261664518687658
2025-05-07,97032.3203125,96655.0,3.0199999809265137,8.029999732971191,8.899999618530273,99.61000061035156,6.570000171661377,13.329999923706055,428.3218688964844,116.7655258178711,480.4438781738281,7.840000152587891,26.60149383544922,3.049999952316284,23.549999237060547,99.61000061035156,-0.04666325339245453
2025-05-08,103241.4609375,101780.0,3.119999885559082,8.680000305175781,9.449999809265137,100.63999938964844,6.889999866485596,14.289999961853027,433.08599853515625,117.07474517822266,485.4044494628906,8.4399995803833,26.823896408081055,3.299999952316284,22.479999542236328,100.63999938964844,-0.1698690728584015
2025-05-09,102970.8515625,103635.0,2.9800000190734863,9.199999809265137,9.319999694824219,100.33999633789062,7.039999961853027,15.760000228881836,433.63946533203125,116.3565673828125,485.0863037109375,8.479999542236328,26.746540069580078,3.009999990463257,21.899999618530273,100.33999633789062,0.07739842032055644
2025-05-10,104696.328125,103635.0,2.9800000190734863,9.199999809265137,9.319999694824219,100.33999633789062,7.039999961853027,15.760000228881836,433.63946533203125,116.3565673828125,485.0863037109375,8.479999542236328,26.746540069580078,3.009999990463257,21.899999618530273,100.33999633789062,-0.12164645817181088
2025-05-11,104106.359375,103635.0,2.9800000190734863,9.199999809265137,9.319999694824219,100.33999633789062,7.039999961853027,15.760000228881836,433.63946533203125,116.3565673828125,485.0863037109375,8.479999542236328,26.746540069580078,3.009999990463257,21.899999618530273,100.33999633789062,-0.05433205554355694
2025-05-12,102812.953125,102115.0,3.1500000953674316,9.619999885559082,9.880000114440918,101.79000091552734,7.510000228881836,15.949999809265137,444.0472412109375,122.69058990478516,504.8488464355469,8.699999809265137,27.123659133911133,3.4800000190734863,18.389999389648438,101.79000091552734,-0.08146286285364396
2025-05-13,104169.8125,105265.0,3.430000066757202,10.0,10.239999771118164,101.0,8.119999885559082,16.3700008392334,443.9286804199219,129.6031494140625,512.543212890625,9.0600004196167,26.891584396362305,3.8299999237060547,18.219999313354492,101.0,0.1261617899139446
2025-05-14,103539.4140625,103620.0,3.309999942779541,9.609999656677246,10.319999694824219,101.04000091552734,7.96999979019165,15.869999885559082,447.6845703125,134.99952697753906,515.6148681640625,8.90999984741211,26.949604034423828,3.6600000858306885,18.6200008392334,101.04000091552734,0.009339740414372697
2025-05-15,103744.640625,103500.0,3.1700000762939453,9.359999656677246,10.510000228881836,100.87999725341797,7.75,15.680000305175781,448.6946105957031,134.49081420898438,516.181396484375,8.699999809265137,26.881916046142578,3.5199999809265137,17.829999923706055,100.87999725341797,-0.02829724487273966
2025-05-16,103489.2890625,104425.0,3.859999895095825,9.779999732971191,10.779999732971191,101.08999633789062,8.40999984741211,16.209999084472656,449.8234558105469,135.05938720703125,518.4281616210938,9.149999618530273,26.959272384643555,3.890000104904175,17.239999771118164,101.08999633789062,0.10849945295516315
2025-05-17,103191.0859375,104425.0,3.859999895095825,9.779999732971191,10.779999732971191,101.08999633789062,8.40999984741211,16.209999084472656,449.8234558105469,135.05938720703125,518.4281616210938,9.149999618530273,26.959272384643555,3.890000104904175,17.239999771118164,101.08999633789062,0.14349077360197734
2025-05-18,106446.0078125,104425.0,3.859999895095825,9.779999732971191,10.779999732971191,101.08999633789062,8.40999984741211,16.209999084472656,449.8234558105469,135.05938720703125,518.4281616210938,9.149999618530273,26.959272384643555,3.890000104904175,17.239999771118164,101.08999633789062,-0.2278346952449265
2025-05-19,105606.1796875,105880.0,3.809999942779541,9.84000015258789,10.850000381469727,100.43000030517578,8.539999961853027,16.31999969482422,454.3783874511719,135.22897338867188,518.9251708984375,8.970000267028809,26.775548934936523,4.0,18.139999389648438,100.43000030517578,0.03111412381096602
2025-05-20,106791.0859375,107360.0,3.7799999713897705,9.699999809265137,10.920000076293945,100.12000274658203,8.609999656677246,16.190000534057617,453.685302734375,134.04196166992188,517.1954345703125,8.930000305175781,26.698190689086914,3.9200000762939453,18.09000015258789,100.12000274658203,0.06392826414365255
2025-05-21,109678.078125,108960.0,3.505000114440918,10.109999656677246,10.779999732971191,99.55999755859375,8.890000343322754,15.84000015258789,448.14007568359375,131.46844482421875,510.0080871582031,8.84000015258789,26.5821533203125,3.9100000858306885,20.8700008392334,99.55999755859375,-0.07856572295312546
2025-05-22,111673.28125,111440.0,3.569999933242798,9.869999885559082,10.829999923706055,99.95999908447266,9.279999732971191,15.649999618530273,450.4076843261719,132.49583435058594,510.9624938964844,8.9399995803833,26.65951156616211,4.090000152587891,20.280000686645508,99.95999908447266,-0.02506754497284909
2025-05-23,107287.796875,108885.0,3.4700000286102295,9.359999656677246,10.680000305175781,99.11000061035156,9.119999885559082,14.729999542236328,445.77349853515625,130.959716796875,506.2305603027344,8.550000190734863,26.46611785888672,3.930000066757202,22.290000915527344,99.11000061035156,0.17864508414065614
2025-05-24,107791.15625,108885.0,3.4700000286102295,9.359999656677246,10.680000305175781,99.11000061035156,9.119999885559082,14.729999542236328,445.77349853515625,130.959716796875,506.2305603027344,8.550000190734863,26.46611785888672,3.930000066757202,22.290000915527344,99.11000061035156,0.12177367287494886
2025-05-25,109035.390625,108885.0,3.4700000286102295,9.359999656677246,10.680000305175781,99.11000061035156,9.119999885559082,14.729999542236328,445.77349853515625,130.959716796875,506.2305603027344,8.550000190734863,26.46611785888672,3.930000066757202,22.290000915527344,99.11000061035156,-0.016551392072384756
2025-05-26,109440.3671875,108885.0,3.4700000286102295,9.359999656677246,10.680000305175781,98.93000030517578,9.119999885559082,14.729999542236328,445.77349853515625,130.959716796875,506.2305603027344,8.550000190734863,26.46611785888672,3.930000066757202,22.290000915527344,98.93000030517578,-0.06089532063230496
2025-05-27,108994.640625,110025.0,3.569999933242798,9.859999656677246,11.279999732971191,99.5199966430664,9.239999771118164,16.440000534057617,456.1805725097656,135.1591339111328,518.1398315429688,9.140000343322754,26.611164093017578,3.940000057220459,18.959999084472656,99.5199966430664,0.11343963729868024
2025-05-28,107802.328125,107005.0,3.3499999046325684,9.109999656677246,10.779999732971191,99.87999725341797,8.859999656677246,14.859999656677246,452.8832092285156,134.47085571289062,515.8433837890625,8.380000114440918,26.698190689086914,3.7899999618530273,19.309999465942383,99.87999725341797,-0.08875446074694873
2025-05-29,105641.7578125,105645.0,3.25,8.779999732971191,10.6899995803833,99.27999877929688,8.600000381469727,14.609999656677246,454.1903076171875,138.83984375,516.857421875,8.180000305175781,26.553142547607422,3.640000104904175,19.18000030517578,99.27999877929688,0.0003682847654717502
2025-05-30,103998.5703125,105462.0,3.119999885559082,8.630000114440918,10.649999618530273,99.33000183105469,8.390000343322754,14.119999885559082,455.8537902832031,134.79006958007812,516.042236328125,8.069999694824219,26.543476104736328,3.5299999713897705,18.56999969482422,99.33000183105469,0.1688595929466278
2025-05-31,104638.09375,105462.0,3.119999885559082,8.630000114440918,10.649999618530273,99.33000183105469,8.390000343322754,14.119999885559082,455.8537902832031,134.79006958007812,516.042236328125,8.069999694824219,26.543476104736328,3.5299999713897705,18.56999969482422,99.33000183105469,0.09448638297656296
2025-06-01,105652.1015625,105462.0,3.119999885559082,8.630000114440918,10.649999618530273,99.33000183105469,8.390000343322754,14.119999885559082,455.8537902832031,134.79006958007812,516.042236328125,8.069999694824219,26.543476104736328,3.5299999713897705,18.56999969482422,99.33000183105469,-0.0215917971934568
2025-06-02,105881.53125,105005.0,3.25,8.609999656677246,10.930000305175781,98.69999694824219,8.729999542236328,14.359999656677246,457.4480895996094,137.03440856933594,520.1180419921875,8.479999542236328,26.35974884033203,3.609999895095825,18.360000610351562,98.69999694824219,-0.09934097926072447
2025-06-03,105432.46875,106850.0,3.434999942779541,9.210000038146973,11.800000190734863,99.25,8.890000343322754,15.329999923706055,458.4383239746094,140.86474609375,524.1838989257812,9.029999732971191,26.53380584716797,3.7799999713897705,17.690000534057617,99.25,0.16133905619088523
2025-06-04,104731.984375,105485.0,3.740000009536743,9.529999732971191,12.5600004196167,98.79000091552734,9.430000305175781,15.670000076293945,459.3294677734375,141.56298828125,525.6452026367188,9.5,26.417766571044922,4.239999771118164,17.610000610351562,98.79000091552734,0.08627915869182154
2025-06-05,101575.953125,102215.0,3.5299999713897705,9.020000457763672,11.930000305175781,98.73999786376953,8.949999809265137,14.880000114440918,463.1021728515625,139.63784790039062,521.6886596679688,8.989999771118164,26.398427963256836,3.8299999237060547,18.479999542236328,98.73999786376953,0.07549584585795635
2025-06-06,104390.34375,104770.0,3.9000000953674316,9.789999961853027,12.1899995803833,99.19000244140625,9.75,15.779999732971191,465.7757568359375,141.3634796142578,526.7883911132812,9.850000381469727,26.53380584716797,4.349999904632568,16.770000457763672,99.19000244140625,0.04364268606022288
2025-06-07,105615.625,104770.0,3.9000000953674316,9.789999961853027,12.1899995803833,99.19000244140625,9.75,15.779999732971191,465.7757568359375,141.3634796142578,526.7883911132812,9.850000381469727,26.53380584716797,4.349999904632568,16.770000457763672,99.19000244140625,-0.09607953368642189
2025-06-08,105793.6484375,104770.0,3.9000000953674316,9.789999961853027,12.1899995803833,99.19000244140625,9.75,15.779999732971191,465.7757568359375,141.3634796142578,526.7883911132812,9.850000381469727,26.53380584716797,4.349999904632568,16.770000457763672,99.19000244140625,-0.11611076308855084
2025-06-09,110294.1015625,109125.0,4.139999866485596,10.119999885559082,12.710000038146973,98.94000244140625,10.34000015258789,16.270000457763672,468.12255859375,142.27122497558594,527.5638427734375,10.119999885559082,26.46611785888672,4.53000020980835,17.15999984741211,98.94000244140625,-0.1271982685497475
2025-06-10,110257.234375,109980.0,4.059999942779541,10.130000114440918,12.770000457763672,99.05000305175781,10.489999771118164,16.489999771118164,466.31048583984375,143.59786987304688,531.052978515625,10.449999809265137,26.49512481689453,4.519999980926514,16.950000762939453,99.05000305175781,-0.03017319016623484
2025-06-11,108686.625,109160.0,4.079999923706055,9.970000267028809,12.25,98.62999725341797,10.300000190734863,16.350000381469727,467.9938049316406,142.4805908203125,529.2635498046875,10.550000190734863,26.398427963256836,4.409999847412109,17.260000228881836,98.62999725341797,0.0522649406033171
2025-06-12,105929.0546875,107095.0,3.8399999141693115,9.710000038146973,12.140000343322754,97.91999816894531,10.170000076293945,15.819999694824219,474.1826171875,144.64527893066406,530.5062866210938,10.210000038146973,26.205034255981445,4.260000228881836,18.020000457763672,97.91999816894531,0.13208221097861858
2025-06-13,106090.96875,105380.0,3.7200000286102295,9.300000190734863,11.890000343322754,98.18000030517578,9.829999923706055,15.039999961853027,470.3108825683594,141.62269592285156,523.845947265625,9.720000267028809,26.272722244262695,4.019999980926514,20.81999969482422,98.18000030517578,-0.08041801390375182
2025-06-14,105472.40625,105380.0,3.7200000286102295,9.300000190734863,11.890000343322754,98.18000030517578,9.829999923706055,15.039999961853027,470.3108825683594,141.62269592285156,523.845947265625,9.720000267028809,26.272722244262695,4.019999980926514,20.81999969482422,98.18000030517578,-0.010513413312782934
2025-06-15,105552.0234375,105380.0,3.7200000286102295,9.300000190734863,11.890000343322754,98.18000030517578,9.829999923706055,15.039999961853027,470.3108825683594,141.62269592285156,523.845947265625,9.720000267028809,26.272722244262695,4.019999980926514,20.81999969482422,98.18000030517578,-0.019557003103993668
2025-06-16,106796.7578125,108920.0,3.930000066757202,9.619999885559082,12.079999923706055,98.0,10.399999618530273,15.319999694824219,474.45001220703125,144.33602905273438,531.1326293945312,10.170000076293945,26.30173110961914,4.329999923706055,19.110000610351562,98.0,0.23857378043940794
2025-06-17,104601.1171875,104910.0,3.680000066757202,8.899999618530273,11.890000343322754,98.81999969482422,9.770000457763672,14.670000076293945,473.36077880859375,143.7674102783203,525.953369140625,9.65999984741211,26.475786209106445,3.950000047683716,21.600000381469727,98.81999969482422,0.035435508239896156
2025-06-18,104883.328125,103965.0,3.809999942779541,9.180000305175781,11.899999618530273,98.91000366210938,9.800000190734863,14.489999771118164,475.53924560546875,145.1240997314453,525.8638916015625,9.9399995803833,26.52413558959961,3.8399999141693115,20.139999389648438,98.91000366210938,-0.10506853374128663
2025-06-19,104684.2890625,103965.0,3.809999942779541,9.180000305175781,11.899999618530273,98.91000366210938,9.800000190734863,14.489999771118164,475.53924560546875,145.1240997314453,525.8638916015625,9.9399995803833,26.52413558959961,3.8399999141693115,20.139999389648438,98.91000366210938,-0.08245237969612351
2025-06-20,103309.6015625,103420.0,3.7899999618530273,9.0,11.859999656677246,98.70999908447266,10.470000267028809,14.319999694824219,472.72705078125,143.49807739257812,523.7166748046875,9.5600004196167,26.49512481689453,3.740000009536743,20.6200008392334,98.70999908447266,0.012823408763207134
2025-06-21,102257.40625,103420.0,3.7899999618530273,9.0,11.859999656677246,98.70999908447266,10.470000267028809,14.319999694824219,472.72705078125,143.49807739257812,523.7166748046875,9.5600004196167,26.49512481689453,3.740000009536743,20.6200008392334,98.70999908447266,0.1364314381873929
2025-06-22,100987.140625,103420.0,3.7899999618530273,9.0,11.859999656677246,98.70999908447266,10.470000267028809,14.319999694824219,472.72705078125,143.49807739257812,523.7166748046875,9.5600004196167,26.49512481689453,3.740000009536743,20.6200008392334,98.70999908447266,0.2890894060305017
2025-06-23,105577.7734375,103295.0,3.5299999713897705,8.850000381469727,11.350000381469727,98.41999816894531,10.65999984741211,14.180000305175781,481.2428283691406,143.8173065185547,529.1017456054688,9.270000457763672,26.38875961303711,3.569999933242798,19.829999923706055,98.41999816894531,-0.2594606834194727
2025-06-24,106045.6328125,105745.0,3.8499999046325684,10.039999961853027,12.210000038146973,97.86000061035156,11.539999961853027,14.880000114440918,485.3126220703125,147.53817749023438,537.1928100585938,10.020000457763672,26.253381729125977,3.8399999141693115,17.479999542236328,97.86000061035156,-0.034019258071462596
2025-06-25,107361.2578125,107840.0,3.8499999046325684,10.600000381469727,12.300000190734863,97.68000030517578,11.869999885559082,14.979999542236328,487.45147705078125,153.9324951171875,538.566162109375,10.0,26.185693740844727,3.799999952316284,16.760000228881836,97.68000030517578,0.05351004978009045
2025-06-26,106960.0,107605.0,4.190000057220459,10.8100004196167,16.360000610351562,97.1500015258789,13.109999656677246,15.270000457763672,492.580810546875,154.64076232910156,543.6018676757812,10.510000228881836,26.07932472229004,4.389999866485596,16.59000015258789,97.1500015258789,0.07236350037397157
2025-06-27,107088.4296875,106689.0,4.260000228881836,10.670000076293945,16.649999618530273,97.4000015258789,14.0,15.029999732971191,491.0855712890625,157.36407470703125,545.4629516601562,10.550000190734863,26.127676010131836,4.21999979019165,16.31999969482422,97.4000015258789,-0.04475886203567597
2025-06-28,107327.703125,106689.0,4.260000228881836,10.670000076293945,16.649999618530273,97.4000015258789,14.0,15.029999732971191,491.0855712890625,157.36407470703125,545.4629516601562,10.550000190734863,26.127676010131836,4.21999979019165,16.31999969482422,97.4000015258789,-0.07141154871332293
2025-06-29,108385.5703125,106689.0,4.260000228881836,10.670000076293945,16.649999618530273,97.4000015258789,14.0,15.029999732971191,491.0855712890625,157.36407470703125,545.4629516601562,10.550000190734863,26.127676010131836,4.21999979019165,16.31999969482422,97.4000015258789,-0.18783721570409115
2025-06-30,107135.3359375,108235.0,4.78000020980835,11.029999732971191,17.06999969482422,96.87999725341797,14.569999694824219,15.680000305175781,492.54119873046875,157.603515625,548.9959716796875,11.300000190734863,25.992298126220703,4.380000114440918,16.729999542236328,96.87999725341797,0.12317102134909241
2025-07-01,105698.28125,105750.0,4.900000095367432,11.079999923706055,17.25,96.81999969482422,15.229999542236328,15.699999809265137,487.2336120605469,152.92498779296875,544.3681640625,11.270000457763672,25.982629776000977,4.440000057220459,16.829999923706055,96.81999969482422,0.005871665959563557
2025-07-02,108859.3203125,110285.0,5.679999828338623,12.479999542236328,17.559999465942383,96.77999877929688,15.65999984741211,17.799999237060547,486.2830505371094,156.8653106689453,548.159912109375,12.199999809265137,25.963289260864258,5.039999961853027,16.639999389648438,96.77999877929688,0.1571583967352359
2025-07-03,109647.9765625,110415.0,6.050000190734863,12.25,18.0,97.18000030517578,16.81999969482422,17.65999984741211,493.95721435546875,158.95021057128906,553.553955078125,12.170000076293945,26.0889949798584,5.260000228881836,16.3799991607666,97.18000030517578,0.08394392252878013
2025-07-04,108034.3359375,108125.0,6.050000190734863,12.25,18.0,97.18000030517578,16.81999969482422,17.65999984741211,493.95721435546875,158.95021057128906,553.553955078125,12.170000076293945,26.0889949798584,5.260000228881836,16.3799991607666,97.18000030517578,0.01007058302861612
2025-07-05,108231.1796875,108125.0,6.050000190734863,12.25,18.0,97.18000030517578,16.81999969482422,17.65999984741211,493.95721435546875,158.95021057128906,553.553955078125,12.170000076293945,26.0889949798584,5.260000228881836,16.3799991607666,97.18000030517578,-0.011772543306641578
2025-07-06,109232.0703125,108125.0,6.050000190734863,12.25,18.0,97.18000030517578,16.81999969482422,17.65999984741211,493.95721435546875,158.95021057128906,553.553955078125,12.170000076293945,26.0889949798584,5.260000228881836,16.3799991607666,97.18000030517578,-0.12162036032086215
2025-07-07,108299.8515625,108455.0,5.789999961853027,11.329999923706055,14.829999923706055,97.4800033569336,16.950000762939453,16.75,492.84814453125,157.85289001464844,549.3840942382812,11.550000190734863,26.176023483276367,4.800000190734863,17.790000915527344,97.4800033569336,0.017190986166085033
2025-07-08,108950.2734375,109215.0,6.03000020980835,11.600000381469727,14.020000457763672,97.51000213623047,16.889999389648438,17.520000457763672,491.7588806152344,159.60858154296875,549.6925659179688,11.569999694824219,26.195363998413086,4.820000171661377,16.809999465942383,97.51000213623047,0.029157510575889875
2025-07-09,111326.5546875,112245.0,6.260000228881836,12.470000267028809,13.430000305175781,97.47000122070312,16.959999084472656,18.459999084472656,498.5814514160156,162.48153686523438,553.5838012695312,12.239999771118164,26.195363998413086,4.929999828338623,15.9399995803833,97.47000122070312,0.09900013326503763
2025-07-10,115987.203125,113870.0,6.239999771118164,12.899999618530273,13.180000305175781,97.6500015258789,17.030000686645508,19.0,496.5713195800781,163.6985626220703,552.7876586914062,12.59000015258789,26.243711471557617,5.130000114440918,15.779999732971191,97.6500015258789,-0.21904517753238134
2025-07-11,117516.9921875,118530.0,5.869999885559082,12.649999618530273,12.510000228881836,97.8499984741211,16.229999542236328,19.139999389648438,498.3933410644531,164.5165557861328,551.5436401367188,12.420000076293945,26.321069717407227,4.889999866485596,16.399999618530273,97.8499984741211,0.10344115794424677
2025-07-12,117435.2265625,118530.0,5.869999885559082,12.649999618530273,12.510000228881836,97.8499984741211,16.229999542236328,19.139999389648438,498.3933410644531,164.5165557861328,551.5436401367188,12.420000076293945,26.321069717407227,4.889999866485596,16.399999618530273,97.8499984741211,0.11186831783398679
2025-07-13,119116.1171875,118530.0,5.869999885559082,12.649999618530273,12.510000228881836,97.8499984741211,16.229999542236328,19.139999389648438,498.3933410644531,164.5165557861328,551.5436401367188,12.420000076293945,26.321069717407227,4.889999866485596,16.399999618530273,97.8499984741211,-0.05904663798710594
2025-07-14,119849.703125,120235.0,6.03000020980835,12.600000381469727,13.5600004196167,98.08000183105469,17.280000686645508,19.209999084472656,498.09625244140625,163.66864013671875,553.5440673828125,12.510000228881836,26.38875961303711,5.110000133514404,17.200000762939453,98.08000183105469,0.03857800544718704
2025-07-15,117777.1875,116740.0,5.96999979019165,12.1899995803833,13.760000228881836,98.62000274658203,16.8799991607666,18.760000228881836,500.8688659667969,170.28240966796875,554.0515747070312,12.100000381469727,26.53380584716797,4.869999885559082,17.3799991607666,98.62000274658203,-0.10567623717453772
2025-07-16,118738.5078125,119630.0,6.269999980926514,12.569999694824219,13.920000076293945,98.38999938964844,17.309999465942383,19.440000534057617,500.6708068847656,170.95077514648438,554.6187744140625,12.569999694824219,26.43710708618164,5.25,17.15999984741211,98.38999938964844,0.09009635077184114
2025-07-17,119289.84375,119290.0,6.420000076293945,12.979999542236328,13.470000267028809,98.7300033569336,18.049999237060547,19.969999313354492,506.6913146972656,172.5767822265625,559.1072387695312,13.329999923706055,26.553142547607422,5.360000133514404,16.520000457763672,98.7300033569336,1.571801874373735e-05
2025-07-18,118003.2265625,117565.0,6.360000133514404,12.779999732971191,13.350000381469727,98.4800033569336,17.940000534057617,19.510000228881836,505.0574645996094,171.98822021484375,558.56982421875,13.859999656677246,26.51446533203125,5.130000114440918,16.40999984741211,98.4800033569336,-0.04456419458339758
2025-07-19,117939.9765625,117565.0,6.360000133514404,12.779999732971191,13.350000381469727,98.4800033569336,17.940000534057617,19.510000228881836,505.0574645996094,171.98822021484375,558.56982421875,13.859999656677246,26.51446533203125,5.130000114440918,16.40999984741211,98.4800033569336,-0.03815261695948754
2025-07-20,117300.7890625,117565.0,6.360000133514404,12.779999732971191,13.350000381469727,98.4800033569336,17.940000534057617,19.510000228881836,505.0574645996094,171.98822021484375,558.56982421875,13.859999656677246,26.51446533203125,5.130000114440918,16.40999984741211,98.4800033569336,0.02702907009696826
2025-07-21,117439.5390625,116820.0,6.25,12.390000343322754,13.270000457763672,97.8499984741211,18.149999618530273,18.829999923706055,505.06732177734375,170.9607696533203,561.4658813476562,14.020000457763672,26.340410232543945,4.989999771118164,16.649999618530273,97.8499984741211,-0.06330464858213944
2025-07-22,119995.4140625,119505.0,6.940000057220459,12.84000015258789,13.479999542236328,97.38999938964844,18.59000015258789,19.8799991607666,500.32421875,166.6213836669922,558.5598754882812,14.270000457763672,26.205034255981445,5.260000228881836,16.5,97.38999938964844,-0.04904328049515955
2025-07-23,118754.9609375,118555.0,6.679999828338623,12.449999809265137,13.489999771118164,97.20999908447266,18.989999771118164,17.56999969482422,500.9183654785156,170.36221313476562,561.1076049804688,14.34000015258789,26.166353225708008,5.199999809265137,15.369999885559082,97.20999908447266,-0.020205734826209562
2025-07-24,118368.0,119035.0,6.650000095367432,12.34000015258789,13.6899995803833,97.37999725341797,18.139999389648438,17.260000228881836,505.8793029785156,173.3149871826172,562.3018188476562,14.6899995803833,26.234041213989258,5.320000171661377,15.390000343322754,97.37999725341797,0.06761962692619627
2025-07-25,117635.8828125,115485.0,6.46999979019165,11.819999694824219,13.760000228881836,97.6500015258789,17.719999313354492,17.25,508.6816711425781,173.0755615234375,563.6553344726562,14.539999961853027,26.29206085205078,5.170000076293945,14.930000305175781,97.6500015258789,-0.21941089005248118
2025-07-26,117947.3671875,115485.0,6.46999979019165,11.819999694824219,13.760000228881836,97.6500015258789,17.719999313354492,17.25,508.6816711425781,173.0755615234375,563.6553344726562,14.539999961853027,26.29206085205078,5.170000076293945,14.930000305175781,97.6500015258789,-0.25052196547148975
2025-07-27,119448.4921875,115485.0,6.46999979019165,11.819999694824219,13.760000228881836,97.6500015258789,17.719999313354492,17.25,508.6816711425781,173.0755615234375,563.6553344726562,14.539999961853027,26.29206085205078,5.170000076293945,14.930000305175781,97.6500015258789,-0.3981792099588951
2025-07-28,117924.4765625,119010.0,6.159999847412109,12.029999732971191,13.744999885559082,98.66000366210938,16.579999923706055,17.15999984741211,507.48345947265625,176.317626953125,565.4168701171875,14.510000228881836,26.59182357788086,5.099999904632568,15.029999732971191,98.66000366210938,0.11046291346560329
2025-07-29,117922.1484375,118295.0,5.679999828338623,11.729999542236328,13.1899995803833,98.91000366210938,15.789999961853027,16.610000610351562,507.55279541015625,175.08062744140625,564.5410766601562,13.600000381469727,26.65951156616211,5.21999979019165,15.979999542236328,98.91000366210938,0.0379421407198274
2025-07-30,117831.1875,117620.0,5.449999809265137,11.420000076293945,13.055000305175781,99.94000244140625,16.139999389648438,16.549999237060547,508.2162170410156,178.8314666748047,565.2974243164062,13.520000457763672,26.920595169067383,5.010000228881836,15.479999542236328,99.94000244140625,-0.02150746380282385
2025-07-31,115758.203125,117435.0,5.460000038146973,11.369999885559082,13.539999961853027,100.02999877929688,16.110000610351562,16.079999923706055,528.2778930664062,177.4348602294922,562.3018188476562,13.40999984741211,26.978612899780273,5.159999847412109,16.719999313354492,100.02999877929688,0.17382407429279106
2025-08-01,113320.0859375,113570.0,4.929999828338623,10.4399995803833,12.649999618530273,98.69000244140625,15.399999618530273,15.5,518.9798583984375,173.29501342773438,551.2252197265625,11.029999732971191,26.65951156616211,4.760000228881836,20.3799991607666,98.69000244140625,0.02646458238351528
2025-08-02,112526.9140625,113570.0,4.929999828338623,10.4399995803833,12.649999618530273,98.69000244140625,15.399999618530273,15.5,518.9798583984375,173.29501342773438,551.2252197265625,11.029999732971191,26.65951156616211,4.760000228881836,20.3799991607666,98.69000244140625,0.11123588835865308
2025-08-03,114217.671875,113570.0,4.929999828338623,10.4399995803833,12.649999618530273,98.69000244140625,15.399999618530273,15.5,518.9798583984375,173.29501342773438,551.2252197265625,11.029999732971191,26.65951156616211,4.760000228881836,20.3799991607666,98.69000244140625,-0.06804605953188889
2025-08-04,115071.8828125,115285.0,5.190000057220459,10.619999885559082,13.649999618530273,98.77999877929688,16.479999542236328,16.040000915527344,530.39697265625,179.5596466064453,561.3961791992188,11.420000076293945,26.64984130859375,4.889999866485596,17.520000457763672,98.77999877929688,0.022224423442928097
2025-08-05,114141.4453125,114155.0,5.010000228881836,10.829999923706055,14.079999923706055,98.77999877929688,16.450000762939453,15.619999885559082,522.5841674804688,177.82391357421875,557.5845336914062,11.130000114440918,26.64984130859375,5.059999942779541,17.850000381469727,98.77999877929688,0.0014250410931338276
2025-08-06,115028.0,115830.0,5.210000038146973,11.0,14.109999656677246,98.18000030517578,18.31999969482422,15.890000343322754,519.8017578125,178.98106384277344,564.600830078125,11.65999984741211,26.49512481689453,5.150000095367432,16.770000457763672,98.18000030517578,0.08366658552700212
2025-08-07,117496.8984375,118165.0,4.869999885559082,10.720000267028809,14.350000381469727,98.4000015258789,18.56999969482422,15.949999809265137,515.7418823242188,180.32778930664062,566.5115356445312,11.579999923706055,26.475786209106445,4.940000057220459,16.56999969482422,98.4000015258789,0.06823345004519069
2025-08-08,116688.7265625,116955.0,4.75,10.069999694824219,14.40999984741211,98.18000030517578,18.450000762939453,15.380000114440918,516.9301147460938,182.2530517578125,571.7960815429688,11.079999923706055,26.52413558959961,5.03000020980835,15.149999618530273,98.18000030517578,0.027382947300299533
2025-08-09,116500.359375,116955.0,4.75,10.069999694824219,14.40999984741211,98.18000030517578,18.450000762939453,15.380000114440918,516.9301147460938,182.2530517578125,571.7960815429688,11.079999923706055,26.52413558959961,5.03000020980835,15.149999618530273,98.18000030517578,0.0468297911634661
2025-08-10,119306.7578125,116955.0,4.75,10.069999694824219,14.40999984741211,98.18000030517578,18.450000762939453,15.380000114440918,516.9301147460938,182.2530517578125,571.7960815429688,11.079999923706055,26.52413558959961,5.03000020980835,15.149999618530273,98.18000030517578,-0.2365422903734563
2025-08-11,118731.4453125,119465.0,4.760000228881836,9.869999885559082,14.529999732971191,98.5199966430664,17.969999313354492,15.65999984741211,516.6627807617188,181.6146240234375,570.104248046875,11.109999656677246,26.630502700805664,5.400000095367432,16.25,98.5199966430664,0.07413921583142102
2025-08-12,120172.90625,120155.0,4.71999979019165,9.920000076293945,15.109999656677246,98.0999984741211,17.829999923706055,15.720000267028809,524.0595703125,182.71192932128906,577.2697143554688,11.4399995803833,26.49512481689453,5.239999771118164,14.729999542236328,98.0999984741211,-0.0017880486268093394
2025-08-13,123344.0625,123430.0,4.900000095367432,9.970000267028809,13.850000381469727,97.83999633789062,17.729999542236328,15.859999656677246,515.4844360351562,181.14578247070312,577.558349609375,11.59000015258789,26.42743682861328,5.460000038146973,14.489999771118164,97.83999633789062,0.00836075915693145
2025-08-14,118359.578125,118415.0,5.320000171661377,9.949999809265137,13.835000038146973,98.25,19.079999923706055,15.75,517.36572265625,181.57472229003906,577.110595703125,12.25,26.52413558959961,8.710000038146973,14.829999923706055,98.25,0.00561900025782134
2025-08-15,117398.3515625,117235.0,5.210000038146973,9.75,14.130000114440918,97.8499984741211,19.690000534057617,15.670000076293945,515.078369140625,180.00857543945312,574.57275390625,11.329999923706055,26.43710708618164,8.970000267028809,15.09000015258789,97.8499984741211,-0.01669715736133167
2025-08-16,117491.3515625,117235.0,5.210000038146973,9.75,14.130000114440918,97.8499984741211,19.690000534057617,15.670000076293945,515.078369140625,180.00857543945312,574.57275390625,11.329999923706055,26.43710708618164,8.970000267028809,15.09000015258789,97.8499984741211,-0.026182512236771684
2025-08-17,117453.0625,117235.0,5.210000038146973,9.75,14.130000114440918,97.8499984741211,19.690000534057617,15.670000076293945,515.078369140625,180.00857543945312,574.57275390625,11.329999923706055,26.43710708618164,8.970000267028809,15.09000015258789,97.8499984741211,-0.022279112560389815
2025-08-18,116252.3125,116600.0,6.050000190734863,9.84000015258789,14.529999732971191,98.16999816894531,20.704999923706055,16.09000015258789,512.0383911132812,181.56472778320312,574.3438110351562,12.319999694824219,26.50479507446289,9.380000114440918,14.989999771118164,98.16999816894531,0.03588960864756992
2025-08-19,112831.1796875,113235.0,5.760000228881836,9.359999656677246,14.350000381469727,98.2699966430664,18.729999542236328,15.170000076293945,504.7801818847656,175.2103271484375,566.5513305664062,11.960000038146973,26.57248306274414,8.779999732971191,15.569999694824219,98.2699966430664,0.04294773628549456
2025-08-20,114274.7421875,114465.0,5.949999809265137,9.489999771118164,14.079999923706055,98.22000122070312,19.760000228881836,15.449999809265137,500.76983642578125,174.9709014892578,563.1876220703125,12.520000457763672,26.553142547607422,9.279999732971191,15.6899995803833,98.22000122070312,0.019978988412451982
2025-08-21,112419.03125,112285.0,5.900000095367432,9.329999923706055,13.789999961853027,98.62000274658203,19.59000015258789,15.510000228881836,500.1250915527344,174.5519256591797,560.5802001953125,12.270000457763672,26.688520431518555,9.1899995803833,16.600000381469727,98.62000274658203,-0.014306963706378675
2025-08-22,116874.0859375,116850.0,6.380000114440918,9.819999694824219,13.550000190734863,97.72000122070312,21.43000030517578,16.290000915527344,503.09075927734375,177.55458068847656,569.2284545898438,13.220000267028809,26.42743682861328,9.15999984741211,14.220000267028809,97.72000122070312,-0.0024730139934917936
2025-08-23,115374.328125,116850.0,6.380000114440918,9.819999694824219,13.550000190734863,97.72000122070312,21.43000030517578,16.290000915527344,503.09075927734375,177.55458068847656,569.2284545898438,13.220000267028809,26.42743682861328,9.15999984741211,14.220000267028809,97.72000122070312,0.15348355901855876
2025-08-24,113458.4296875,116850.0,6.380000114440918,9.819999694824219,13.550000190734863,97.72000122070312,21.43000030517578,16.290000915527344,503.09075927734375,177.55458068847656,569.2284545898438,13.220000267028809,26.42743682861328,9.15999984741211,14.220000267028809,97.72000122070312,0.35871150219597914
2025-08-25,110124.3515625,110910.0,6.639999866485596,9.449999809265137,13.680000305175781,98.43000030517578,23.1200008392334,15.399999618530273,500.1449890136719,179.3701171875,567.5863647460938,13.279999732971191,26.64017105102539,8.930000305175781,14.789999961853027,98.43000030517578,0.08561032247848792
2025-08-26,111802.65625,111230.0,7.119999885559082,9.680000305175781,14.039999961853027,98.2300033569336,22.989999771118164,15.84000015258789,497.943115234375,181.32533264160156,569.8654174804688,13.6899995803833,26.57248306274414,9.239999771118164,14.619999885559082,98.2300033569336,-0.061464326792325205
2025-08-27,111222.0625,112220.0,6.989999771118164,9.579999923706055,14.199999809265137,98.2300033569336,22.354999542236328,15.850000381469727,502.6047058105469,181.15574645996094,570.7412719726562,13.550000190734863,26.5821533203125,9.130000114440918,14.850000381469727,98.2300033569336,0.10766973504020391
2025-08-28,112544.8046875,112025.0,7.019999980926514,9.550000190734863,14.350000381469727,97.80999755859375,23.040000915527344,15.960000038146973,505.4810791015625,179.729248046875,574.3140258789062,13.800000190734863,26.485454559326172,9.4399995803833,14.430000305175781,97.80999755859375,-0.05542376005111853
2025-08-29,108410.8359375,108654.0,7.639999866485596,9.470000267028809,14.350000381469727,97.7699966430664,26.479999542236328,15.979999542236328,502.5551452636719,173.75389099121094,567.666015625,13.760000228881836,26.46611785888672,9.449999809265137,15.359999656677246,97.7699966430664,0.026915840328749427
2025-08-30,108808.0703125,108654.0,7.639999866485596,9.470000267028809,14.350000381469727,97.7699966430664,26.479999542236328,15.979999542236328,502.5551452636719,173.75389099121094,567.666015625,13.760000228881836,26.46611785888672,9.449999809265137,15.359999656677246,97.7699966430664,-0.016991788795537553
2025-08-31,108236.7109375,108654.0,7.639999866485596,9.470000267028809,14.350000381469727,97.7699966430664,26.479999542236328,15.979999542236328,502.5551452636719,173.75389099121094,567.666015625,13.760000228881836,26.46611785888672,9.449999809265137,15.359999656677246,97.7699966430664,0.04626405132443005
2025-09-01,109250.59375,108654.0,7.639999866485596,9.470000267028809,14.350000381469727,97.7699966430664,26.479999542236328,15.979999542236328,502.5551452636719,173.75389099121094,567.666015625,13.760000228881836,26.46611785888672,9.449999809265137,15.359999656677246,97.7699966430664,-0.06552939214575207
2025-09-02,111200.5859375,111385.0,8.319999694824219,9.640000343322754,14.0,98.4000015258789,29.110000610351562,16.059999465942383,500.9979248046875,170.36221313476562,562.908935546875,14.09000015258789,26.64017105102539,9.630000114440918,17.170000076293945,98.4000015258789,0.019900693250337668
2025-09-03,111723.2109375,112830.0,8.109999656677246,9.4399995803833,13.579999923706055,98.13999938964844,28.209999084472656,15.890000343322754,501.22607421875,170.20262145996094,567.3375854492188,13.449999809265137,26.59182357788086,8.979999542236328,16.350000381469727,98.13999938964844,0.11887833010304275
2025-09-04,110723.6015625,110245.0,7.400000095367432,9.079999923706055,13.619999885559082,98.3499984741211,26.1299991607666,15.109999656677246,503.82470703125,171.2400665283203,572.472900390625,13.15999984741211,26.630502700805664,8.869999885559082,15.300000190734863,98.3499984741211,-0.051869869377019255
2025-09-05,110650.984375,111955.0,7.519999980926514,9.239999771118164,13.619999885559082,97.7699966430664,26.149999618530273,15.1899995803833,490.9605407714844,166.61141967773438,573.2988891601562,13.289999961853027,26.49512481689453,9.130000114440918,15.180000305175781,97.7699966430664,0.14141932481113545
2025-09-06,110224.6953125,111955.0,7.519999980926514,9.239999771118164,13.619999885559082,97.7699966430664,26.149999618530273,15.1899995803833,490.9605407714844,166.61141967773438,573.2988891601562,13.289999961853027,26.49512481689453,9.130000114440918,15.180000305175781,97.7699966430664,0.18837571917193863
2025-09-07,111167.6171875,111955.0,7.519999980926514,9.239999771118164,13.619999885559082,97.7699966430664,26.149999618530273,15.1899995803833,490.9605407714844,166.61141967773438,573.2988891601562,13.289999961853027,26.49512481689453,9.130000114440918,15.180000305175781,97.7699966430664,0.08499411959207151
2025-09-08,112071.4296875,112480.0,7.71999979019165,9.170000076293945,13.930000305175781,97.44999694824219,26.190000534057617,15.199999809265137,494.1344299316406,167.8982696533203,576.0953979492188,13.4399995803833,26.408098220825195,9.199999809265137,15.109999656677246,97.44999694824219,0.04374749000410801
2025-09-09,111530.546875,111695.0,9.220000267028809,9.670000076293945,14.529999732971191,97.79000091552734,30.190000534057617,15.930000305175781,494.3427429199219,170.34225463867188,577.7276000976562,15.210000038146973,26.51446533203125,10.300000190734863,15.039999961853027,97.79000091552734,0.01769414349067765
2025-09-10,113955.359375,113975.0,10.25,10.029999732971191,15.989999771118164,97.77999877929688,33.630001068115234,15.859999656677246,496.2867126464844,176.8961944580078,577.9166259765625,16.399999618530273,26.53380584716797,10.550000190734863,15.350000381469727,97.77999877929688,0.002068244102714015
2025-09-11,115507.5390625,114930.0,9.970000267028809,10.199999809265137,15.550000190734863,97.54000091552734,32.849998474121094,15.710000038146973,496.9215087890625,176.74655151367188,581.2803955078125,15.649999618530273,26.44677734375,10.640000343322754,14.710000038146973,97.54000091552734,-0.06000014203618338
2025-09-12,116101.578125,117265.0,10.850000381469727,10.350000381469727,15.859999656677246,97.55000305175781,33.959999084472656,16.309999465942383,505.73895263671875,177.39498901367188,583.8480834960938,15.890000343322754,26.485454559326172,10.760000228881836,14.760000228881836,97.55000305175781,0.12024868848009038
2025-09-13,115950.5078125,117265.0,10.850000381469727,10.350000381469727,15.859999656677246,97.55000305175781,33.959999084472656,16.309999465942383,505.73895263671875,177.39498901367188,583.8480834960938,15.890000343322754,26.485454559326172,10.760000228881836,14.760000228881836,97.55000305175781,0.13603999281751744
2025-09-14,115407.65625,117265.0,10.850000381469727,10.350000381469727,15.859999656677246,97.55000305175781,33.959999084472656,16.309999465942383,505.73895263671875,177.39498901367188,583.8480834960938,15.890000343322754,26.485454559326172,10.760000228881836,14.760000228881836,97.55000305175781,0.1931251853145575
2025-09-15,115444.875,115575.0,10.850000381469727,10.289999961853027,16.31999969482422,97.30000305175781,37.13999938964844,16.239999771118164,511.1543884277344,177.32516479492188,588.8440551757812,16.68000030517578,26.398427963256836,10.489999771118164,15.6899995803833,97.30000305175781,0.01352593607988228
2025-09-16,116843.1875,117090.0,11.510000228881836,11.199999809265137,16.18000030517578,96.62999725341797,36.45000076293945,17.530000686645508,504.8859558105469,174.46202087402344,588.3463745117188,17.520000457763672,26.234041213989258,10.9399995803833,16.360000610351562,96.62999725341797,0.025348076027111123
2025-09-17,116468.5078125,115825.0,12.380000114440918,11.4399995803833,16.270000457763672,96.87000274658203,37.900001525878906,17.34000015258789,505.85797119140625,169.88299560546875,587.1720581054688,17.6200008392334,26.321069717407227,11.350000381469727,15.720000267028809,96.87000274658203,-0.06630198922468916
2025-09-18,117137.203125,117770.0,11.850000381469727,13.460000038146973,16.75,97.3499984741211,36.31999969482422,18.5,504.3008117675781,175.81878662109375,592.466552734375,17.510000228881836,26.44677734375,11.170000076293945,15.699999809265137,97.3499984741211,0.06482622341508976
2025-09-19,115688.859375,115265.0,12.279999732971191,13.619999885559082,16.6200008392334,97.63999938964844,38.63999938964844,18.290000915527344,513.703369140625,176.24774169921875,596.4772338867188,17.459999084472656,26.52413558959961,10.979999542236328,15.449999809265137,97.63999938964844,-0.04396544773177301
2025-09-20,115721.9609375,115265.0,12.279999732971191,13.619999885559082,16.6200008392334,97.63999938964844,38.63999938964844,18.290000915527344,513.703369140625,176.24774169921875,596.4772338867188,17.459999084472656,26.52413558959961,10.979999542236328,15.449999809265137,97.63999938964844,-0.047385398636319236
2025-09-21,115306.09375,115265.0,12.279999732971191,13.619999885559082,16.6200008392334,97.63999938964844,38.63999938964844,18.290000915527344,513.703369140625,176.24774169921875,596.4772338867188,17.459999084472656,26.52413558959961,10.979999542236328,15.449999809265137,97.63999938964844,-0.004276660356469668
2025-09-22,112748.5078125,112250.0,13.960000038146973,13.739999771118164,17.170000076293945,97.33000183105469,41.900001525878906,18.350000381469727,510.25177001953125,183.17115783691406,600.0083618164062,17.5,26.42743682861328,11.489999771118164,16.100000381469727,97.33000183105469,-0.05305696603939257
2025-09-23,112014.5,111715.0,14.149999618530273,13.90999984741211,17.0,97.26000213623047,41.77000045776367,17.709999084472656,505.074462890625,178.0035400390625,596.02294921875,17.06999969482422,26.408098220825195,11.239999771118164,16.639999389648438,97.26000213623047,-0.03208513183561057
2025-09-24,113328.6328125,113480.0,14.140000343322754,14.449999809265137,17.010000228881836,97.87000274658203,47.13999938964844,17.639999389648438,505.9869079589844,176.54702758789062,593.9305419921875,17.989999771118164,26.60149383544922,11.399999618530273,16.18000030517578,97.87000274658203,0.016027778725657166
2025-09-25,109049.2890625,109385.0,11.65999984741211,13.680000305175781,16.84000015258789,98.55000305175781,46.290000915527344,16.06999969482422,502.8923645019531,177.2653045654297,591.3699340820312,16.739999771118164,26.785219192504883,10.970000267028809,16.739999771118164,98.55000305175781,0.036942297236721156
2025-09-26,109712.828125,109196.0,11.470000267028809,12.960000038146973,16.850000381469727,98.1500015258789,41.86000061035156,16.1299991607666,507.28619384765625,177.7641143798828,593.801025390625,17.690000534057617,26.688520431518555,10.829999923706055,15.289999961853027,98.1500015258789,-0.056528827175377314
2025-09-27,109681.9453125,109196.0,11.470000267028809,12.960000038146973,16.850000381469727,98.1500015258789,41.86000061035156,16.1299991607666,507.28619384765625,177.7641143798828,593.801025390625,17.690000534057617,26.688520431518555,10.829999923706055,15.289999961853027,98.1500015258789,-0.05316594024099083
2025-09-28,112122.640625,109196.0,11.470000267028809,12.960000038146973,16.850000381469727,98.1500015258789,41.86000061035156,16.1299991607666,507.28619384765625,177.7641143798828,593.801025390625,17.690000534057617,26.688520431518555,10.829999923706055,15.289999961853027,98.1500015258789,-0.3132256545532104
2025-09-29,114400.3828125,115230.0,12.649999618530273,14.869999885559082,17.329999923706055,97.91000366210938,45.93000030517578,18.65999984741211,510.4005432128906,181.41537475585938,596.5509643554688,19.780000686645508,26.630502700805664,11.600000381469727,16.1200008392334,97.91000366210938,0.08702249070544385
2025-09-30,114056.0859375,115185.0,12.59000015258789,14.5,17.940000534057617,97.7699966430664,46.93000030517578,18.260000228881836,513.7232666015625,186.13406372070312,598.18505859375,19.030000686645508,26.60149383544922,11.420000076293945,16.280000686645508,97.7699966430664,0.11877462424428115
2025-10-01,118648.9296875,118285.0,12.600000381469727,14.59000015258789,17.969999313354492,97.70999908447266,47.08000183105469,18.610000610351562,515.4689331054688,186.79248046875,601.0545043945312,18.93000030517578,26.59182357788086,11.470000267028809,16.290000915527344,97.70999908447266,-0.036807380070787876
2025-10-02,120681.2578125,121910.0,13.8100004196167,15.140000343322754,18.100000381469727,97.8499984741211,47.02000045776367,18.790000915527344,511.53131103515625,188.4385528564453,603.5254516601562,19.25,26.630502700805664,11.579999923706055,16.6299991607666,97.8499984741211,0.12218058145291176
2025-10-03,122266.53125,123635.0,14.699999809265137,15.9399995803833,17.81999969482422,97.72000122070312,50.459999084472656,18.81999969482422,513.1281127929688,187.1715545654297,600.9848022460938,19.440000534057617,26.5821533203125,11.920000076293945,16.649999618530273,97.72000122070312,0.13431005878806265
2025-10-04,122425.4296875,123635.0,14.699999809265137,15.9399995803833,17.81999969482422,97.72000122070312,50.459999084472656,18.81999969482422,513.1281127929688,187.1715545654297,600.9848022460938,19.440000534057617,26.5821533203125,11.920000076293945,16.649999618530273,97.72000122070312,0.11856069271760136
2025-10-05,123513.4765625,123635.0,14.699999809265137,15.9399995803833,17.81999969482422,97.72000122070312,50.459999084472656,18.81999969482422,513.1281127929688,187.1715545654297,600.9848022460938,19.440000534057617,26.5821533203125,11.920000076293945,16.649999618530273,97.72000122070312,0.011806656978536945
2025-10-06,124752.53125,126315.0,15.34000015258789,17.43000030517578,17.90999984741211,98.11000061035156,57.75,20.56999969482422,524.256591796875,185.09654235839844,605.498291015625,21.559999465942383,26.707860946655273,11.970000267028809,16.3700008392334,98.11000061035156,0.15029454562670447
2025-10-07,121451.3828125,122355.0,15.75,17.959999084472656,17.100000381469727,98.58000183105469,61.68000030517578,20.25,519.7040405273438,184.5977325439453,602.3099365234375,21.469999313354492,26.862577438354492,12.100000381469727,17.239999771118164,98.58000183105469,0.08928186735214329
2025-10-08,123354.8671875,124070.0,17.600000381469727,18.979999542236328,17.530000686645508,98.8499984741211,60.09000015258789,20.200000762939453,520.56689453125,188.6580047607422,609.2147827148438,21.989999771118164,26.920595169067383,12.300000190734863,16.299999237060547,98.8499984741211,0.06956834331438204
2025-10-09,121705.5859375,121620.0,17.989999771118164,20.09000015258789,18.040000915527344,99.54000091552734,63.849998474121094,20.200000762939453,518.136962890625,192.1097412109375,608.4774169921875,22.280000686645508,27.104320526123047,13.59000015258789,16.43000030517578,99.54000091552734,-0.008438653346013352
2025-10-10,113214.3671875,116990.0,16.969999313354492,19.280000686645508,18.520000457763672,98.9800033569336,59.77000045776367,18.649999618530273,506.790283203125,182.72222900390625,587.3546142578125,21.010000228881836,26.968942642211914,13.510000228881836,21.65999984741211,98.9800033569336,0.40019296910403446
2025-10-11,110807.8828125,116990.0,16.969999313354492,19.280000686645508,18.520000457763672,98.9800033569336,59.77000045776367,18.649999618530273,506.790283203125,182.72222900390625,587.3546142578125,21.010000228881836,26.968942642211914,13.510000228881836,21.65999984741211,98.9800033569336,0.6694957467559456
2025-10-12,115169.765625,116990.0,16.969999313354492,19.280000686645508,18.520000457763672,98.9800033569336,59.77000045776367,18.649999618530273,506.790283203125,182.72222900390625,587.3546142578125,21.010000228881836,26.968942642211914,13.510000228881836,21.65999984741211,98.9800033569336,0.18965752323506127
2025-10-13,115271.078125,116380.0,20.34000015258789,20.040000915527344,19.209999084472656,99.2699966430664,64.13999938964844,20.239999771118164,509.8550720214844,187.86990356445312,599.8190307617188,21.700000762939453,27.065641403198242,14.0,19.030000686645508,99.2699966430664,0.11544146820219567
2025-10-14,113118.6640625,113085.0,20.889999389648438,21.979999542236328,18.940000534057617,99.05000305175781,69.55999755859375,22.239999771118164,509.37896728515625,179.59971618652344,595.8236083984375,22.190000534057617,26.988283157348633,15.460000038146973,20.809999465942383,99.05000305175781,-0.0035711944916251865
2025-10-15,110783.1640625,111550.0,21.030000686645508,23.200000762939453,19.940000534057617,98.79000091552734,67.9800033569336,22.84000015258789,509.2401123046875,179.4001922607422,600.0281982421875,22.1299991607666,26.910924911499023,15.470000267028809,20.639999389648438,98.79000091552734,0.08306344495458295
2025-10-16,108186.0390625,108445.0,18.719999313354492,19.989999771118164,19.670000076293945,98.38999938964844,61.83000183105469,20.270000457763672,507.4349670410156,181.37545776367188,597.8063354492188,19.549999237060547,26.80455780029297,13.859999656677246,25.309999465942383,98.38999938964844,0.028723958071935257
2025-10-17,106467.7890625,106675.0,18.760000228881836,19.524999618530273,19.0,98.43000030517578,60.720001220703125,19.56999969482422,509.38897705078125,182.7821044921875,601.7320556640625,20.030000686645508,26.833566665649414,13.930000305175781,20.780000686645508,98.43000030517578,0.023354774922021967
2025-10-18,107198.265625,106675.0,18.760000228881836,19.524999618530273,19.0,98.43000030517578,60.720001220703125,19.56999969482422,509.38897705078125,182.7821044921875,601.7320556640625,20.030000686645508,26.833566665649414,13.930000305175781,20.780000686645508,98.43000030517578,-0.05857545794598765
2025-10-19,108666.7109375,106675.0,18.760000228881836,19.524999618530273,19.0,98.43000030517578,60.720001220703125,19.56999969482422,509.38897705078125,182.7821044921875,601.7320556640625,20.030000686645508,26.833566665649414,13.930000305175781,20.780000686645508,98.43000030517578,-0.21994344950540062
2025-10-20,110588.9296875,111075.0,19.90999984741211,20.399999618530273,18.809999465942383,98.58999633789062,59.220001220703125,20.729999542236328,512.5726928710938,182.20347595214844,609.3142700195312,22.010000228881836,26.901254653930664,13.850000381469727,18.229999542236328,98.58999633789062,0.05274346868608218
2025-10-21,108476.890625,112105.0,18.075000762939453,18.770000457763672,19.229999542236328,98.93000030517578,55.19499969482422,20.06999969482422,513.4356079101562,180.72702026367188,609.1549682617188,20.670000076293945,27.00762367248535,13.140000343322754,17.8700008392334,98.93000030517578,0.40135103660471466
2025-10-22,107688.5859375,107945.0,16.110000610351562,16.860000610351562,17.799999237060547,98.9000015258789,51.83000183105469,19.149999618530273,516.2921142578125,179.84910583496094,603.286376953125,18.989999771118164,26.978612899780273,12.619999885559082,18.600000381469727,98.9000015258789,0.02857284013169049
2025-10-23,110069.7265625,110420.0,17.2549991607666,17.670000076293945,18.059999465942383,98.94000244140625,55.86000061035156,19.219999313354492,516.3119506835938,181.72463989257812,608.3578491210938,20.489999771118164,26.988283157348633,12.880000114440918,17.299999237060547,98.94000244140625,0.038187441554270465
2025-10-24,111033.921875,110740.0,20.65999984741211,19.364999771118164,19.34000015258789,98.94999694824219,62.900001525878906,19.540000915527344,519.3370361328125,185.81480407714844,614.8540649414062,21.420000076293945,26.988283157348633,13.710000038146973,16.3700008392334,98.94999694824219,-0.03176563018255542
2025-10-25,111641.7265625,110740.0,20.65999984741211,19.364999771118164,19.34000015258789,98.94999694824219,62.900001525878906,19.540000915527344,519.3370361328125,185.81480407714844,614.8540649414062,21.420000076293945,26.988283157348633,13.710000038146973,16.3700008392334,98.94999694824219,-0.09692360628212135
2025-10-26,114472.4453125,110740.0,20.65999984741211,19.364999771118164,19.34000015258789,98.94999694824219,62.900001525878906,19.540000915527344,519.3370361328125,185.81480407714844,614.8540649414062,21.420000076293945,26.988283157348633,13.710000038146973,16.3700008392334,98.94999694824219,-0.3912674672732719
2025-10-27,114119.328125,115070.0,20.540000915527344,20.200000762939453,19.8700008392334,98.77999877929688,64.98999786376953,19.559999465942383,527.1825561523438,191.03233337402344,625.8041381835938,23.0,26.959272384643555,13.640000343322754,15.789999961853027,98.77999877929688,0.09996608539005977
2025-10-28,112956.1640625,113745.0,19.959999084472656,19.149999618530273,20.09000015258789,98.69000244140625,62.41999816894531,18.8799991607666,537.6464233398438,200.54953002929688,630.6165771484375,21.55500030517578,26.9399356842041,15.9399995803833,16.420000076293945,98.69000244140625,0.08380269752044989
2025-10-29,110055.3046875,110630.0,19.59000015258789,18.889999389648438,20.770000457763672,99.22000122070312,60.41999816894531,18.8799991607666,537.1306762695312,206.545166015625,633.4562377929688,22.170000076293945,27.094650268554688,14.5,16.920000076293945,99.22000122070312,0.06266252925819468
2025-10-30,108305.546875,106440.0,19.06999969482422,17.690000534057617,20.739999771118164,99.52999877929688,58.220001220703125,17.760000228881836,521.469482421875,202.4050750732422,623.7715454101562,21.09000015258789,27.201017379760742,14.819999694824219,16.90999984741211,99.52999877929688,-0.20669820841066688
2025-10-31,109556.1640625,110431.0,18.649999618530273,17.799999237060547,21.540000915527344,99.80000305175781,60.75,18.270000457763672,513.5843505859375,202.0060272216797,626.7805786132812,19.780000686645508,27.27837562561035,15.5,17.440000534057617,99.80000305175781,0.09582328242170879
2025-11-01,110064.015625,110431.0,18.649999618530273,17.799999237060547,21.540000915527344,99.80000305175781,60.75,18.270000457763672,513.5843505859375,202.0060272216797,626.7805786132812,19.780000686645508,27.27837562561035,15.5,17.440000534057617,99.80000305175781,0.04001137406256615
2025-11-02,110639.625,110431.0,18.649999618530273,17.799999237060547,21.540000915527344,99.80000305175781,60.75,18.270000457763672,513.5843505859375,202.0060272216797,626.7805786132812,19.780000686645508,27.27837562561035,15.5,17.440000534057617,99.80000305175781,-0.02262751704012012
2025-11-03,106547.5234375,107070.0,22.760000228881836,17.420000076293945,22.899999618530273,99.87000274658203,67.75,17.809999465942383,512.8107299804688,206.3855438232422,629.7796020507812,20.719999313354492,27.297714233398438,16.100000381469727,17.170000076293945,99.87000274658203,0.05884434051325249
2025-11-04,101590.5234375,101030.0,22.510000228881836,16.219999313354492,21.739999771118164,100.22000122070312,66.62999725341797,16.6200008392334,510.1328430175781,198.21511840820312,616.996337890625,19.274999618530273,27.384742736816406,15.010000228881836,19.0,100.22000122070312,-0.06620973120724305
2025-11-05,103891.8359375,104240.0,24.709999084472656,16.579999923706055,21.799999237060547,100.19999694824219,76.41000366210938,17.1299991607666,503.02130126953125,194.74343872070312,621.01171875,18.969999313354492,27.394412994384766,15.359999656677246,18.010000228881836,100.19999694824219,0.04021460119843692
2025-11-06,101301.2890625,101210.0,21.709999084472656,15.399999618530273,20.59000015258789,99.7300033569336,66.95999908447266,15.960000038146973,493.04339599609375,187.63047790527344,609.4439086914062,17.34000015258789,27.249366760253906,14.279999732971191,19.5,99.7300033569336,-0.01081396653624148
2025-11-07,103372.40625,104030.0,20.690000534057617,15.569999694824219,20.190000534057617,99.5999984741211,62.380001068115234,15.869999885559082,492.76568603515625,187.70030212402344,607.5209350585938,17.010000228881836,27.230026245117188,13.9399995803833,19.079999923706055,99.5999984741211,0.07633686093091212
2025-11-08,102282.1171875,104030.0,20.690000534057617,15.569999694824219,20.190000534057617,99.5999984741211,62.380001068115234,15.869999885559082,492.76568603515625,187.70030212402344,607.5209350585938,17.010000228881836,27.230026245117188,13.9399995803833,19.079999923706055,99.5999984741211,0.205066089036367
2025-11-09,104719.640625,104030.0,20.690000534057617,15.569999694824219,20.190000534057617,99.5999984741211,62.380001068115234,15.869999885559082,492.76568603515625,187.70030212402344,607.5209350585938,17.010000228881836,27.230026245117188,13.9399995803833,19.079999923706055,99.5999984741211,-0.0790270807902708
2025-11-10,105996.59375,106365.0,19.649999618530273,15.029999732971191,19.290000915527344,99.62000274658203,60.16999816894531,15.579999923706055,501.8707275390625,198.5742645263672,620.9618530273438,17.31999969482422,27.249366760253906,14.300000190734863,17.600000381469727,99.62000274658203,0.04170770817812247
2025-11-11,102997.46875,102955.0,18.670000076293945,14.045000076293945,17.31999969482422,99.45999908447266,57.380001068115234,14.630000114440918,504.5289001464844,192.69833374023438,619.307861328125,16.139999389648438,27.2106876373291,12.369999885559082,17.280000686645508,99.45999908447266,-0.004947937130736526
2025-11-12,101663.1875,101735.0,17.3799991607666,13.329999923706055,16.440000534057617,99.4800033569336,55.70000076293945,14.40999984741211,506.9688415527344,193.33680725097656,618.8196411132812,15.460000038146973,27.220355987548828,12.640000343322754,17.510000228881836,99.4800033569336,0.008476519585813694
2025-11-13,99697.4921875,98125.0,14.930000305175781,11.979999542236328,15.15999984741211,99.18000030517578,48.650001525878906,12.779999732971191,499.182861328125,186.4133758544922,606.1858520507812,13.880000114440918,27.14299964904785,11.680000305175781,20.0,99.18000030517578,-0.18927162394929223
2025-11-14,94397.7890625,94365.0,14.359999656677246,10.960000038146973,14.930000305175781,99.2699966430664,46.369998931884766,11.989999771118164,506.01666259765625,189.71546936035156,606.6441040039062,13.949999809265137,27.181678771972656,10.989999771118164,19.829999923706055,99.2699966430664,-0.004168198788421703
2025-11-15,95549.1484375,94365.0,14.359999656677246,10.960000038146973,14.930000305175781,99.2699966430664,46.369998931884766,11.989999771118164,506.01666259765625,189.71546936035156,606.6441040039062,13.949999809265137,27.181678771972656,10.989999771118164,19.829999923706055,99.2699966430664,-0.14871698473895675
2025-11-16,94177.078125,94365.0,14.359999656677246,10.960000038146973,14.930000305175781,99.2699966430664,46.369998931884766,11.989999771118164,506.01666259765625,189.71546936035156,606.6441040039062,13.949999809265137,27.181678771972656,10.989999771118164,19.829999923706055,99.2699966430664,0.023944918921851507
2025-11-17,92093.875,91970.0,14.350000381469727,10.609999656677246,14.789999961853027,99.58999633789062,47.40999984741211,11.510000228881836,503.34857177734375,186.1540069580078,601.4630737304688,13.880000114440918,27.249366760253906,11.050000190734863,22.3799991607666,99.58999633789062,-0.016141138593636115
2025-11-18,92948.875,92925.0,14.579999923706055,10.8100004196167,15.430000305175781,99.55000305175781,48.849998474121094,11.880000114440918,489.76043701171875,180.926513671875,594.1397705078125,13.9399995803833,27.27837562561035,12.0,24.690000534057617,99.55000305175781,-0.003082339619495126
2025-11-19,91465.9921875,89580.0,14.619999885559082,10.220000267028809,15.390000343322754,100.2300033569336,45.83000183105469,11.100000381469727,483.14483642578125,186.07418823242188,597.6868896484375,13.350000381469727,27.452430725097656,12.229999542236328,23.65999984741211,100.2300033569336,-0.24743520196671456
2025-11-20,86631.8984375,86440.0,14.5600004196167,9.779999732971191,15.15999984741211,100.16000366210938,43.470001220703125,10.239999771118164,475.4139099121094,180.208251953125,583.5385131835938,12.779999732971191,27.471771240234375,11.5600004196167,26.420000076293945,100.16000366210938,-0.02658121652108693
2025-11-21,85090.6875,84600.0,14.149999618530273,9.729999542236328,14.729999542236328,100.18000030517578,42.2599983215332,10.069999694824219,469.1436462402344,178.45245361328125,587.9224853515625,12.710000038146973,27.452430725097656,11.289999961853027,23.43000030517578,100.18000030517578,-0.06919969943831986
2025-11-22,84648.359375,84600.0,14.149999618530273,9.729999542236328,14.729999542236328,100.18000030517578,42.2599983215332,10.069999694824219,469.1436462402344,178.45245361328125,587.9224853515625,12.710000038146973,27.452430725097656,11.289999961853027,23.43000030517578,100.18000030517578,-0.00685556701021413
2025-11-23,86805.0078125,84600.0,14.149999618530273,9.729999542236328,14.729999542236328,100.18000030517578,42.2599983215332,10.069999694824219,469.1436462402344,178.45245361328125,587.9224853515625,12.710000038146973,27.452430725097656,11.289999961853027,23.43000030517578,100.18000030517578,-0.3048222034281036
2025-11-24,88270.5625,89175.0,16.709999084472656,11.479999542236328,15.75,100.13999938964844,48.4900016784668,11.210000038146973,471.0118408203125,182.1136932373047,602.9575805664062,13.880000114440918,27.452430725097656,12.630000114440918,20.520000457763672,100.13999938964844,0.1229543541200386
2025-11-25,87341.890625,87420.0,17.520000457763672,11.819999694824219,15.550000190734863,99.66000366210938,47.470001220703125,11.170000076293945,473.9829406738281,177.39498901367188,606.6740112304688,14.390000343322754,27.375072479248047,13.9399995803833,18.559999465942383,99.66000366210938,0.01073153435645589
2025-11-26,90518.3671875,89915.0,19.149999618530273,13.449999809265137,16.18000030517578,99.5999984741211,48.45000076293945,11.109999656677246,482.4393005371094,179.8291473388672,612.034423828125,14.960000038146973,27.297714233398438,14.84000015258789,17.190000534057617,99.5999984741211,-0.07998825514607663
2025-11-27,91285.375,89915.0,19.149999618530273,13.449999809265137,16.18000030517578,99.5999984741211,48.45000076293945,11.109999656677246,482.4393005371094,179.8291473388672,612.034423828125,14.960000038146973,27.297714233398438,14.84000015258789,17.190000534057617,99.5999984741211,-0.1801438620370459
2025-11-28,90919.265625,92456.0,20.350000381469727,15.100000381469727,16.889999389648438,99.45999908447266,47.810001373291016,11.8100004196167,488.9082946777344,176.5769500732422,616.996337890625,16.1299991607666,27.27837562561035,15.510000228881836,16.350000381469727,99.45999908447266,0.20282623680727732
2025-11-29,90851.7578125,92456.0,20.350000381469727,15.100000381469727,16.889999389648438,99.45999908447266,47.810001373291016,11.8100004196167,488.9082946777344,176.5769500732422,616.996337890625,16.1299991607666,27.27837562561035,15.510000228881836,16.350000381469727,99.45999908447266,0.21189360243012634
2025-11-30,90394.3125,92456.0,20.350000381469727,15.100000381469727,16.889999389648438,99.45999908447266,47.810001373291016,11.8100004196167,488.9082946777344,176.5769500732422,616.996337890625,16.1299991607666,27.27837562561035,15.510000228881836,16.350000381469727,99.45999908447266,0.27369255117682323
2025-12-01,86321.5703125,85760.0,19.690000534057617,14.079999923706055,16.59000015258789,99.41000366210938,48.4900016784668,11.520000457763672,483.6714782714844,179.489990234375,614.923828125,15.479999542236328,27.268707275390625,15.300000190734863,17.239999771118164,99.41000366210938,-0.0780667419001316
2025-12-02,91350.203125,91455.0,17.639999389648438,13.710000038146973,15.819999694824219,99.36000061035156,41.119998931884766,11.90999984741211,486.91094970703125,181.02630615234375,619.736328125,15.220000267028809,27.259037017822266,14.220000267028809,16.59000015258789,99.36000061035156,0.013766389750433301
2025-12-03,93527.8046875,93265.0,18.6299991607666,14.489999771118164,16.549999237060547,98.8499984741211,43.959999084472656,12.470000267028809,474.7182922363281,179.1607666015625,621.2507934570312,15.640000343322754,27.123659133911133,14.430000305175781,16.079999923706055,98.8499984741211,-0.0337189166423521
2025-12-04,92141.625,92840.0,19.829999923706055,15.029999732971191,17.079999923706055,98.98999786376953,46.45000076293945,12.4399995803833,477.8086853027344,182.95188903808594,620.6729125976562,15.59000015258789,27.181678771972656,15.100000381469727,15.779999732971191,98.98999786376953,0.09095237901437053
2025-12-05,89387.7578125,89600.0,19.280000686645508,13.71500015258789,17.110000610351562,98.98999786376953,44.709999084472656,11.739999771118164,480.11407470703125,181.98416137695312,623.20361328125,14.9399995803833,27.152667999267578,14.5,15.40999984741211,98.98999786376953,0.028492785951096312
2025-12-06,89272.375,89600.0,19.280000686645508,13.71500015258789,17.110000610351562,98.98999786376953,44.709999084472656,11.739999771118164,480.11407470703125,181.98416137695312,623.20361328125,14.9399995803833,27.152667999267578,14.5,15.40999984741211,98.98999786376953,0.044039379483294804
2025-12-07,90405.640625,89600.0,19.280000686645508,13.71500015258789,17.110000610351562,98.98999786376953,44.709999084472656,11.739999771118164,480.11407470703125,181.98416137695312,623.20361328125,14.9399995803833,27.152667999267578,14.5,15.40999984741211,98.98999786376953,-0.10693677333808507
2025-12-08,90640.203125,90990.0,19.479999542236328,13.890000343322754,17.690000534057617,99.08999633789062,46.34000015258789,12.050000190734863,487.9245300292969,185.1168212890625,622.008056640625,14.960000038146973,27.191349029541016,14.960000038146973,16.65999984741211,99.08999633789062,0.04631016210556401
2025-12-09,92691.7109375,93340.0,19.559999465942383,14.850000381469727,17.489999771118164,99.22000122070312,46.84000015258789,12.25,488.9181823730469,184.53819274902344,622.7752075195312,15.510000228881836,27.230026245117188,15.59000015258789,16.93000030517578,99.22000122070312,0.08392841896343381
2025-12-10,92020.9453125,92785.0,18.479999542236328,14.529999732971191,17.329999923706055,98.79000091552734,43.91999816894531,11.920000076293945,475.5430603027344,183.3509521484375,625.3258666992188,15.569999694824219,27.084980010986328,15.760000228881836,15.770000457763672,98.79000091552734,0.09963662314990956
2025-12-11,92511.3359375,92010.0,18.8799991607666,14.819999694824219,17.399999618530273,98.3499984741211,43.939998626708984,11.84000015258789,480.422119140625,180.50759887695312,623.3032836914062,15.75,26.988283157348633,15.829999923706055,14.850000381469727,98.3499984741211,-0.06503020617996899
2025-12-12,90270.4140625,90440.0,17.049999237060547,14.029999732971191,16.530000686645508,98.4000015258789,40.130001068115234,11.520000457763672,475.51324462890625,174.61141967773438,611.3868408203125,15.300000190734863,27.026962280273438,14.329999923706055,15.739999771118164,98.4000015258789,0.022543723446211483
2025-12-13,90298.7109375,90440.0,17.049999237060547,14.029999732971191,16.530000686645508,98.4000015258789,40.130001068115234,11.520000457763672,475.51324462890625,174.61141967773438,611.3868408203125,15.300000190734863,27.026962280273438,14.329999923706055,15.739999771118164,98.4000015258789,0.018776223186325592
2025-12-14,88175.1796875,90440.0,17.049999237060547,14.029999732971191,16.530000686645508,98.4000015258789,40.130001068115234,11.520000457763672,475.51324462890625,174.61141967773438,611.3868408203125,15.300000190734863,27.026962280273438,14.329999923706055,15.739999771118164,98.4000015258789,0.30822555560783077
2025-12-15,86419.78125,85985.0,14.739999771118164,11.914999961853027,15.279999732971191,98.1500015258789,35.47999954223633,10.699999809265137,471.82666015625,175.87843322753906,608.3179931640625,13.710000038146973,27.00762367248535,12.489999771118164,16.5,98.1500015258789,-0.06037246246790286
2025-12-16,87843.984375,87795.0,14.989999771118164,11.859999656677246,14.729999542236328,98.1500015258789,36.59000015258789,10.6899995803833,473.38677978515625,177.3050994873047,609.5235595703125,13.470000267028809,26.978612899780273,12.989999771118164,16.479999542236328,98.1500015258789,-0.006691550983055008
2025-12-17,86143.7578125,85965.0,14.390000343322754,11.479999542236328,13.569999694824219,98.37000274658203,33.779998779296875,9.930000305175781,473.1184387207031,170.5409393310547,598.224853515625,12.960000038146973,27.036630630493164,11.569999694824219,17.6200008392334,98.37000274658203,-0.02490132546421992
2025-12-18,85462.5078125,84820.0,15.149999618530273,11.199999809265137,14.5600004196167,98.43000030517578,35.79999923706055,9.6899995803833,480.92889404296875,173.73345947265625,606.8932495117188,13.380000114440918,27.055971145629883,11.789999961853027,16.8700008392334,98.43000030517578,-0.09021609530714354
2025-12-19,88103.3828125,88060.0,16.209999084472656,12.029999732971191,15.600000381469727,98.5999984741211,39.91999816894531,10.180000305175781,482.8566589355469,180.56747436523438,614.8042602539062,14.5,27.14299964904785,12.520000457763672,14.90999984741211,98.5999984741211,-0.0059088962691468735
2025-12-20,88344.0,88060.0,16.209999084472656,12.029999732971191,15.600000381469727,98.5999984741211,39.91999816894531,10.180000305175781,482.8566589355469,180.56747436523438,614.8042602539062,14.5,27.14299964904785,12.520000457763672,14.90999984741211,98.5999984741211,-0.038576473784297745
2025-12-21,88621.75,88060.0,16.209999084472656,12.029999732971191,15.600000381469727,98.5999984741211,39.91999816894531,10.180000305175781,482.8566589355469,180.56747436523438,614.8042602539062,14.5,27.14299964904785,12.520000457763672,14.90999984741211,98.5999984741211,-0.0760648486404297
2025-12-22,88490.015625,88390.0,16.34000015258789,12.100000381469727,15.789999961853027,98.29000091552734,42.040000915527344,10.130000114440918,481.8630065917969,183.26116943359375,617.7513427734375,14.399999618530273,27.030000686645508,12.470000267028809,14.079999923706055,98.29000091552734,-0.013562970822449777
2025-12-23,87414.0,87685.0,15.90999984741211,11.510000228881836,15.479999542236328,97.94000244140625,42.06999969482422,9.859999656677246,483.78082275390625,188.76829528808594,620.6444702148438,13.670000076293945,26.940000534057617,12.420000076293945,14.0,97.94000244140625,0.03720227881117441
2025-12-24,87611.9609375,87245.0,16.219999313354492,11.399999618530273,15.569999694824219,97.9800033569336,41.97999954223633,9.9399995803833,484.94342041015625,188.169677734375,622.4602661132812,13.920000076293945,26.950000762939453,12.3100004196167,13.470000267028809,97.9800033569336,-0.05026175881557268
2025-12-25,87234.7421875,87245.0,16.219999313354492,11.399999618530273,15.569999694824219,97.9800033569336,41.97999954223633,9.9399995803833,484.94342041015625,188.169677734375,622.4602661132812,13.920000076293945,26.950000762939453,12.3100004196167,13.470000267028809,97.9800033569336,0.0014110633781140272
2025-12-26,87301.4296875,86923.0,15.1899995803833,10.90999984741211,15.289999961853027,98.0199966430664,40.29999923706055,9.59000015258789,484.6354064941406,190.085205078125,622.4202880859375,13.4399995803833,26.969999313354492,11.75,13.600000381469727,98.0199966430664,-0.05201697459314589
2025-12-27,87802.15625,86923.0,15.1899995803833,10.90999984741211,15.289999961853027,98.0199966430664,40.29999923706055,9.59000015258789,484.6354064941406,190.085205078125,622.4202880859375,13.4399995803833,26.969999313354492,11.75,13.600000381469727,98.0199966430664,-0.12015507876550582
2025-12-28,87835.8359375,86923.0,15.1899995803833,10.90999984741211,15.289999961853027,98.0199966430664,40.29999923706055,9.59000015258789,484.6354064941406,190.085205078125,622.4202880859375,13.4399995803833,26.969999313354492,11.75,13.600000381469727,98.0199966430664,-0.12471027494739609
2025-12-29,87138.140625,87560.0,15.079999923706055,10.720000267028809,15.079999923706055,98.04000091552734,39.40999984741211,9.489999771118164,484.02923583984375,187.7805938720703,619.4074096679688,13.210000038146973,26.979999542236328,11.420000076293945,14.199999809265137,98.04000091552734,0.058095255001890854
2025-12-30,88430.1328125,88260.0,14.59000015258789,10.420000076293945,14.609999656677246,98.23999786376953,38.29999923706055,9.329999923706055,484.4068603515625,187.10218811035156,617.9707641601562,12.699999809265137,27.049999237060547,11.149999618530273,14.329999923706055,98.23999786376953,-0.023087082254290264
2025-12-31,87508.828125,87885.0,14.760000228881836,10.119999885559082,14.5600004196167,98.27999877929688,37.77000045776367,8.979999542236328,480.5711669921875,186.06460571289062,612.8628540039062,12.670000076293945,27.030000686645508,11.489999771118164,14.949999809265137,98.27999877929688,0.05158408124894542
2026-01-01,88731.984375,87885.0,14.760000228881836,10.119999885559082,14.5600004196167,98.27999877929688,37.77000045776367,8.979999542236328,480.5711669921875,186.06460571289062,612.8628540039062,12.670000076293945,27.030000686645508,11.489999771118164,14.949999809265137,98.27999877929688,-0.1145450828310747
2026-01-02,89944.6953125,90190.0,16.200000762939453,11.550000190734863,15.989999771118164,98.41999816894531,42.70000076293945,9.90999984741211,469.95849609375,188.4091339111328,611.6757202148438,14.15999984741211,27.110000610351562,12.739999771118164,14.510000228881836,98.41999816894531,0.03272740254189185
2026-01-03,90603.1875,90190.0,16.200000762939453,11.550000190734863,15.989999771118164,98.41999816894531,42.70000076293945,9.90999984741211,469.95849609375,188.4091339111328,611.6757202148438,14.15999984741211,27.110000610351562,12.739999771118164,14.510000228881836,98.41999816894531,-0.054724895854243547
2026-01-04,91413.4921875,90190.0,16.200000762939453,11.550000190734863,15.989999771118164,98.41999816894531,42.70000076293945,9.90999984741211,469.95849609375,188.4091339111328,611.6757202148438,14.15999984741211,27.110000610351562,12.739999771118164,14.510000228881836,98.41999816894531,-0.16060983886148508
2026-01-05,93882.5546875,94585.0,18.15999984741211,12.300000190734863,16.729999542236328,98.2699966430664,48.2400016784668,10.59000015258789,469.86907958984375,187.6808319091797,616.5341796875,14.789999961853027,27.06999969482422,13.619999885559082,14.899999618530273,98.2699966430664,0.08978605000746029
2026-01-06,93729.03125,92795.0,17.540000915527344,11.989999771118164,16.790000915527344,98.58000183105469,45.90999984741211,10.3100004196167,475.493408203125,186.8029022216797,621.951416015625,14.979999542236328,27.15999984741211,13.180000305175781,14.75,98.58000183105469,-0.11958274667433949
2026-01-07,91308.0546875,91235.0,16.079999923706055,11.930000305175781,16.239999771118164,98.68000030517578,43.625,10.079999923706055,480.422119140625,188.66851806640625,622.550048828125,15.270000457763672,27.200000762939453,12.489999771118164,15.380000114440918,98.68000030517578,-0.009601083420299979
2026-01-08,91027.125,91105.0,16.549999237060547,11.989999771118164,16.68000030517578,98.93000030517578,45.68000030517578,10.4399995803833,475.09588623046875,184.60800170898438,619.0083618164062,15.130000114440918,27.270000457763672,12.84000015258789,15.449999809265137,98.93000030517578,0.010266170660668454
2026-01-09,90513.1015625,90405.0,16.6299991607666,11.609999656677246,17.139999389648438,99.12999725341797,46.029998779296875,10.220000267028809,476.2585144042969,184.42843627929688,625.173828125,15.319999694824219,27.329999923706055,13.100000381469727,14.489999771118164,99.12999725341797,-0.014331834039564543
2026-01-10,90386.6484375,90405.0,16.6299991607666,11.609999656677246,17.139999389648438,99.12999725341797,46.029998779296875,10.220000267028809,476.2585144042969,184.42843627929688,625.173828125,15.319999694824219,27.329999923706055,13.100000381469727,14.489999771118164,99.12999725341797,0.0024364079629778006
2026-01-11,90827.4609375,90405.0,16.6299991607666,11.609999656677246,17.139999389648438,99.12999725341797,46.029998779296875,10.220000267028809,476.2585144042969,184.42843627929688,625.173828125,15.319999694824219,27.329999923706055,13.100000381469727,14.489999771118164,99.12999725341797,-0.05581496166108216
2026-01-12,91192.9921875,91660.0,17.68000030517578,11.960000038146973,17.479999542236328,98.86000061035156,50.33000183105469,10.649999618530273,474.1717529296875,184.5082550048828,625.6925659179688,16.450000762939453,27.280000686645508,13.8100004196167,15.119999885559082,98.86000061035156,0.06145311844223227
2026-01-13,95321.78125,94715.0,18.25,12.550000190734863,18.030000686645508,99.12999725341797,52.9900016784668,10.949999809265137,467.70281982421875,185.376220703125,624.7647705078125,16.75,27.350000381469727,14.140000343322754,15.979999542236328,99.12999725341797,-0.07638731572696036
2026-01-14,96929.328125,97965.0,18.1299991607666,13.34000015258789,17.920000076293945,99.12999725341797,52.880001068115234,11.109999656677246,456.4840087890625,182.7124481201172,618.0905151367188,17.309999465942383,27.329999923706055,14.210000038146973,16.75,99.12999725341797,0.12821777206556903
2026-01-15,95551.1875,95355.0,17.520000457763672,12.729999542236328,18.079999923706055,99.31999969482422,51.88999938964844,10.65999984741211,453.7811584472656,186.6133270263672,620.3153076171875,16.56999969482422,27.43000030517578,13.829999923706055,15.84000015258789,99.31999969482422,-0.024638626286041708
2026-01-16,95525.1171875,95665.0,18.799999237060547,13.369999885559082,18.889999389648438,99.38999938964844,57.81999969482422,11.359999656677246,456.9609680175781,185.7952423095703,619.7965087890625,19.239999771118164,27.43000030517578,13.850000381469727,15.859999656677246,99.38999938964844,0.017572276270598007
2026-01-17,95099.921875,95665.0,18.799999237060547,13.369999885559082,18.889999389648438,99.38999938964844,57.81999969482422,11.359999656677246,456.9609680175781,185.7952423095703,619.7965087890625,19.239999771118164,27.43000030517578,13.850000381469727,15.859999656677246,99.38999938964844,0.07130329201440261
2026-01-18,93634.4296875,95665.0,18.799999237060547,13.369999885559082,18.889999389648438,99.38999938964844,57.81999969482422,11.359999656677246,456.9609680175781,185.7952423095703,619.7965087890625,19.239999771118164,27.43000030517578,13.850000381469727,15.859999656677246,99.38999938964844,0.2602338032209206
2026-01-19,92553.59375,95665.0,18.799999237060547,13.369999885559082,18.889999389648438,99.38999938964844,57.81999969482422,11.359999656677246,456.9609680175781,185.7952423095703,619.7965087890625,19.239999771118164,27.43000030517578,13.850000381469727,15.859999656677246,99.38999938964844,0.4034081604745898
2026-01-20,88310.90625,89665.0,17.920000076293945,12.760000228881836,18.360000610351562,98.63999938964844,54.2599983215332,10.369999885559082,451.65460205078125,177.65428161621094,606.6276245117188,18.100000381469727,27.209999084472656,13.329999923706055,20.09000015258789,98.63999938964844,0.1839990742932728
2026-01-21,89376.9609375,90230.0,17.719999313354492,12.8100004196167,18.200000762939453,98.76000213623047,53.47999954223633,10.5600004196167,441.3102111816406,182.8920440673828,614.8282470703125,17.25,27.270000457763672,13.119999885559082,16.899999618530273,98.76000213623047,0.11453140320085634
2026-01-22,89462.453125,89445.0,17.389999389648438,13.1899995803833,18.079999923706055,98.36000061035156,52.2599983215332,10.289999961853027,448.2959289550781,184.40847778320312,619.2976684570312,17.079999923706055,27.149999618530273,12.890000343322754,15.640000343322754,98.36000061035156,-0.002341065918540896
2026-01-23,89503.875,89500.0,17.56999969482422,13.710000038146973,18.790000915527344,97.5999984741211,56.68000030517578,10.5,463.0125732421875,187.23187255859375,621.2530517578125,17.280000686645508,26.90999984741211,14.119999885559082,16.09000015258789,97.5999984741211,-0.0005195305789833122
2026-01-24,89110.734375,89500.0,17.56999969482422,13.710000038146973,18.790000915527344,97.5999984741211,56.68000030517578,10.5,463.0125732421875,187.23187255859375,621.2530517578125,17.280000686645508,26.90999984741211,14.119999885559082,16.09000015258789,97.5999984741211,0.052420031467168574
2026-01-25,86572.21875,89500.0,17.56999969482422,13.710000038146973,18.790000915527344,97.5999984741211,56.68000030517578,10.5,463.0125732421875,187.23187255859375,621.2530517578125,17.280000686645508,26.90999984741211,14.119999885559082,16.09000015258789,97.5999984741211,0.40582736017725085
2026-01-26,88267.140625,87585.0,16.489999771118164,12.4399995803833,19.049999237060547,97.04000091552734,52.36000061035156,9.979999542236328,467.31524658203125,186.03466796875,623.9866333007812,16.229999542236328,26.780000686645508,13.789999961853027,16.149999618530273,97.04000091552734,-0.09273765346921817
2026-01-27,89102.5703125,89390.0,18.75,13.270000457763672,19.940000534057617,96.22000122070312,59.9900016784668,10.520000457763672,477.55035400390625,188.07989501953125,629.6432495117188,17.549999237060547,26.469999313354492,15.3100004196167,16.350000381469727,96.22000122070312,0.03870995233811034
2026-01-28,89184.5703125,89080.0,18.969999313354492,13.449999809265137,19.489999771118164,96.44999694824219,62.939998626708984,10.369999885559082,478.59368896484375,191.0728759765625,631.7283325195312,17.549999237060547,26.6299991607666,15.109999656677246,16.350000381469727,96.44999694824219,-0.014070188885847249
2026-01-29,84561.5859375,84055.0,17.700000762939453,12.59000015258789,18.84000015258789,96.27999877929688,59.84000015258789,9.859999656677246,430.76715087890625,192.06057739257812,627.947265625,16.969999313354492,26.59000015258789,14.539999961853027,16.8799991607666,96.27999877929688,-0.07188880367609295
2026-01-30,84128.65625,83005.0,15.960000038146973,11.84000015258789,17.989999771118164,96.98999786376953,53.7400016784668,9.5,427.5773620605469,190.68380737304688,620.4050903320312,15.470000267028809,26.850000381469727,13.369999885559082,17.440000534057617,96.98999786376953,-0.1602768378937468
2026-01-31,78621.1171875,83005.0,15.960000038146973,11.84000015258789,17.989999771118164,96.98999786376953,53.7400016784668,9.5,427.5773620605469,190.68380737304688,620.4050903320312,15.470000267028809,26.850000381469727,13.369999885559082,17.440000534057617,96.98999786376953,0.6691153170024394
2026-02-01,76974.4453125,83005.0,15.960000038146973,11.84000015258789,17.989999771118164,96.98999786376953,53.7400016784668,9.5,427.5773620605469,190.68380737304688,620.4050903320312,15.470000267028809,26.850000381469727,13.369999885559082,17.440000534057617,96.98999786376953,0.940138716897623
2026-02-02,78688.765625,78205.0,15.8100004196167,11.039999961853027,17.8700008392334,97.61000061035156,53.08000183105469,9.119999885559082,420.7010192871094,185.1766815185547,624.6650390625,15.319999694824219,26.989999771118164,13.4399995803833,16.34000015258789,97.61000061035156,-0.07377403183149756
2026-02-03,75633.546875,76680.0,16.260000228881836,11.359999656677246,17.739999771118164,97.44000244140625,54.38999938964844,9.050000190734863,408.6176452636719,179.91897583007812,615.0676879882812,15.34000015258789,26.920000076293945,14.800000190734863,18.0,97.44000244140625,0.16602999619671083
2026-02-04,73019.703125,73570.0,14.25,10.220000267028809,16.149999618530273,97.62000274658203,44.939998626708984,8.279999732971191,411.5788879394531,173.78335571289062,604.3230590820312,14.140000343322754,27.010000228881836,13.880000114440918,18.639999389648438,97.62000274658203,0.09043535124616409
2026-02-05,62702.09765625,63795.0,12.699999809265137,8.265000343322754,14.8149995803833,97.81999969482422,39.790000915527344,6.730000019073486,391.188232421875,171.47874450683594,595.6236572265625,12.0600004196167,27.09000015258789,11.920000076293945,21.770000457763672,97.81999969482422,0.20916091510843965
2026-02-06,70555.390625,70260.0,14.729999542236328,10.079999923706055,16.809999465942383,97.62999725341797,41.83000183105469,8.239999771118164,398.61114501953125,184.97715759277344,608.2138671875,14.449999809265137,27.010000228881836,14.289999961853027,20.3700008392334,97.62999725341797,-0.05023978279476786
2026-02-07,69281.96875,70260.0,14.729999542236328,10.079999923706055,16.809999465942383,97.62999725341797,41.83000183105469,8.239999771118164,398.61114501953125,184.97715759277344,608.2138671875,14.449999809265137,27.010000228881836,14.289999961853027,20.3700008392334,97.62999725341797,0.16940013703060364
2026-02-08,70264.7265625,70260.0,14.729999542236328,10.079999923706055,16.809999465942383,97.62999725341797,41.83000183105469,8.239999771118164,398.61114501953125,184.97715759277344,608.2138671875,14.449999809265137,27.010000228881836,14.289999961853027,20.3700008392334,97.62999725341797,-0.0008072151244984787
2026-02-09,70120.78125,70945.0,16.760000228881836,10.1899995803833,18.549999237060547,96.81999969482422,46.150001525878906,8.0600004196167,410.9925842285156,189.59634399414062,612.8728637695312,14.970000267028809,26.790000915527344,16.649999618530273,17.360000610351562,96.81999969482422,0.1410512664531957
2026-02-10,68793.9609375,68935.0,17.100000381469727,10.029999732971191,18.1299991607666,96.80000305175781,42.93000030517578,7.659999847412109,410.6646728515625,188.09983825683594,610.029541015625,14.829999923706055,26.799999237060547,16.6299991607666,17.790000915527344,96.80000305175781,0.0246019959737109
2026-02-11,66991.96875,67715.0,16.280000686645508,9.619999885559082,18.09000015258789,96.83000183105469,42.66999816894531,7.559999942779541,401.82073974609375,189.60633850097656,611.6657104492188,14.800000190734863,26.829999923706055,16.030000686645508,17.649999618530273,96.83000183105469,0.12951365905334733
2026-02-12,66221.84375,65500.0,16.100000381469727,9.3100004196167,17.479999542236328,96.93000030517578,40.029998779296875,7.25,399.30670166015625,186.50360107421875,599.22509765625,14.199999809265137,26.81999969482422,15.90999984741211,20.81999969482422,96.93000030517578,-0.13080464857941984
2026-02-13,68857.84375,68835.0,16.420000076293945,9.850000381469727,17.84000015258789,96.87999725341797,42.220001220703125,7.920000076293945,398.7900085449219,182.38320922851562,600.5020751953125,15.220000267028809,26.81999969482422,16.260000228881836,20.600000381469727,96.87999725341797,-0.0039810279420781315
2026-02-14,69767.625,68835.0,16.420000076293945,9.850000381469727,17.84000015258789,96.87999725341797,42.220001220703125,7.920000076293945,398.7900085449219,182.38320922851562,600.5020751953125,15.220000267028809,26.81999969482422,16.260000228881836,20.600000381469727,96.87999725341797,-0.16041107892091783
2026-02-15,68788.1875,68835.0,16.420000076293945,9.850000381469727,17.84000015258789,96.87999725341797,42.220001220703125,7.920000076293945,398.7900085449219,182.38320922851562,600.5020751953125,15.220000267028809,26.81999969482422,16.260000228881836,20.600000381469727,96.87999725341797,0.0081663730418831
2026-02-16,68843.15625,68835.0,16.420000076293945,9.850000381469727,17.84000015258789,96.87999725341797,42.220001220703125,7.920000076293945,398.7900085449219,182.38320922851562,600.5020751953125,15.220000267028809,26.81999969482422,16.260000228881836,20.600000381469727,96.87999725341797,-0.0014217099466586412
2026-02-17,67494.21875,67865.0,15.640000343322754,9.279999732971191,17.229999542236328,97.16000366210938,40.970001220703125,7.510000228881836,394.3581237792969,184.53819274902344,599.8834838867188,14.649999618530273,26.90999984741211,16.18000030517578,20.290000915527344,97.16000366210938,0.06592231279067882
2026-02-18,66425.3203125,66330.0,15.420000076293945,9.270000457763672,17.270000457763672,97.69999694824219,42.08000183105469,7.5,397.0808410644531,187.5411376953125,604.3629150390625,15.489999771118164,27.079999923706055,15.380000114440918,19.6200008392334,97.69999694824219,-0.01721999599879611
2026-02-19,66957.5234375,67205.0,15.800000190734863,9.819999694824219,17.979999542236328,97.93000030517578,43.290000915527344,7.960000038146973,396.8517761230469,187.46131896972656,602.0484008789062,16.219999313354492,27.1200008392334,15.470000267028809,20.229999542236328,97.93000030517578,0.044352278840958284
2026-02-20,68005.421875,67825.0,14.649999618530273,9.649999618530273,17.299999237060547,97.80000305175781,39.97999954223633,7.96999979019165,395.6267395019531,189.37686157226562,607.3758544921875,15.680000305175781,27.09000015258789,15.010000228881836,19.09000015258789,97.80000305175781,-0.031836615968349954
2026-02-21,68003.765625,67825.0,14.649999618530273,9.649999618530273,17.299999237060547,97.80000305175781,39.97999954223633,7.96999979019165,395.6267395019531,189.37686157226562,607.3758544921875,15.680000305175781,27.09000015258789,15.010000228881836,19.09000015258789,97.80000305175781,-0.0315451281305424
2026-02-22,67659.390625,67825.0,14.649999618530273,9.649999618530273,17.299999237060547,97.80000305175781,39.97999954223633,7.96999979019165,395.6267395019531,189.37686157226562,607.3758544921875,15.680000305175781,27.09000015258789,15.010000228881836,19.09000015258789,97.80000305175781,0.029372308583365994
2026-02-23,64616.73828125,64510.0,15.220000267028809,9.819999694824219,16.889999389648438,97.69999694824219,42.36000061035156,7.880000114440918,382.918212890625,191.10281372070312,599.9932250976562,15.649999618530273,27.09000015258789,15.680000305175781,21.010000228881836,97.69999694824219,-0.019822408389370376
2026-02-24,64080.04296875,64545.0,17.1200008392334,10.350000381469727,17.8700008392334,97.87999725341797,45.45000076293945,8.050000190734863,387.4299621582031,192.39979553222656,606.4380493164062,16.5,27.110000610351562,17.559999465942383,19.549999237060547,97.87999725341797,0.08707054671796888
2026-02-25,67960.125,69220.0,16.610000610351562,10.449999809265137,18.079999923706055,97.69999694824219,44.029998779296875,8.569999694824219,398.9831237792969,195.10345458984375,615.227294921875,17.079999923706055,27.079999923706055,17.920000076293945,17.93000030517578,97.69999694824219,0.22246133302432858
2026-02-26,67453.7734375,67455.0,16.479999542236328,10.4399995803833,17.979999542236328,97.79000091552734,44.2400016784668,8.449999809265137,400.0986022949219,184.4583740234375,607.8048095703125,17.09000015258789,27.100000381469727,17.8799991607666,18.6299991607666,97.79000091552734,0.00021820499061683796
2026-02-27,65881.796875,66071.0,15.600000381469727,9.949999809265137,16.969999313354492,97.61000061035156,40.95000076293945,8.9399995803833,391.15484619140625,176.77633666992188,605.859375,16.290000915527344,27.079999923706055,16.219999313354492,19.860000610351562,97.61000061035156,0.03446228863957348
2026-02-28,66995.859375,66071.0,15.600000381469727,9.949999809265137,16.969999313354492,97.61000061035156,40.95000076293945,8.9399995803833,391.15484619140625,176.77633666992188,605.859375,16.290000915527344,27.079999923706055,16.219999313354492,19.860000610351562,97.61000061035156,-0.16565669286931212
2026-03-01,65738.1015625,66071.0,15.600000381469727,9.949999809265137,16.969999313354492,97.61000061035156,40.95000076293945,8.9399995803833,391.15484619140625,176.77633666992188,605.859375,16.290000915527344,27.079999923706055,16.219999313354492,19.860000610351562,97.61000061035156,0.06076812617112151
2026-03-02,68775.8515625,69480.0,15.760000228881836,10.550000190734863,16.489999771118164,98.37999725341797,41.38999938964844,9.449999809265137,396.9413757324219,182.05397033691406,606.6575317382812,16.43000030517578,27.329999923706055,16.020000457763672,21.440000534057617,98.37999725341797,0.12285971104728914
2026-03-03,68293.6484375,68465.0,14.710000038146973,9.890000343322754,15.300000190734863,99.05000305175781,38.849998474121094,8.65999984741211,402.2996826171875,179.62966918945312,600.1629028320312,15.289999961853027,27.459999084472656,14.739999771118164,23.56999969482422,99.05000305175781,0.030108491741831316
2026-03-04,72710.578125,73445.0,16.040000915527344,10.65999984741211,15.84000015258789,98.7699966430664,43.84000015258789,9.289999961853027,403.5645751953125,182.61268615722656,609.311279296875,16.530000686645508,27.40999984741211,15.369999885559082,21.149999618530273,98.7699966430664,0.12120743263585487
2026-03-05,70841.125,71530.0,15.149999618530273,9.949999809265137,16.0,99.31999969482422,40.125,8.770000457763672,409.0224304199219,182.91197204589844,607.4755249023438,15.600000381469727,27.479999542236328,15.229999542236328,23.75,99.31999969482422,0.11669069343548681
2026-03-06,68136.4921875,68295.0,13.619999885559082,9.210000038146973,14.859999656677246,98.98999786376953,36.70000076293945,8.010000228881836,407.30938720703125,177.40487670898438,598.337158203125,14.164999961853027,27.469999313354492,13.75,29.489999771118164,98.98999786376953,0.02791593298882723
2026-03-07,67272.59375,68295.0,13.619999885559082,9.210000038146973,14.859999656677246,98.98999786376953,36.70000076293945,8.010000228881836,407.30938720703125,177.40487670898438,598.337158203125,14.164999961853027,27.469999313354492,13.75,29.489999771118164,98.98999786376953,0.18237553089737973
2026-03-08,65969.78125,68295.0,13.619999885559082,9.210000038146973,14.859999656677246,98.98999786376953,36.70000076293945,8.010000228881836,407.30938720703125,177.40487670898438,598.337158203125,14.164999961853027,27.469999313354492,13.75,29.489999771118164,98.98999786376953,0.42296070217755954
2026-03-09,68402.3828125,69205.0,14.3100004196167,9.609999656677246,15.15999984741211,99.18000030517578,38.84000015258789,8.65999984741211,407.757568359375,182.2235870361328,606.3283081054688,14.699999809265137,27.459999084472656,13.850000381469727,25.5,99.18000030517578,0.1408051277453442
2026-03-10,69926.921875,70195.0,13.960000038146973,9.630000114440918,15.460000038146973,98.83000183105469,38.119998931884766,8.569999694824219,404.122314453125,184.33865356445312,606.3383178710938,14.640000343322754,27.450000762939453,14.350000381469727,24.93000030517578,98.83000183105469,0.046004277233174004
2026-03-11,70204.8828125,70825.0,14.109999656677246,9.8100004196167,16.540000915527344,99.2300033569336,41.97999954223633,8.550000190734863,403.245849609375,185.60574340820312,606.2584838867188,14.8100004196167,27.549999237060547,15.220000267028809,24.229999542236328,99.2300033569336,0.10599556543487393
2026-03-12,70493.4609375,70645.0,13.710000038146973,9.550000190734863,16.239999771118164,99.73999786376953,41.369998931884766,8.760000228881836,400.238037109375,182.7223358154297,595.8530883789062,14.5,27.68000030517578,14.670000076293945,27.290000915527344,99.73999786376953,0.02579627565189723
2026-03-13,70968.265625,71325.0,14.079999923706055,9.760000228881836,16.489999771118164,100.36000061035156,41.58000183105469,9.319999694824219,393.9534912109375,179.8389434814453,592.3213500976562,14.039999961853027,27.889999389648438,14.670000076293945,27.190000534057617,100.36000061035156,0.060320094654983336
2026-03-14,71214.625,71325.0,14.079999923706055,9.760000228881836,16.489999771118164,100.36000061035156,41.58000183105469,9.319999694824219,393.9534912109375,179.8389434814453,592.3213500976562,14.039999961853027,27.889999389648438,14.670000076293945,27.190000534057617,100.36000061035156,0.018598707779476475
2026-03-15,72789.9140625,71325.0,14.079999923706055,9.760000228881836,16.489999771118164,100.36000061035156,41.58000183105469,9.319999694824219,393.9534912109375,179.8389434814453,592.3213500976562,14.039999961853027,27.889999389648438,14.670000076293945,27.190000534057617,100.36000061035156,-0.2415028095088294
2026-03-16,74861.0859375,74120.0,15.140000343322754,10.020000457763672,16.969999313354492,99.70999908447266,44.939998626708984,9.229999542236328,398.33575439453125,182.80215454101562,598.9656982421875,14.399999618530273,27.729999542236328,16.40999984741211,23.510000228881836,99.70999908447266,-0.11879377835134011
2026-03-17,73922.4765625,74685.0,15.09000015258789,10.109999656677246,16.420000076293945,99.58000183105469,42.959999084472656,9.239999771118164,397.79791259765625,181.51510620117188,601.8887939453125,14.680000305175781,27.68000030517578,16.040000915527344,22.3700008392334,99.58000183105469,0.12378212521415752
2026-03-18,71245.578125,71115.0,14.670000076293945,9.880000114440918,16.350000381469727,100.08999633789062,42.209999084472656,8.920000076293945,390.2087097167969,179.98858642578125,593.4986572265625,14.100000381469727,27.850000381469727,15.300000190734863,25.09000015258789,100.08999633789062,-0.02199347020878708
2026-03-19,69912.7890625,70360.0,14.640000343322754,9.829999923706055,16.479999542236328,99.2300033569336,41.65999984741211,9.220000267028809,387.4498596191406,178.15277099609375,591.623046875,14.140000343322754,27.579999923706055,15.739999771118164,24.059999465942383,99.2300033569336,0.07676036562069462
2026-03-20,70522.5859375,70220.0,14.010000228881836,9.399999618530273,15.8100004196167,99.6500015258789,41.290000915527344,8.460000038146973,380.3287353515625,172.30615234375,580.6888427734375,13.380000114440918,27.68000030517578,15.100000381469727,26.780000686645508,99.6500015258789,-0.05148749442083659
2026-03-21,68711.5234375,70220.0,14.010000228881836,9.399999618530273,15.8100004196167,99.6500015258789,41.290000915527344,8.460000038146973,380.3287353515625,172.30615234375,580.6888427734375,13.380000114440918,27.68000030517578,15.100000381469727,26.780000686645508,99.6500015258789,0.2634451667552579
2026-03-22,67845.2109375,70220.0,14.010000228881836,9.399999618530273,15.8100004196167,99.6500015258789,41.290000915527344,8.460000038146973,380.3287353515625,172.30615234375,580.6888427734375,13.380000114440918,27.68000030517578,15.100000381469727,26.780000686645508,99.6500015258789,0.4200365560990338
2026-03-23,70914.859375,70735.0,14.890000343322754,9.979999542236328,16.579999923706055,98.94999694824219,42.15999984741211,8.90999984741211,381.4541931152344,175.23944091796875,587.3545532226562,14.369999885559082,27.559999465942383,16.190000534057617,26.149999618530273,98.94999694824219,-0.030435264470973222
2026-03-24,70517.859375,69355.0,14.880000114440918,9.579999923706055,16.850000381469727,99.43000030517578,41.119998931884766,8.25,371.2355651855469,174.80044555664062,583.3389282226562,14.329999923706055,27.649999618530273,16.219999313354492,26.950000762939453,99.43000030517578,-0.1978833819358261
2026-03-25,71309.8828125,70860.0,15.880000114440918,9.960000038146973,17.049999237060547,99.5999984741211,41.43000030517578,8.279999732971191,369.5424499511719,178.2725067138672,587.1747436523438,15.15999984741211,27.700000762939453,16.860000610351562,25.329999923706055,99.5999984741211,-0.07570610884601922
2026-03-26,68791.625,68490.0,14.350000381469727,9.300000190734863,15.789999961853027,99.9000015258789,37.45000076293945,8.579999923706055,364.492919921875,170.8494873046875,573.1600952148438,14.005000114440918,27.809999465942383,15.350000381469727,27.440000534057617,99.9000015258789,-0.052615416484201386
2026-03-27,66338.375,66233.0,13.744999885559082,8.65999984741211,15.069999694824219,100.1500015258789,35.09000015258789,8.020000457763672,355.33001708984375,167.13796997070312,561.9624633789062,12.800000190734863,27.84000015258789,14.890000343322754,31.049999237060547,100.1500015258789,-0.019061365310802384
2026-03-28,66319.6953125,66233.0,13.744999885559082,8.65999984741211,15.069999694824219,100.1500015258789,35.09000015258789,8.020000457763672,355.33001708984375,167.13796997070312,561.9624633789062,12.800000190734863,27.84000015258789,14.890000343322754,31.049999237060547,100.1500015258789,-0.015686799299934585
2026-03-29,65954.921875,66233.0,13.744999885559082,8.65999984741211,15.069999694824219,100.1500015258789,35.09000015258789,8.020000457763672,355.33001708984375,167.13796997070312,561.9624633789062,12.800000190734863,27.84000015258789,14.890000343322754,31.049999237060547,100.1500015258789,0.050594215035600784
2026-03-30,66691.4453125,66675.0,12.015000343322754,8.180000305175781,13.90999984741211,100.51000213623047,31.6200008392334,7.800000190734863,357.51116943359375,164.79331970214844,557.6671752929688,11.829999923706055,27.979999542236328,13.699999809265137,30.610000610351562,100.51000213623047,-0.002959056428831237
2026-03-31,68233.3125,68035.0,12.869999885559082,8.510000228881836,14.960000038146973,99.95999908447266,34.279998779296875,8.15999984741211,368.67596435546875,174.00225830078125,576.54638671875,12.359999656677246,27.780000686645508,14.430000305175781,25.25,99.95999908447266,-0.0348766594029859
2026-04-01,68078.5546875,68340.0,12.640000343322754,8.619999885559082,15.300000190734863,99.6500015258789,34.09000015258789,8.039999961853027,367.8791809082031,175.34918212890625,583.6685791015625,12.550000190734863,27.729999542236328,14.479999542236328,24.540000915527344,99.6500015258789,0.046084170916984114
2026-04-02,66888.5703125,67180.0,12.819999694824219,8.789999961853027,16.229999542236328,100.02999877929688,34.77000045776367,8.710000038146973,371.9526672363281,176.98545837402344,584.3378295898438,12.859999656677246,27.860000610351562,14.880000114440918,23.8700008392334,100.02999877929688,0.05228331587386999
2026-04-03,66931.1015625,67180.0,12.819999694824219,8.789999961853027,16.229999542236328,100.02999877929688,34.77000045776367,8.710000038146973,371.9526672363281,176.98545837402344,584.3378295898438,12.859999656677246,27.860000610351562,14.880000114440918,23.8700008392334,100.02999877929688,0.04462471377691215
2026-04-04,67290.515625,67180.0,12.819999694824219,8.789999961853027,16.229999542236328,100.02999877929688,34.77000045776367,8.710000038146973,371.9526672363281,176.98545837402344,584.3378295898438,12.859999656677246,27.860000610351562,14.880000114440918,23.8700008392334,100.02999877929688,-0.019708386652743826
2026-04-05,68981.8984375,67180.0,12.819999694824219,8.789999961853027,16.229999542236328,100.02999877929688,34.77000045776367,8.710000038146973,371.9526672363281,176.98545837402344,584.3378295898438,12.859999656677246,27.860000610351562,14.880000114440918,23.8700008392334,100.02999877929688,-0.31345587378391726
2026-04-06,68859.828125,69945.0,13.350000381469727,9.100000381469727,16.290000915527344,99.9800033569336,35.130001068115234,8.850000381469727,371.375,177.23487854003906,587.85400390625,13.520000457763672,27.829999923706055,15.550000190734863,24.170000076293945,99.9800033569336,0.1891097154114484
2026-04-07,71940.703125,69170.0,14.010000228881836,9.0600004196167,16.829999923706055,99.63999938964844,35.7400016784668,8.960000038146973,370.78741455078125,177.69383239746094,587.9439086914062,14.1899995803833,27.75,16.56999969482422,25.780000686645508,99.63999938964844,-0.4621644779066093
2026-04-08,71123.359375,71475.0,15.420000076293945,9.880000114440918,17.65999984741211,99.12999725341797,36.83000183105469,9.5,372.81915283203125,181.66476440429688,605.4246826171875,16.110000610351562,27.530000686645508,18.049999237060547,21.040000915527344,99.12999725341797,0.059329136546427366
2026-04-09,71767.828125,72290.0,16.360000610351562,10.199999809265137,17.979999542236328,98.81999969482422,37.060001373291016,9.670000076293945,371.56427001953125,183.4906005859375,609.5202026367188,16.690000534057617,27.479999542236328,19.030000686645508,19.489999771118164,98.81999969482422,0.08731018708112814
2026-04-10,72979.046875,73485.0,16.530000686645508,10.020000457763672,18.31999969482422,98.6500015258789,39.31999969482422,9.539999961853027,369.3731384277344,188.1998291015625,610.3992309570312,16.600000381469727,27.440000534057617,18.8700008392334,19.229999542236328,98.6500015258789,0.08319425588551851
2026-04-11,73054.2734375,73485.0,16.530000686645508,10.020000457763672,18.31999969482422,98.6500015258789,39.31999969482422,9.539999961853027,369.3731384277344,188.1998291015625,610.3992309570312,16.600000381469727,27.440000534057617,18.8700008392334,19.229999542236328,98.6500015258789,0.07075176450042975
2026-04-12,70753.40625,73485.0,16.530000686645508,10.020000457763672,18.31999969482422,98.6500015258789,39.31999969482422,9.539999961853027,369.3731384277344,188.1998291015625,610.3992309570312,16.600000381469727,27.440000534057617,18.8700008392334,19.229999542236328,98.6500015258789,0.4632868823894963
2026-04-13,74484.640625,73505.0,17.760000228881836,10.760000228881836,18.709999084472656,98.37000274658203,43.06999969482422,10.359999656677246,382.8186340332031,188.87826538085938,616.7122802734375,17.3700008392334,27.3799991607666,19.450000762939453,19.1200008392334,98.37000274658203,-0.15782700166582161
2026-04-14,74181.609375,74400.0,18.450000762939453,11.270000457763672,18.68000030517578,98.12000274658203,47.369998931884766,10.489999771118164,391.5233459472656,196.0618438720703,627.909912109375,18.1200008392334,27.31999969482422,20.950000762939453,18.360000610351562,98.12000274658203,0.03532799466174968
2026-04-15,74805.078125,75175.0,18.0,11.260000228881836,19.079999923706055,98.05999755859375,48.81999969482422,10.470000267028809,409.5602722167969,198.41647338867188,636.7003173828125,17.420000076293945,27.290000915527344,19.670000076293945,18.170000076293945,98.05999755859375,0.05934172667505652
2026-04-16,75152.1328125,75510.0,17.34000015258789,11.420000076293945,19.440000534057617,98.22000122070312,47.70000076293945,11.550000190734863,418.56378173828125,197.8976593017578,639.7669067382812,16.920000076293945,27.3700008392334,19.309999465942383,17.940000534057617,98.22000122070312,0.057142839321863065
2026-04-17,77126.875,77600.0,19.3700008392334,11.970000267028809,19.850000381469727,98.0999984741211,48.119998931884766,11.600000381469727,421.0835876464844,201.2200469970703,648.1376953125,18.110000610351562,27.360000610351562,20.639999389648438,17.479999542236328,98.0999984741211,0.07361247295446627
2026-04-18,75726.2109375,77600.0,19.3700008392334,11.970000267028809,19.850000381469727,98.0999984741211,48.119998931884766,11.600000381469727,421.0835876464844,201.2200469970703,648.1376953125,18.110000610351562,27.360000610351562,20.639999389648438,17.479999542236328,98.0999984741211,0.29693112162390106
2026-04-19,73856.3515625,77600.0,19.3700008392334,11.970000267028809,19.850000381469727,98.0999984741211,48.119998931884766,11.600000381469727,421.0835876464844,201.2200469970703,648.1376953125,18.110000610351562,27.360000610351562,20.639999389648438,17.479999542236328,98.0999984741211,0.6082588741468473
2026-04-20,75872.5234375,76380.0,19.290000915527344,12.050000190734863,19.8700008392334,98.05000305175781,48.720001220703125,11.630000114440918,416.38262939453125,201.59918212890625,646.0799560546875,18.110000610351562,27.31999969482422,20.5,18.8700008392334,98.05000305175781,0.08026250444953774
2026-04-21,76352.7734375,75060.0,18.040000915527344,11.510000228881836,20.770000457763672,98.41000366210938,45.16999816894531,11.229999542236328,422.44805908203125,199.42417907714844,643.6226806640625,17.40999984741211,27.469999313354492,19.770000457763672,19.5,98.41000366210938,-0.2031790143510463
2026-04-22,78203.1015625,78935.0,19.440000534057617,12.210000038146973,21.190000534057617,98.58999633789062,48.38999938964844,11.84000015258789,431.1726989746094,202.03819274902344,654.390869140625,18.479999542236328,27.479999542236328,20.549999237060547,18.920000076293945,98.58999633789062,0.11230732636583209
2026-04-23,78268.953125,77760.0,18.690000534057617,12.229999542236328,20.809999465942383,98.80000305175781,52.02000045776367,11.800000190734863,414.07196044921875,199.18470764160156,650.7048950195312,18.209999084472656,27.530000686645508,20.3700008392334,19.309999465942383,98.80000305175781,-0.07803141930678531
2026-04-24,77455.3125,77938.0,18.200000762939453,12.760000228881836,20.8799991607666,98.51000213623047,50.63999938964844,11.640000343322754,422.90618896484375,207.79502868652344,663.1512451171875,18.610000610351562,27.479999542236328,20.010000228881836,18.709999084472656,98.51000213623047,0.07478182984543508
2026-04-25,77612.015625,77938.0,18.200000762939453,12.760000228881836,20.8799991607666,98.51000213623047,50.63999938964844,11.640000343322754,422.90618896484375,207.79502868652344,663.1512451171875,18.610000610351562,27.479999542236328,20.010000228881836,18.709999084472656,98.51000213623047,0.05040215060127811
2026-04-26,78657.5390625,77938.0,18.200000762939453,12.760000228881836,20.8799991607666,98.51000213623047,50.63999938964844,11.640000343322754,422.90618896484375,207.79502868652344,663.1512451171875,18.610000610351562,27.479999542236328,20.010000228881836,18.709999084472656,98.51000213623047,-0.10977293280354464
2026-04-27,77366.625,77190.0,18.15999984741211,12.25,21.100000381469727,98.4800033569336,48.36000061035156,11.180000305175781,423.1053771972656,216.1160125732422,663.5008544921875,18.280000686645508,27.450000762939453,21.43000030517578,18.020000457763672,98.4800033569336,-0.02739553392693555
2026-04-28,76350.671875,76660.0,17.260000228881836,11.789999961853027,20.020000457763672,98.62000274658203,44.439998626708984,11.020000457763672,427.5174865722656,212.68385314941406,656.8281860351562,16.56999969482422,27.530000686645508,20.799999237060547,17.829999923706055,98.62000274658203,0.04861695920734162
2026-04-29,75776.1328125,75775.0,16.920000076293945,11.369999885559082,19.559999465942383,98.91999816894531,42.86000061035156,10.720000267028809,422.7467956542969,208.77279663085938,660.84375,15.979999542236328,27.610000610351562,20.020000457763672,18.809999465942383,98.91999816894531,-0.000179393556987611
2026-04-30,76304.3203125,76740.0,17.739999771118164,12.529999732971191,20.0,98.08000183105469,45.5099983215332,11.989999771118164,406.1341552734375,199.1148681640625,667.0069580078125,17.239999771118164,27.360000610351562,21.729999542236328,16.889999389648438,98.08000183105469,0.06851717214160855
2026-05-01,78179.0,78775.0,17.040000915527344,12.170000076293945,20.350000381469727,98.20999908447266,45.65999984741211,11.460000038146973,412.76727294921875,197.9974365234375,673.4099731445312,18.5,27.40999984741211,21.309999465942383,16.989999771118164,98.20999908447266,0.09148236738766165
2026-05-02,78657.25,78775.0,17.040000915527344,12.170000076293945,20.350000381469727,98.20999908447266,45.65999984741211,11.460000038146973,412.76727294921875,197.9974365234375,673.4099731445312,18.5,27.40999984741211,21.309999465942383,16.989999771118164,98.20999908447266,0.01796401476024143
2026-05-03,78538.2265625,78775.0,17.040000915527344,12.170000076293945,20.350000381469727,98.20999908447266,45.65999984741211,11.460000038146973,412.76727294921875,197.9974365234375,673.4099731445312,18.5,27.40999984741211,21.309999465942383,16.989999771118164,98.20999908447266,0.03617704873612004
2026-05-04,79827.90625,80390.0,17.889999389648438,12.819999694824219,21.100000381469727,98.47000122070312,49.47999954223633,11.829999923706055,411.9505615234375,198.02734375,672.141357421875,18.68000030517578,27.479999542236328,22.290000915527344,18.290000915527344,98.47000122070312,0.08449582754777563
2026-05-05,80927.0546875,81945.0,22.100000381469727,13.40999984741211,22.190000534057617,98.4800033569336,54.7400016784668,12.15999984741211,409.7196350097656,196.05186462402344,680.8617553710938,20.350000381469727,27.5,23.489999771118164,17.3799991607666,98.4800033569336,0.15094264578353403
2026-05-06,81427.53125,81735.0,21.90999984741211,14.5,24.6299991607666,98.0199966430664,60.97999954223633,13.029999732971191,412.2891845703125,207.3560333251953,695.0062255859375,23.700000762939453,27.350000381469727,25.739999771118164,17.389999389648438,98.0199966430664,0.045311763028551846
2026-05-07,80009.9921875,80345.0,20.684999465942383,13.979999542236328,22.360000610351562,98.25,56.849998474121094,12.699999809265137,419.07171630859375,211.01766967773438,694.1771240234375,24.110000610351562,27.40999984741211,24.020000457763672,17.079999923706055,98.25,0.050244896169706926
2026-05-08,80186.765625,80385.0,20.549999237060547,14.199999809265137,22.920000076293945,97.83999633789062,61.20000076293945,12.9399995803833,413.44451904296875,214.709228515625,710.44921875,24.079999923706055,27.34000015258789,23.389999389648438,17.190000534057617,97.83999633789062,0.029665899122614723
2026-05-09,80664.3671875,80385.0,20.549999237060547,14.199999809265137,22.920000076293945,97.83999633789062,61.20000076293945,12.9399995803833,413.44451904296875,214.709228515625,710.44921875,24.079999923706055,27.34000015258789,23.389999389648438,17.190000534057617,97.83999633789062,-0.04155993987044504
2026-05-10,82138.9296875,80385.0,20.549999237060547,14.199999809265137,22.920000076293945,97.83999633789062,61.20000076293945,12.9399995803833,413.44451904296875,214.709228515625,710.44921875,24.079999923706055,27.34000015258789,23.389999389648438,17.190000534057617,97.83999633789062,-0.25623850140334836
2026-05-11,81728.296875,82185.0,20.280000686645508,14.300000190734863,22.950000762939453,97.94000244140625,55.150001525878906,13.390000343322754,410.99444580078125,218.93955993652344,712.5069580078125,25.34000015258789,27.350000381469727,23.3700008392334,18.3799991607666,97.94000244140625,0.06705679317387586
2026-05-12,80477.4921875,80995.0,20.059999465942383,13.470000267028809,22.790000915527344,98.29000091552734,56.560001373291016,12.720000267028809,406.1241760253906,220.27650451660156,706.463623046875,24.510000228881836,27.450000762939453,22.799999237060547,17.989999771118164,98.29000091552734,0.07716559725210435
2026-05-13,79277.1171875,79745.0,21.239999771118164,13.300000190734863,24.0,98.4800033569336,55.16999816894531,12.75,403.57452392578125,225.3149871826172,713.9254760742188,24.920000076293945,27.510000228881836,23.1200008392334,17.8700008392334,98.4800033569336,0.07082237534849817
2026-05-14,81051.25,81620.0,22.290000915527344,13.979999542236328,24.920000076293945,98.87999725341797,58.400001525878906,13.289999961853027,407.7774963378906,235.202392578125,718.9998168945312,24.6200008392334,27.6200008392334,24.170000076293945,17.260000228881836,98.87999725341797,0.08420598078376336
2026-05-15,79065.6796875,79210.0,20.329999923706055,13.109999656677246,24.209999084472656,99.2699966430664,52.939998626708984,12.4399995803833,420.2170715332031,224.80615234375,708.1517944335938,23.489999771118164,27.770000457763672,22.31999969482422,18.43000030517578,99.2699966430664,0.021903862166808112
2026-05-16,78131.4375,79210.0,20.329999923706055,13.109999656677246,24.209999084472656,99.2699966430664,52.939998626708984,12.4399995803833,420.2170715332031,224.80615234375,708.1517944335938,23.489999771118164,27.770000457763672,22.31999969482422,18.43000030517578,99.2699966430664,0.16565355014746785
2026-05-17,77429.3515625,79210.0,20.329999923706055,13.109999656677246,24.209999084472656,99.2699966430664,52.939998626708984,12.4399995803833,420.2170715332031,224.80615234375,708.1517944335938,23.489999771118164,27.770000457763672,22.31999969482422,18.43000030517578,99.2699966430664,0.2759648740278058
2026-05-18,76954.171875,76895.0,19.1200008392334,13.4399995803833,23.56999969482422,98.97000122070312,50.459999084472656,12.180000305175781,421.83056640625,221.81300354003906,705.1051025390625,23.18000030517578,27.700000762939453,21.139999389648438,17.81999969482422,98.97000122070312,-0.00922708259603372
2026-05-19,76750.90625,76835.0,18.799999237060547,14.6899995803833,22.920000076293945,99.30000305175781,47.7400016784668,12.4399995803833,415.7352600097656,220.1068878173828,700.7599487304688,22.645000457763672,27.790000915527344,21.34000015258789,18.059999465942383,99.30000305175781,0.013148053219241302
2026-05-20,77457.7734375,77705.0,19.479999542236328,15.399999618530273,23.18000030517578,99.11000061035156,52.709999084472656,13.149999618530273,419.36053466796875,222.9603729248047,712.3671875,23.670000076293945,27.729999542236328,21.6299991607666,17.440000534057617,99.11000061035156,0.038301110635381476
2026-05-21,77539.171875,77695.0,21.520000457763672,15.760000228881836,24.81999969482422,99.19000244140625,58.060001373291016,13.550000190734863,418.3025207519531,219.0093994140625,713.7256469726562,24.469999313354492,27.729999542236328,22.920000076293945,16.760000228881836,99.19000244140625,0.024116036511384262
2026-05-22,75488.2421875,75775.0,21.969999313354492,15.970000267028809,25.260000228881836,99.31999969482422,56.83000183105469,13.8100004196167,417.7835388183594,214.83892822265625,716.7523193359375,24.489999771118164,27.770000457763672,22.81999969482422,16.700000762939453,99.31999969482422,0.04558449965562725
2026-05-23,76673.3671875,75775.0,21.969999313354492,15.970000267028809,25.260000228881836,99.31999969482422,56.83000183105469,13.8100004196167,417.7835388183594,214.83892822265625,716.7523193359375,24.489999771118164,27.770000457763672,22.81999969482422,16.700000762939453,99.31999969482422,-0.1406017062435406
2026-05-24,76981.125,75775.0,21.969999313354492,15.970000267028809,25.260000228881836,99.31999969482422,56.83000183105469,13.8100004196167,417.7835388183594,214.83892822265625,716.7523193359375,24.489999771118164,27.770000457763672,22.81999969482422,16.700000762939453,99.31999969482422,-0.1880136202218401
2026-05-25,77279.9296875,75775.0,21.969999313354492,15.970000267028809,25.260000228881836,99.31999969482422,56.83000183105469,13.8100004196167,417.7835388183594,214.83892822265625,716.7523193359375,24.489999771118164,27.770000457763672,22.81999969482422,16.59000015258789,99.31999969482422,-0.23368494669995882
2026-05-26,75825.734375,75895.0,23.020000457763672,17.1299991607666,26.3700008392334,99.16999816894531,59.779998779296875,14.279999732971191,415.248291015625,214.37001037597656,729.4783935546875,26.079999923706055,27.75,25.18000030517578,17.010000228881836,99.16999816894531,0.010961812725602104
2026-05-27,74344.703125,74905.0,25.15999984741211,18.040000915527344,27.200000762939453,99.20999908447266,67.83999633789062,14.329999923706055,411.8946228027344,212.1151580810547,728.6492919921875,26.940000534057617,27.75,26.739999771118164,16.290000915527344,99.20999908447266,0.09043768039123501
2026-05-28,73536.5546875,73355.0,24.59000015258789,18.139999389648438,27.760000228881836,99.0199966430664,64.05000305175781,14.069999694824219,426.18768310546875,213.7613983154297,734.79248046875,27.739999771118164,27.700000762939453,26.399999618530273,15.739999771118164,99.0199966430664,-0.029626846936987864
2026-05-29,73372.5234375,72767.0,23.649999618530273,18.290000915527344,26.850000381469727,98.91000366210938,63.540000915527344,14.380000114440918,449.3940124511719,210.6584930419922,737.49951171875,27.110000610351562,27.65999984741211,25.559999465942383,15.319999694824219,98.91000366210938,-0.09903272927759593
2026-05-30,73754.8359375,72767.0,23.649999618530273,18.290000915527344,26.850000381469727,98.91000366210938,63.540000915527344,14.380000114440918,449.3940124511719,210.6584930419922,737.49951171875,27.110000610351562,27.65999984741211,25.559999465942383,15.319999694824219,98.91000366210938,-0.16072208824442552
2026-05-31,73579.6875,72767.0,23.649999618530273,18.290000915527344,26.850000381469727,98.91000366210938,63.540000915527344,14.380000114440918,449.3940124511719,210.6584930419922,737.49951171875,27.110000610351562,27.65999984741211,25.559999465942383,15.319999694824219,98.91000366210938,-0.13253997579155252
2026-06-01,71319.7734375,71735.0,24.010000228881836,18.809999465942383,28.549999237060547,99.19999694824219,65.33000183105469,14.850000381469727,459.6546936035156,223.8483428955078,741.9246826171875,28.25,27.760000228881836,25.65999984741211,16.049999237060547,99.19999694824219,0.06986447810811583
2026-06-02,66703.65625,67395.0,26.290000915527344,17.579999923706055,29.049999237060547,99.22000122070312,66.5999984741211,14.279999732971191,440.48077392578125,222.3118438720703,745.3408813476562,27.31999969482422,27.760000228881836,26.489999771118164,15.770000457763672,99.22000122070312,0.1243728674918026
2026-06-03,64014.3671875,65585.0,26.239999771118164,17.610000610351562,28.93000030517578,99.52999877929688,65.4800033569336,13.960000038146973,426.53704833984375,214.26025390625,743.39306640625,27.649999618530273,27.860000610351562,26.15999984741211,16.059999465942383,99.52999877929688,0.294427557095032
2026-06-04,63801.57421875,63795.0,25.549999237060547,16.780000686645508,27.90999984741211,99.41000366210938,61.86000061035156,13.880000114440918,427.2456970214844,218.4156036376953,739.7969970703125,27.469999313354492,27.84000015258789,26.190000534057617,15.399999618530273,99.41000366210938,-0.0012364996626809818
2026-06-05,60922.66796875,60515.0,22.450000762939453,15.59000015258789,25.850000381469727,100.06999969482422,54.349998474121094,12.319999694824219,415.8870849609375,204.87075805664062,704.2860107421875,24.65999984741211,28.020000457763672,24.0,21.510000228881836,100.06999969482422,-0.0802987752852409
2026-06-06,60867.4140625,60515.0,22.450000762939453,15.59000015258789,25.850000381469727,100.06999969482422,54.349998474121094,12.319999694824219,415.8870849609375,204.87075805664062,704.2860107421875,24.65999984741211,28.020000457763672,24.0,21.510000228881836,100.06999969482422,-0.06947837057210286
2026-06-07,63239.51953125,60515.0,22.450000762939453,15.59000015258789,25.850000381469727,100.06999969482422,54.349998474121094,12.319999694824219,415.8870849609375,204.87075805664062,704.2860107421875,24.65999984741211,28.020000457763672,24.0,21.510000228881836,100.06999969482422,-0.5169905561797327
2026-06-08,63090.58984375,63475.0,24.290000915527344,16.520000457763672,27.149999618530273,100.05000305175781,59.189998626708984,13.779999732971191,410.9663391113281,208.40679931640625,715.283935546875,25.690000534057617,28.030000686645508,25.860000610351562,18.920000076293945,100.05000305175781,0.07311584637937846
2026-06-09,61643.78125,62170.0,23.03499984741211,15.970000267028809,27.010000228881836,99.91000366210938,54.02000045776367,13.3100004196167,402.6520080566406,207.95730590820312,707.052978515625,25.295000076293945,28.010000228881836,25.299999237060547,19.8700008392334,99.91000366210938,0.10243734034404321
2026-06-10,61449.2890625,62030.0,21.020000457763672,14.899999618530273,25.690000534057617,99.94999694824219,51.52000045776367,12.619999885559082,396.61334228515625,200.19598388671875,692.9285278320312,24.079999923706055,28.049999237060547,23.190000534057617,22.219999313354492,99.94999694824219,0.11340295968131242
2026-06-11,63561.0546875,63675.0,22.6299991607666,16.170000076293945,27.219999313354492,99.86000061035156,56.709999084472656,13.609999656677246,389.6065673828125,204.64100646972656,716.332763671875,26.139999389648438,27.950000762939453,25.350000381469727,19.440000534057617,99.86000061035156,0.021512288566050235
2026-06-12,63543.19921875,63660.0,24.5,16.479999542236328,27.600000381469727,99.75,59.77000045776367,14.079999923706055,390.00579833984375,204.96066284179688,720.5481567382812,26.610000610351562,27.950000762939453,26.059999465942383,17.68000030517578,99.75,0.0220575827505144
2026-06-13,64421.32421875,63660.0,24.5,16.479999542236328,27.600000381469727,99.75,59.77000045776367,14.079999923706055,390.00579833984375,204.96066284179688,720.5481567382812,26.610000610351562,27.950000762939453,26.059999465942383,17.68000030517578,99.75,-0.14181469778513145
2026-06-14,65710.3984375,63660.0,24.5,16.479999542236328,27.600000381469727,99.75,59.77000045776367,14.079999923706055,390.00579833984375,204.96066284179688,720.5481567382812,26.610000610351562,27.950000762939453,26.059999465942383,17.68000030517578,99.75,-0.3744427341039892
2026-06-15,66289.5,66575.0,26.030000686645508,17.139999389648438,28.219999313354492,99.62999725341797,60.849998474121094,14.640000343322754,399.0088806152344,212.21253967285156,743.1832885742188,27.3799991607666,27.969999313354492,28.170000076293945,16.200000762939453,99.62999725341797,0.051682393139184934
2026-06-16,65600.640625,65700.0,26.209999084472656,17.260000228881836,28.079999923706055,99.54000091552734,59.18000030517578,14.420000076293945,393.0899963378906,207.1781768798828,729.0587768554688,27.420000076293945,27.93000030517578,28.010000228881836,16.40999984741211,99.54000091552734,0.018175317933490073
2026-06-17,64418.4453125,64270.0,26.350000381469727,16.780000686645508,28.3799991607666,100.08999633789062,58.11000061035156,13.920000076293945,378.1980285644531,204.42124938964844,721.7168579101562,27.43000030517578,28.18000030517578,27.860000610351562,18.440000534057617,100.08999633789062,-0.02765269700872991
2026-06-18,62896.47265625,62945.0,29.18000030517578,17.239999771118164,29.15999984741211,100.8499984741211,59.959999084472656,14.220000267028809,378.6871032714844,210.4545135498047,739.8070068359375,28.100000381469727,28.299999237060547,28.979999542236328,16.399999618530273,100.8499984741211,0.0092585180123314
2026-06-19,63540.8359375,62945.0,29.18000030517578,17.239999771118164,29.15999984741211,100.8499984741211,59.959999084472656,14.220000267028809,378.6871032714844,210.4545135498047,739.8070068359375,28.100000381469727,28.299999237060547,28.979999542236328,16.399999618530273,100.8499984741211,-0.11252655311354275
2026-06-20,64239.67578125,62945.0,29.18000030517578,17.239999771118164,29.15999984741211,100.8499984741211,59.959999084472656,14.220000267028809,378.6871032714844,210.4545135498047,739.8070068359375,28.100000381469727,28.299999237060547,28.979999542236328,16.399999618530273,100.8499984741211,-0.2418460116128826
2026-06-21,63237.5390625,62945.0,29.18000030517578,17.239999771118164,29.15999984741211,100.8499984741211,59.959999084472656,14.220000267028809,378.6871032714844,210.4545135498047,739.8070068359375,28.100000381469727,28.299999237060547,28.979999542236328,16.399999618530273,100.8499984741211,-0.05551241876333097
2026-06-22,63952.10546875,64450.0,28.139999389648438,17.450000762939453,29.079999923706055,101.0199966430664,56.869998931884766,14.850000381469727,366.6497802734375,208.41677856445312,737.9500122070312,28.6299991607666,28.360000610351562,28.309999465942383,17.280000686645508,101.0199966430664,0.09342513950411743
2026-06-23,62668.01953125,62365.0,27.639999389648438,17.190000534057617,29.15999984741211,101.41000366210938,54.720001220703125,14.699999809265137,373.23736572265625,199.81640625,713.6500244140625,28.690000534057617,28.450000762939453,28.780000686645508,19.489999771118164,101.41000366210938,-0.05802376398996872
2026-06-24,60995.1328125,59835.0,26.219999313354492,16.229999542236328,27.790000915527344,101.61000061035156,50.29999923706055,14.0,364.7733154296875,198.77757263183594,710.6199951171875,27.420000076293945,28.530000686645508,26.969999313354492,18.6299991607666,101.61000061035156,-0.2282410597054555
2026-06-25,59721.67578125,59190.0,25.68000030517578,15.869999885559082,27.270000457763672,101.43000030517578,47.7400016784668,13.880000114440918,352.1670227050781,195.52122497558594,716.3800048828125,27.760000228881836,28.479999542236328,26.059999465942383,18.889999389648438,101.43000030517578,-0.10683071584208753
2026-06-26,60016.4296875,59763.0,25.940000534057617,16.329999923706055,27.200000762939453,101.36000061035156,47.209999084472656,14.539999961853027,372.2691955566406,192.31480407714844,706.52001953125,28.56999969482422,28.459999084472656,25.829999923706055,18.40999984741211,101.36000061035156,-0.05067206206425506
2026-06-27,59940.09765625,59763.0,25.940000534057617,16.329999923706055,27.200000762939453,101.36000061035156,47.209999084472656,14.539999961853027,372.2691955566406,192.31480407714844,706.52001953125,28.56999969482422,28.459999084472656,25.829999923706055,18.40999984741211,101.36000061035156,-0.03545492847188257
2026-06-28,59532.33984375,59763.0,25.940000534057617,16.329999923706055,27.200000762939453,101.36000061035156,47.209999084472656,14.539999961853027,372.2691955566406,192.31480407714844,706.52001953125,28.56999969482422,28.459999084472656,25.829999923706055,18.40999984741211,101.36000061035156,0.046494424413096376
2026-06-29,60138.37890625,60555.0,24.829999923706055,15.369999885559082,25.940000534057617,101.11000061035156,45.90999984741211,14.029999732971191,367.8774719238281,194.7520751953125,724.0800170898438,27.75,28.3700008392334,25.579999923706055,17.649999618530273,101.11000061035156,0.08313248903489186
2026-06-30,58558.859375,58900.0,24.5,14.550000190734863,25.59000015258789,101.19000244140625,45.72999954223633,13.890000343322754,372.319091796875,199.86634826660156,736.4000244140625,27.3799991607666,28.40999984741211,24.700000762939453,16.450000762939453,101.19000244140625,0.06990722742368989
2026-07-01,60003.7578125,60180.0,22.84000015258789,13.619999885559082,23.709999084472656,101.38999938964844,43.31999969482422,13.369999885559082,383.5579528808594,197.35916137695312,725.1699829101562,23.959999084472656,28.489999771118164,23.579999923706055,16.59000015258789,101.38999938964844,0.03524623002127081
2026-07-02,61485.30078125,61655.0,20.040000915527344,12.619999885559082,21.43000030517578,100.86000061035156,38.81999969482422,12.399999618530273,389.7562561035156,194.61224365234375,712.5999755859375,22.110000610351562,28.34000015258789,21.18000030517578,16.149999618530273,100.86000061035156,0.03311995874013841
2026-07-03,62544.19921875,61655.0,20.040000915527344,12.619999885559082,21.43000030517578,100.86000061035156,38.81999969482422,12.399999618530273,389.7562561035156,194.61224365234375,712.5999755859375,22.110000610351562,28.34000015258789,21.18000030517578,16.149999618530273,100.86000061035156,-0.1706055998523544
2026-07-04,63088.3046875,61655.0,20.040000915527344,12.619999885559082,21.43000030517578,100.86000061035156,38.81999969482422,12.399999618530273,389.7562561035156,194.61224365234375,712.5999755859375,22.110000610351562,28.34000015258789,21.18000030517578,16.149999618530273,100.86000061035156,-0.2726282840408589
2026-07-05,63547.8828125,61655.0,20.040000915527344,12.619999885559082,21.43000030517578,100.86000061035156,38.81999969482422,12.399999618530273,389.7562561035156,194.61224365234375,712.5999755859375,22.110000610351562,28.34000015258789,21.18000030517578,16.149999618530273,100.86000061035156,-0.35744060611775397
2026-07-06,63995.015625,63885.0,21.729999542236328,13.510000228881836,22.799999237060547,100.8499984741211,43.90999984741211,12.949999809265137,386.0133056640625,195.33143615722656,722.8200073242188,22.8700008392334,28.31999969482422,22.209999084472656,15.569999694824219,100.8499984741211,-0.02062953633351816
2026-07-07,63297.39453125,63980.0,20.469999313354492,12.479999542236328,21.540000915527344,101.13999938964844,39.814998626708984,12.050000190734863,388.109375,196.7098846435547,709.4299926757812,21.170000076293945,28.399999618530273,20.239999771118164,16.1299991607666,101.13999938964844,0.12940920689801794
2026-07-08,62257.57421875,62430.0,21.850000381469727,12.399999618530273,23.5,101.05000305175781,43.005001068115234,12.020000457763672,382.6197204589844,203.891845703125,711.4400024414062,21.09000015258789,28.360000610351562,22.829999923706055,16.899999618530273,101.05000305175781,0.03323466101859218
2026-07-09,63193.1484375,63385.0,23.260000228881836,12.890000343322754,23.739999771118164,100.94000244140625,41.720001220703125,13.220000267028809,383.6377868652344,202.5533447265625,723.280029296875,21.510000228881836,28.360000610351562,23.200000762939453,15.84000015258789,100.94000244140625,0.03643146143093292
2026-07-10,64127.140625,64085.0,22.110000610351562,12.850000381469727,23.489999771118164,100.97000122070312,41.13999938964844,12.600000381469727,384.37640380859375,210.72421264648438,725.510009765625,20.96500015258789,28.389999389648438,21.969999313354492,15.029999732971191,100.97000122070312,-0.007885701671264872
2026-07-11,63802.02734375,64085.0,22.110000610351562,12.850000381469727,23.489999771118164,100.97000122070312,41.13999938964844,12.600000381469727,384.37640380859375,210.72421264648438,725.510009765625,20.96500015258789,28.389999389648438,21.969999313354492,15.029999732971191,100.97000122070312,0.05322200588869905
2026-07-12,63758.21875,64085.0,22.110000610351562,12.850000381469727,23.489999771118164,100.97000122070312,41.13999938964844,12.600000381469727,384.37640380859375,210.72421264648438,725.510009765625,20.96500015258789,28.389999389648438,21.969999313354492,15.029999732971191,100.97000122070312,0.06150383553492858
2026-07-13,62239.12109375,62350.0,20.084999084472656,12.359999656677246,22.709999084472656,101.27999877929688,38.97999954223633,12.1899995803833,390.2553405761719,203.30250549316406,711.739990234375,20.190000534057617,28.5,20.889999389648438,17.15999984741211,101.27999877929688,0.021377983037321722
2026-07-14,64956.11328125,64715.0,19.8700008392334,13.449999809265137,22.09000015258789,100.94000244140625,38.59000015258789,12.15999984741211,384.20672607421875,211.5632781982422,719.6900024414062,20.190000534057617,28.389999389648438,19.40999984741211,16.5,100.94000244140625,-0.044543295909227176
2026-07-15,64712.375,65085.0,19.8700008392334,14.130000114440918,22.719999313354492,100.5,38.279998779296875,12.289999961853027,394.8866271972656,212.26248168945312,717.739990234375,20.100000381469727,28.25,19.3700008392334,15.670000076293945,100.5,0.0690980666371772
2026-07-16,63789.28125,64385.0,17.719999313354492,12.899999618530273,21.020000457763672,100.7300033569336,34.83000183105469,11.420000076293945,400.3463439941406,207.16818237304688,705.9400024414062,18.81999969482422,28.34000015258789,17.979999542236328,16.729999542236328,100.7300033569336,0.11206624153646502
2026-07-17,63899.4609375,64270.0,17.559999465942383,13.029999732971191,20.940000534057617,100.75,33.619998931884766,10.6899995803833,393.08001708984375,202.58331298828125,695.3300170898438,18.260000228881836,28.329999923706055,18.15999984741211,18.770000457763672,100.75,0.06958538749409932
2026-07-18,64796.6015625,64270.0,17.559999465942383,13.029999732971191,20.940000534057617,100.75,33.619998931884766,10.6899995803833,393.08001708984375,202.58331298828125,695.3300170898438,18.260000228881836,28.329999923706055,18.15999984741211,18.770000457763672,100.75,-0.09752392251474415
2026-07-19,64690.8046875,64270.0,17.559999465942383,13.029999732971191,20.940000534057617,100.75,33.619998931884766,10.6899995803833,393.08001708984375,202.58331298828125,695.3300170898438,18.260000228881836,28.329999923706055,18.15999984741211,18.770000457763672,100.75,-0.07805833107801377
2026-07-20,65230.02734375,65185.0,20.540000915527344,14.420000076293945,22.399999618530273,100.98999786376953,40.20000076293945,11.670000076293945,401.53411865234375,203.05279541015625,696.0599975585938,19.899999618530273,28.389999389648438,18.860000610351562,18.649999618530273,100.98999786376953,-0.008283426314580128
2026-07-21,66505.125,66520.0,22.889999389648438,15.380000114440918,24.010000228881836,101.18000030517578,41.290000915527344,12.25,397.00262451171875,207.0583038330078,708.969970703125,21.489999771118164,28.479999542236328,19.8700008392334,17.049999237060547,101.18000030517578,0.002684003676408397
2026-07-22,66100.796875,66010.0,24.459999084472656,15.324999809265137,23.6200008392334,101.13999938964844,41.279998779296875,12.40999984741211,389.6065673828125,211.82298278808594,705.3499755859375,23.3799991607666,28.450000762939453,19.489999771118164,16.639999389648438,101.13999938964844,-0.016483348938446517
2026-07-23,65044.8125,64855.0,25.81999969482422,15.609999656677246,23.959999084472656,101.43000030517578,40.58000183105469,12.770000457763672,380.8630065917969,208.5266571044922,691.9600219726562,23.860000610351562,28.559999465942383,20.049999237060547,18.700000762939453,101.43000030517578,-0.03501816536099631
2026-07-24,64098.49609375,64215.0,23.149999618530273,14.520000457763672,22.75,101.47000122070312,37.06999969482422,12.119999885559082,380.9828186035156,206.6088104248047,684.22998046875,22.530000686645508,28.579999923706055,18.459999084472656,18.579999923706055,101.47000122070312,0.021810915391138455
2026-07-25,64311.8125,64215.0,23.149999618530273,14.520000457763672,22.75,101.47000122070312,37.06999969482422,12.119999885559082,380.9828186035156,206.6088104248047,684.22998046875,22.530000686645508,28.579999923706055,18.459999084472656,18.579999923706055,101.47000122070312,-0.018064333049235708
2026-07-26,65340.30078125,64215.0,23.149999618530273,14.520000457763672,22.75,101.47000122070312,37.06999969482422,12.119999885559082,380.9828186035156,206.6088104248047,684.22998046875,22.530000686645508,28.579999923706055,18.459999084472656,18.579999923706055,101.47000122070312,-0.20666585879682672
2026-07-27,63724.8984375,64965.0,21.649999618530273,14.024999618530273,20.739999771118164,101.51000213623047,36.290000915527344,11.770000457763672,388.368896484375,196.2903594970703,682.1199951171875,21.969999313354492,28.600000381469727,17.979999542236328,18.670000076293945,101.51000213623047,0.2335228319680286
2026-07-28,63871.36328125,63870.0,20.420000076293945,13.479999542236328,20.7450008392334,101.37999725341797,33.93000030517578,11.380000114440918,392.61090087890625,196.789794921875,675.489990234375,21.239999771118164,28.579999923706055,17.09000015258789,18.209999084472656,101.37999725341797,-0.0002561300426290171
2026-07-29,63908.16796875,63540.0,17.690000534057617,12.010000228881836,18.1200008392334,100.80000305175781,29.309999465942383,10.050000190734863,389.8061828613281,189.79762268066406,661.72998046875,18.239999771118164,28.420000076293945,15.09000015258789,20.65999984741211,100.80000305175781,-0.06913068807042527
2026-07-30,64725.30859375,64775.0,22.655000686645508,14.539999961853027,21.809999465942383,100.01000213623047,38.2599983215332,11.819999694824219,450.2524108886719,194.82199096679688,683.5499877929688,22.1200008392334,28.139999389648438,17.81999969482422,17.09000015258789,100.01000213623047,0.009212731278620424
2026-07-31,62813.74609375,62630.0,22.31999969482422,13.760000228881836,20.719999313354492,99.80000305175781,36.79999923706055,11.319999694824219,463.8468017578125,200.52561950683594,687.989990234375,20.170000076293945,28.170000076293945,17.65999984741211,15.989999771118164,99.80000305175781,-0.03510303495844828
2026-08-01,62763.3203125,62630.0,22.31999969482422,13.760000228881836,20.719999313354492,99.80000305175781,36.79999923706055,11.319999694824219,463.8468017578125,200.52561950683594,687.989990234375,20.170000076293945,28.170000076293945,17.65999984741211,15.989999771118164,99.80000305175781,-0.02549010699297522
2026-08-02,63482.0,62630.0,22.31999969482422,13.760000228881836,20.719999313354492,99.80000305175781,36.79999923706055,11.319999694824219,463.8468017578125,200.52561950683594,687.989990234375,20.170000076293945,28.170000076293945,17.65999984741211,15.989999771118164,99.80000305175781,-0.16105352698402697
2026-08-03,63460.8984375,64085.0,24.15999984741211,14.649999618530273,22.829999923706055,99.95999908447266,39.75,11.75,486.73370361328125,206.40904235839844,700.0700073242188,21.420000076293945,28.170000076293945,18.829999923706055,15.859999656677246,99.95999908447266,0.11801312200733842
2026-08-04,64055.953125,64485.0,20.3799991607666,14.170000076293945,22.809999465942383,99.88999938964844,40.849998474121094,11.75,491.884033203125,211.70310974121094,723.8499755859375,21.559999465942383,28.15999984741211,18.8799991607666,16.5,99.88999938964844,0.08037601891510376
2026-08-05,64597.5,65080.0,18.709999084472656,13.5,21.770000457763672,99.69000244140625,38.88999938964844,11.239999771118164,486.5440673828125,218.9749755859375,717.2999877929688,21.5,28.09000015258789,18.06999969482422,15.8100004196167,99.69000244140625,0.08963195170091723
2026-08-06,64262.11328125,64620.0,18.209999084472656,12.75,21.049999237060547,99.97000122070312,37.93000030517578,10.649999618530273,498.9207458496094,218.7452392578125,714.6500244140625,21.209999084472656,28.190000534057617,17.6200008392334,15.149999618530273,99.97000122070312,0.06683005593364237
2026-08-07,64880.19140625,65175.0,17.18000030517578,12.300000190734863,21.010000228881836,99.5999984741211,41.22999954223633,10.09000015258789,499.0505065917969,223.70968627929688,723.030029296875,20.520000457763672,28.06999969482422,17.079999923706055,14.899999618530273,99.5999984741211,0.05452670604574092
2026-08-08,64904.6875,65175.0,17.18000030517578,12.300000190734863,21.010000228881836,99.5999984741211,41.22999954223633,10.09000015258789,499.0505065917969,223.70968627929688,723.030029296875,20.520000457763672,28.06999969482422,17.079999923706055,14.899999618530273,99.5999984741211,0.04997712992609355
2026-08-09,64844.88671875,65175.0,17.18000030517578,12.300000190734863,21.010000228881836,99.5999984741211,41.22999954223633,10.09000015258789,499.0505065917969,223.70968627929688,723.030029296875,20.520000457763672,28.06999969482422,17.079999923706055,14.899999618530273,99.5999984741211,0.06108977246242249
2026-08-10,63910.5859375,64120.0,16.329999923706055,11.59000015258789,19.440000534057617,99.80999755859375,38.7400016784668,9.5600004196167,505.109130859375,217.3068389892578,720.8699951171875,19.399999618530273,28.139999389648438,16.200000762939453,15.460000038146973,99.80999755859375,0.03932007058200819
2026-08-11,63551.875,63600.0,17.209999084472656,11.520000457763672,19.760000228881836,99.81999969482422,39.75,9.680000305175781,502.86334228515625,217.25689697265625,718.4500122070312,20.239999771118164,28.139999389648438,16.75,15.279999732971191,99.81999969482422,0.00908706470108081
2026-08-12,63402.43359375,63455.0,17.8700008392334,12.180000305175781,20.8700008392334,100.01000213623047,43.66999816894531,9.640000343322754,491.5047302246094,223.8395233154297,723.7000122070312,20.31999969482422,28.200000762939453,17.190000534057617,14.550000190734863,100.01000213623047,0.009949095630016665
2026-08-13,63402.171875,63475.0,16.6200008392334,11.520000457763672,19.780000686645508,99.95999908447266,44.7599983215332,9.210000038146973,495.9463806152344,225.04818725585938,732.0700073242188,19.209999084472656,28.18000030517578,16.309999465942383,14.630000114440918,99.95999908447266,0.013784030959112945
2026-08-14,62975.59375,62975.0,17.854999542236328,12.09000015258789,20.18000030517578,99.66999816894531,44.060001373291016,9.199999809265137,494.4691467285156,224.90834045410156,731.0700073242188,19.014999389648438,28.110000610351562,17.3799991607666,14.25,99.66999816894531,-0.00011313906826007498
2026-08-15,63024.3203125,62975.0,17.854999542236328,12.09000015258789,20.18000030517578,99.66999816894531,44.060001373291016,9.199999809265137,494.4691467285156,224.90834045410156,731.0700073242188,19.014999389648438,28.110000610351562,17.3799991607666,14.25,99.66999816894531,-0.009390720075447065
2026-08-16,62818.65234375,62975.0,17.854999542236328,12.09000015258789,20.18000030517578,99.66999816894531,44.060001373291016,9.199999809265137,494.4691467285156,224.90834045410156,731.0700073242188,19.014999389648438,28.110000610351562,17.3799991607666,14.25,99.66999816894531,0.029866477630455975
2026-08-17,64506.25390625,64410.0,18.5,12.399999618530273,20.1299991607666,99.63999938964844,44.900001525878906,9.720000267028809,479.44744873046875,224.7584991455078,729.8699951171875,20.040000915527344,28.100000381469727,17.600000381469727,15.1899995803833,99.63999938964844,-0.017905967329596977
2026-08-18,64680.7109375,64715.0,16.094999313354492,11.729999542236328,18.850000381469727,99.6500015258789,42.0,8.960000038146973,480.72503662109375,219.49440002441406,717.510009765625,18.90999984741211,28.139999389648438,15.619999885559082,15.84000015258789,99.6500015258789,0.00636153721930478
2026-08-19,69266.1875,68575.0,15.890000343322754,11.670000076293945,18.719999313354492,98.83000183105469,42.84000015258789,9.649999618530273,483.3999938964844,217.31683349609375,716.0800170898438,19.3799991607666,27.8799991607666,15.5,14.890000343322754,98.83000183105469,-0.1197445723427466
2026-08-20,73032.7578125,72790.0,17.209999084472656,12.600000381469727,18.389999389648438,98.9000015258789,42.599998474121094,11.149999618530273,481.1499938964844,216.60763549804688,710.9299926757812,20.979999542236328,27.90999984741211,16.450000762939453,16.010000228881836,98.9000015258789,-0.03988749483456321
2026-08-21,78335.1875,77180.0,15.765000343322754,11.979999542236328,17.809999465942383,98.80000305175781,41.880001068115234,11.260000228881836,483.239990234375,214.48001098632812,713.4400024414062,19.829999923706055,27.899999618530273,15.640000343322754,15.130000114440918,98.80000305175781,-0.17696070491948462
2026-08-22,77083.4140625,77180.0,15.765000343322754,11.979999542236328,17.809999465942383,98.80000305175781,41.880001068115234,11.260000228881836,483.239990234375,214.48001098632812,713.4400024414062,19.829999923706055,27.899999618530273,15.640000343322754,15.130000114440918,98.80000305175781,0.015036065333850497
2026-08-23,77755.265625,77180.0,15.765000343322754,11.979999542236328,17.809999465942383,98.80000305175781,41.880001068115234,11.260000228881836,483.239990234375,214.48001098632812,713.4400024414062,19.829999923706055,27.899999618530273,15.640000343322754,15.130000114440918,98.80000305175781,-0.08878096479398401
2026-08-24,78964.484375,78850.0,15.359999656677246,11.930000305175781,17.270000457763672,99.0,39.810001373291016,11.180000305175781,487.30999755859375,208.24697875976562,706.3200073242188,20.0,27.959999084472656,15.479999542236328,15.850000381469727,99.0,-0.017397853109200397
2026-08-25,78564.9765625,79010.0,16.309999465942383,12.75,18.030000686645508,98.91999816894531,42.209999084472656,11.829999923706055,491.7099914550781,212.81187438964844,710.719970703125,21.299999237060547,27.940000534057617,16.31999969482422,15.449999809265137,98.91999816894531,0.06797279759577984
2026-08-26,79027.421875,78520.0,16.020000457763672,12.180000305175781,17.420000076293945,99.16999816894531,39.58000183105469,11.220000267028809,496.3699951171875,209.4256591796875,711.3699951171875,20.610000610351562,28.020000457763672,15.970000267028809,15.210000038146973,99.16999816894531,-0.07704999550195689
2026-08-27,80257.5390625,79900.0,16.770000457763672,12.949999809265137,17.6200008392334,99.16000366210938,40.529998779296875,11.869999885559082,505.05999755859375,227.7251739501953,721.1099853515625,20.8799991607666,28.020000457763672,16.489999771118164,14.510000228881836,99.16000366210938,-0.05345876287907142
2026-08-28,77830.2890625,79089.0,15.170000076293945,11.65999984741211,16.510000228881836,99.69999694824219,35.45000076293945,10.670000076293945,513.530029296875,217.3068389892578,716.4299926757812,18.989999771118164,28.18000030517578,15.350000381469727,14.430000305175781,99.69999694824219,0.19407009060278085
2026-08-29,78245.8125,79089.0,15.170000076293945,11.65999984741211,16.510000228881836,99.69999694824219,35.45000076293945,10.670000076293945,513.530029296875,217.3068389892578,716.4299926757812,18.989999771118164,28.18000030517578,15.350000381469727,14.430000305175781,99.69999694824219,0.12931362940349045
2026-08-30,77667.5703125,79089.0,15.170000076293945,11.65999984741211,16.510000228881836,99.69999694824219,35.45000076293945,10.670000076293945,513.530029296875,217.3068389892578,716.4299926757812,18.989999771118164,28.18000030517578,15.350000381469727,14.430000305175781,99.69999694824219,0.21961748232073613
2026-08-31,78548.6328125,79245.0,15.5,11.619999885559082,16.299999237060547,99.43000030517578,37.1150016784668,10.770000457763672,507.2900085449219,220.53323364257812,716.760009765625,18.9950008392334,28.1200008392334,15.130000114440918,14.920000076293945,99.43000030517578,0.10638512665073638
2026-09-01,77403.625,77545.0,14.609999656677246,11.0600004196167,16.06999969482422,99.66999816894531,36.81999969482422,10.229999542236328,501.0199890136719,217.1969757080078,707.6400146484375,17.790000915527344,28.209999084472656,14.649999618530273,16.34000015258789,99.66999816894531,0.021917578149602168
2026-09-02,77300.4765625,77580.0,15.180000305175781,11.329999923706055,16.809999465942383,99.55999755859375,39.599998474121094,10.470000267028809,496.82000732421875,224.1591796875,709.239990234375,18.635000228881836,28.170000076293945,14.819999694824219,15.199999809265137,99.55999755859375,0.04339276288016093
2026-09-03,81271.7421875,82080.0,17.3700008392334,12.579999923706055,17.899999618530273,99.0,41.650001525878906,11.600000381469727,510.1199951171875,228.1946563720703,717.6699829101562,21.139999389648438,28.010000228881836,16.229999542236328,14.319999694824219,99.0,0.11934152620505492
2026-09-04,79671.96875,80055.0,17.739999771118164,12.6899995803833,17.889999389648438,99.16000366210938,44.68000030517578,11.3100004196167,499.70001220703125,230.10252380371094,718.9600219726562,21.799999237060547,28.079999923706055,16.510000228881836,14.529999732971191,99.16000366210938,0.057691244136602315
2026-09-05,79823.8671875,80055.0,17.739999771118164,12.6899995803833,17.889999389648438,99.16000366210938,44.68000030517578,11.3100004196167,499.70001220703125,230.10252380371094,718.9600219726562,21.799999237060547,28.079999923706055,16.510000228881836,14.529999732971191,99.16000366210938,0.03474642168720097
2026-09-06,80350.046875,80055.0,17.739999771118164,12.6899995803833,17.889999389648438,99.16000366210938,44.68000030517578,11.3100004196167,499.70001220703125,230.10252380371094,718.9600219726562,21.799999237060547,28.079999923706055,16.510000228881836,14.529999732971191,99.16000366210938,-0.044064224449153436
2026-09-07,79115.8515625,80055.0,17.739999771118164,12.6899995803833,17.889999389648438,99.16000366210938,44.68000030517578,11.3100004196167,499.70001220703125,230.10252380371094,718.9600219726562,21.799999237060547,28.079999923706055,16.510000228881836,15.300000190734863,99.16000366210938,0.14244656446751494
2026-09-08,78438.578125,78585.0,18.510000228881836,13.479999542236328,18.729999542236328,98.83999633789062,46.93000030517578,11.829999923706055,493.95001220703125,225.47769165039062,718.3599853515625,22.260000228881836,27.989999771118164,17.860000610351562,15.720000267028809,98.83999633789062,0.022400488917582607
2026-09-09,78259.5234375,78370.0,16.899999618530273,13.279999732971191,18.09000015258789,98.7699966430664,45.369998931884766,11.920000076293945,491.6499938964844,223.4199981689453,716.3099975585938,22.06999969482422,27.979999542236328,17.1299991607666,16.459999084472656,98.7699966430664,0.01694003096068879
2026-09-10,76568.125,77260.0,15.9399995803833,12.800000190734863,17.3700008392334,99.08999633789062,43.63999938964844,11.430000305175781,492.44000244140625,218.36000061035156,708.6900024414062,20.950000762939453,28.030000686645508,16.139999389648438,17.84000015258789,99.08999633789062,0.10843284983144096
2026-09-11,77173.796875,77430.0,16.850000381469727,13.670000076293945,17.940000534057617,99.12000274658203,43.83000183105469,11.979999542236328,495.6300048828125,218.2899932861328,714.8800048828125,21.469999313354492,28.06999969482422,16.739999771118164,15.84000015258789,99.12000274658203,0.039837841657314466
2026-09-12,77270.46875,77430.0,16.850000381469727,13.670000076293945,17.940000534057617,99.12000274658203,43.83000183105469,11.979999542236328,495.6300048828125,218.2899932861328,714.8800048828125,21.469999313354492,28.06999969482422,16.739999771118164,15.84000015258789,99.12000274658203,0.02477498882779846
2026-09-13,76838.15625,77430.0,16.850000381469727,13.670000076293945,17.940000534057617,99.12000274658203,43.83000183105469,11.979999542236328,495.6300048828125,218.2899932861328,714.8800048828125,21.469999313354492,28.06999969482422,16.739999771118164,15.84000015258789,99.12000274658203,0.09242966446113808
2026-09-14,78163.3828125,79150.0,15.635000228881836,13.270000457763672,16.959999084472656,99.45999908447266,43.16999816894531,11.5,505.4100036621094,210.9600067138672,709.1799926757812,20.950000762939453,28.170000076293945,15.470000267028809,17.100000381469727,99.45999908447266,0.1514699827974516
2026-09-15,75612.5078125,76165.0,15.09000015258789,12.619999885559082,16.040000915527344,99.6500015258789,41.58000183105469,11.239999771118164,497.1199951171875,212.1699981689453,704.5399780273438,19.700000762939453,28.219999313354492,14.489999771118164,17.200000762939453,99.6500015258789,0.0876826657626606
2026-09-16,76150.3203125,76085.0,16.719999313354492,12.789999961853027,16.8799991607666,100.30999755859375,42.619998931884766,11.039999961853027,490.29998779296875,213.89999389648438,704.719970703125,20.350000381469727,28.399999618530273,15.390000343322754,17.709999084472656,100.30999755859375,-0.01029337429945561
2026-09-17,76403.7734375,76605.0,16.940000534057617,13.350000381469727,17.139999389648438,100.22000122070312,43.47999954223633,11.640000343322754,497.75,219.33999633789062,716.9199829101562,21.8799991607666,28.3799991607666,16.469999313354492,15.4399995803833,100.22000122070312,0.031604705387689974
2026-09-18,80900.0234375,81000.0,17.655000686645508,14.045000076293945,17.520000457763672,100.28900146484375,44.900001525878906,12.9350004196167,493.42999267578125,219.7382049560547,716.760009765625,22.899999618530273,28.406099319458008,16.481300354003906,15.4399995803833,100.28900146484375,0.014829646507171322
