Date,btc_ret,qqq_ret,dxy_ret,vix_level,vix_delta,basis,basis_delta_30d,miner_basket_ret,hpc_vs_pure_ratio,miner_hpc_log_spread,ai_stock_basket_ret,btc_close,qqq_close
2022-01-01,,,,,,0.05,,,0.6823826916970938,-0.3821646469934319,,47686.8125,
2022-01-02,-0.007189054400021723,,,,,0.05,,,0.6823826916970938,-0.3821646469934319,,47345.21875,
2022-01-03,-0.018914636695763702,,,16.600000381469727,,-0.1532004885448738,,,0.6823826916970938,-0.3821646469934319,,46458.1171875,390.7568054199219
2022-01-04,-0.012138934663861074,-0.01305555561898539,0.000519431290698922,16.90999984741211,0.3099994659423828,0.1065221737362038,,-0.018048573101545295,0.5981500426668088,-0.5139136490339402,-0.022635934996052126,45897.57421875,385.68841552734375
2022-01-05,-0.05206628845481275,-0.031202920829674623,-0.0010390532146080972,19.729999542236328,2.8199996948242188,0.0718848916477229,0.04684357627991231,-0.09516478766832843,0.6474928553593873,-0.4346475196633179,-0.04921484872910749,43569.00390625,373.8396301269531
2022-01-06,-0.009410297303589778,-0.0007026971322881596,0.0006235456222880722,19.61000061035156,-0.11999893188476918,0.0150331272912296,-0.00834015673048415,-0.003389354869218753,0.6689049853177994,-0.40211325387642965,0.006323739267972967,43160.9296875,373.5770263671875
2022-01-07,-0.037847988650375176,-0.010892039528806893,-0.005312811516362351,18.76000022888184,-0.8500003814697195,0.09011936752778,0.05721092871948536,-0.03610388444883381,0.6553781181397136,-0.42254293030604007,-0.01654415251074408,41557.90234375,369.5300903320313
2022-01-08,0.004227048332596754,0.0,0.0,18.76000022888184,0.0,0.0391217093326222,0.005436611708786607,0.0,0.6553781181397136,-0.42254293030604007,0.0,41733.94140625,369.5300903320313
2022-01-09,0.004247935206112907,0.0,0.0,18.76000022888184,0.0,-0.0119112305755137,-0.0405300695105327,0.0,0.6553781181397136,-0.42254293030604007,0.0,41911.6015625,369.5300903320313
2022-01-10,-0.002157811766201214,0.0006581496030265507,0.002607835469195086,19.399999618530277,0.6399993896484375,-0.0218821859358133,-0.04545092238374907,-0.02750041023442942,0.6224579162791669,-0.47407925729936906,0.0031657505203961643,41821.26171875,369.77337646484375
2022-01-11,0.021633410637439378,0.014910240127026398,-0.003861965198840813,18.40999984741211,-0.9899997711181676,0.0194154151332417,-0.003775746649721884,0.04937410094445722,0.6766609675826771,-0.3905849179414916,0.00868055390413389,42735.85546875,375.3280944824219
2022-01-12,0.027993907251911834,0.003957601673425096,-0.006505140321344596,17.6200008392334,-0.7899990081787109,-0.0338850783532442,-0.0523198867915238,0.0255636686718137,0.6992161388796652,-0.3577953729854769,0.008456070895869822,43949.1015625,376.8164367675781
2022-01-13,-0.03137582795207003,-0.02533425281978583,-0.002212963477110414,20.309999465942383,2.6899986267089844,0.0235059717839559,0.0046810738575473534,-0.049545987541562066,0.7231478138731994,-0.3241416325282953,-0.04772121383309835,42591.5703125,367.3899841308594
2022-01-14,0.011859664695822615,0.006203351749128027,0.004000818720990921,19.190000534057617,-1.1199989318847656,0.0056522291202909,-0.012231763891394958,0.00818407064891498,0.7138381146086435,-0.33709907258973437,0.0156387037351656,43099.69921875,369.6761169433594
2022-01-15,0.0018011556222094572,0.0,0.0,19.190000534057617,0.0,-0.015952356439377,-0.031580592820992,0.0,0.7138381146086435,-0.33709907258973437,0.0,43177.3984375,369.6761169433594
2022-01-16,-0.0014722123644015362,0.0,0.0,19.190000534057617,0.0,0.0017037002205188,-0.013054252651027687,0.0,0.7138381146086435,-0.33709907258973437,0.0,43113.87890625,369.6761169433594
2022-01-17,-0.02022757169904886,0.0,0.0,19.190000534057617,0.0,0.2469409376227621,0.21852516211879117,0.0,0.7138381146086435,-0.33709907258973437,0.0,42250.55078125,369.6761169433594
2022-01-18,0.002956109256612036,-0.025209211165305473,0.005867017180523128,22.790000915527344,3.6000003814697266,-0.2012381452268135,-0.21689536957907418,-0.07673060913466294,0.7252873457695569,-0.32118736365652173,-0.031983945316651385,42375.6328125,360.4733581542969
2022-01-19,-0.01500991044287061,-0.011044691710064437,-0.002300787611735079,23.850000381469727,1.0599994659423828,-0.0486757744409139,-0.06094705148827066,-0.03341176025008639,0.7786537345833979,-0.25018883182369306,-0.015281213369337783,41744.328125,356.5139465332031
2022-01-20,-0.02581674309560386,-0.01307333740960064,0.0024051852383217493,25.59000015258789,1.739999771118164,0.5883662354056058,0.5472902104403367,0.0008619698298030827,0.7734470155985381,-0.2568981108646188,-0.02149365904981266,40680.41796875,351.8834533691406
2022-01-21,-0.10960468291543993,-0.028120287032036114,-0.0010450254431676824,28.850000381469727,3.260000228881836,0.5670248159421876,0.500903610454208,-0.13273735231718728,0.764584049032577,-0.2684233197833985,-0.025650408084208563,36457.31640625,342.126220703125
2022-01-22,-0.039930188839646726,0.0,0.0,28.850000381469727,0.0,1.0789817372128376,0.9668214166464554,0.0,0.764584049032577,-0.2684233197833985,0.0,35030.25,342.126220703125
2022-01-23,0.034966573781181565,0.0,0.0,28.850000381469727,0.0,0.629557755892141,0.4949018946594214,0.0,0.764584049032577,-0.2684233197833985,0.0,36276.8046875,342.126220703125
2022-01-24,0.010352967106698903,0.004567197144619965,0.0029233554215011173,29.899999618530277,1.0499992370605504,0.1851912951957839,0.048429790881269974,-0.0016145195118648745,0.7079785009064715,-0.3453415517007835,0.0005310211557721296,36654.328125,343.6923522949219
2022-01-25,0.008142486826951165,-0.023454178253022796,0.00031269901813458834,31.15999984741211,1.2600002288818324,-0.0321493410568987,-0.16215441155655613,-0.02411654121529991,0.7185691228832858,-0.3304933736599465,-0.03641232311050411,36954.00390625,335.7251281738281
2022-01-26,-0.0027608244495656064,-0.0015658954817724983,0.005612163244895254,31.959999084472656,0.7999992370605469,0.0676907271810486,-0.059917637806354646,0.013766513536764174,0.775615004925761,-0.2540990095839619,0.023982135038925753,36852.12109375,335.1998291015625
2022-01-27,0.007733837890785913,-0.010121491661772904,0.007948473046866834,30.489999771118164,-1.4699993133544922,-0.5083389885844567,-0.6123937478840132,-0.06031452242089493,0.8187789500154045,-0.19994113386034235,-0.013272022093149344,37138.234375,331.82421875
2022-01-28,0.017247505090414967,0.03088705373312727,0.00010275543008731461,27.65999984741211,-2.8299999237060547,-0.22499529349808,-0.317298265197721,0.06134458076415613,0.7740463610935331,-0.25612350913256643,0.0338570598634326,37784.33203125,342.23321533203125
2022-01-29,0.00932135173920975,0.0,0.0,27.65999984741211,0.0,-0.3342442889107802,-0.4118387343824756,0.0,0.7740463610935331,-0.25612350913256643,0.0,38138.1796875,342.23321533203125
2022-01-30,-0.005800446457155093,0.0,0.0,27.65999984741211,0.0,-0.2663810693129201,-0.332509664291795,0.0,0.7740463610935331,-0.25612350913256643,0.0,37917.6015625,342.23321533203125
2022-01-31,0.014804408066392667,0.03147771006620977,-0.00753314265410261,24.82999992370605,-2.8299999237060582,0.0005846718529225,-0.06389674552104982,0.0963810294993463,0.8068181892071872,-0.21465692827868726,0.03918668631726478,38483.125,353.1772766113281
2022-02-01,0.006737318502634114,0.006780433719469441,-0.0015549842519736819,21.959999084472656,-2.870000839233395,-0.0490222193812272,-0.11020289610915862,0.05427422291310518,0.8178753494707298,-0.20104533850119935,-0.0004879403431530486,38743.2734375,355.5801086425781
2022-02-02,-0.04731073995912287,0.00809262551870503,-0.004679433942635143,22.09000015258789,0.13000106811523438,0.1890019877454078,0.11641456180780031,-0.06623020601469692,0.8380794489859295,-0.1766423751349307,0.01966331653598015,36952.984375,358.4693603515625
2022-02-03,0.005441215831991581,-0.041388559138177405,-0.0058541374472642115,24.350000381469727,2.260000228881836,-0.2873188865191454,-0.3467782771149079,-0.04793980713628665,0.8925532102932618,-0.11366914772930353,-0.04617797516687101,37154.6015625,343.9356689453125
2022-02-04,0.11062688345744714,0.012535908936552567,0.0010479525552560794,23.21999931335449,-1.130001068115238,-0.2489224624782007,-0.2976882746030991,0.06586338596756176,0.8237049464612807,-0.19394288787962435,0.015410902028969886,41500.875,348.2743530273437
2022-02-05,-0.0014398234837348135,0.0,0.0,23.21999931335449,0.0,-0.2319907987020001,-0.2725224799604575,0.0,0.8237049464612807,-0.19394288787962435,0.0,41441.1640625,348.2743530273437
2022-02-06,0.02316687651757865,0.0,0.0,23.21999931335449,0.0,-0.5014850911109775,-0.522296623748143,0.0,0.8237049464612807,-0.19394288787962435,0.0,42412.43359375,348.2743530273437
2022-02-07,0.033111582709537346,-0.008077130748680226,-0.0008382421803503835,22.86000061035156,-0.3599987030029297,0.1080416814835598,0.08493281644136308,0.06966211534815094,0.8447180097188426,-0.16875242362970408,0.00011669668146931794,43840.28515625,345.4726257324219
2022-02-08,0.006324808965338507,0.011172773528104227,0.0025125417595850096,21.440000534057617,-1.4200000762939418,0.0602617846383342,0.03474715242234254,0.007376883346061282,0.7871116002964803,-0.23938523592114405,0.01358706581059924,44118.4453125,349.3541564941406
2022-02-09,0.00498211368199733,0.020969261654708058,-0.0015696286175008124,19.959999084472656,-1.480001449584961,0.1397069369623034,0.10880600064970786,0.06528472062009999,0.7207792295824487,-0.3274223888878078,0.041632180383338366,44338.796875,356.7572021484375
2022-02-10,-0.01760339378138894,-0.02289246704904121,0.0006281950342758991,23.90999984741211,3.950000762939453,0.1693703991394347,0.13347096335996605,0.019259666531748418,0.7272647991187252,-0.31846463238970607,-0.03116486787312285,43565.11328125,348.68292236328125
2022-02-11,-0.026921126055171853,-0.032235842593389144,0.005531494204194163,27.36000061035156,3.4500007629394496,-0.0050757007458804,-0.04193544911226117,-0.036510610940326,0.7716666456210765,-0.25920262840281577,-0.04997600728679562,42407.9375,337.6220703125
2022-02-12,-0.00386212183286643,0.0,0.0,27.36000061035156,0.0,0.0413397316068745,0.0038855245797297655,0.0,0.7716666456210765,-0.25920262840281577,0.0,42244.46875,337.6220703125
2022-02-13,-0.001112080209543203,0.0,0.0,27.36000061035156,0.0,0.0547381158769344,0.015647712624568225,0.0,0.7716666456210765,-0.25920262840281577,0.0,42197.515625,337.6220703125
2022-02-14,0.009185768314632001,0.0012382958341148904,0.0030137815342473795,28.32999992370605,0.9699993133544922,-0.1076155740681442,-0.1436505367328848,-0.033316789789168966,0.7638249130829671,-0.26941668743675773,0.00652776581704723,42586.91796875,338.0404052734375
2022-02-15,0.045630604487240684,0.02455989967423776,-0.003950981242853762,25.700000762939453,-2.629999160766598,-0.0969695525083487,-0.12971540674879373,0.08151793569243387,0.6971145855917019,-0.360805483467097,0.05310585152373656,44575.203125,346.4454345703125
2022-02-16,-0.01385529504989858,-0.00025275552328074915,-0.00302573055061435,24.290000915527344,-1.4099998474121094,0.0581796934061094,0.0317258806395528,0.0021314922595098967,0.6957077037440871,-0.3628256727430198,-0.00028222359457698266,43961.859375,346.3578796386719
2022-02-17,-0.08108233071910446,-0.030195125946467824,0.0010444502622118535,28.11000061035156,3.819999694824215,0.1071552153356066,0.07042162388363599,-0.07291788127672316,0.7000558172670578,-0.35659520816477397,-0.05416017652810648,40538.01171875,336.0558776855469
2022-02-18,-0.012586526423760572,-0.011470767263699413,0.002502064053499768,27.75,-0.36000061035155895,-0.025773009768802,-0.063270026709843,-0.0548209845209077,0.7637075985070505,-0.26957028754052914,-0.02280587848899303,40030.9765625,332.2230834960937
2022-02-19,0.002275138191892225,0.0,0.0,27.75,0.0,-0.0529850635831667,-0.06910370389124862,0.0,0.7637075985070505,-0.26957028754052914,0.0,40122.15625,332.2230834960937
2022-02-20,-0.043054421746525254,0.0,0.0,27.75,0.0,0.4726203857870455,0.4596485598174683,0.0,0.7637075985070505,-0.26957028754052914,0.0,38431.37890625,332.2230834960937
2022-02-21,-0.03592381094835431,0.0,0.0,27.75,0.0,0.928829771183462,0.9208630107481973,0.0,0.7637075985070505,-0.26957028754052914,0.0,37075.28125,332.2230834960937
2022-02-22,0.03213453434150656,-0.010094516221286076,-0.00010415094762741463,28.809999465942383,1.0599994659423828,-0.1162912016184102,-0.09939633013665647,-0.02869089132914016,0.8225703794171926,-0.19532123232283793,-0.0057228745222599854,38286.02734375,328.8863220214844
2022-02-23,-0.026183634615420347,-0.025948824095774255,0.0016647976074093411,31.020000457763672,2.210000991821289,0.116931830821408,0.13610201778230757,-0.04840581916220809,0.8301886822765928,-0.18610227598251025,-0.03503135006441952,37296.5703125,320.4618835449219
2022-02-24,0.027399579951549815,0.033052085579846374,0.009827803088777738,30.31999969482422,-0.7000007629394531,0.0085746184608649,0.02638734010450569,0.06780594051058213,0.7686383398944718,-0.26313471932881527,0.05442466620756939,38332.609375,331.2308044433594
2022-02-25,0.022738450595305906,0.015388047166524811,-0.005367443081482081,27.59000015258789,-2.729999542236328,-0.0037115842069402,0.016481214482966886,0.017214214840104804,0.7987492630387151,-0.22470819593405433,0.013133188232786095,39214.21875,336.3672180175781
2022-02-26,-0.0027852723260769346,0.0,0.0,27.59000015258789,0.0,0.0297479212196124,0.032004489582717184,0.0,0.7987492630387151,-0.22470819593405433,0.0,39105.1484375,336.3672180175781
2022-02-27,-0.036334517924426976,0.0,0.0,27.59000015258789,0.0,0.474880887700629,0.4538082500237768,0.0,0.7987492630387151,-0.22470819593405433,0.0,37709.78515625,336.3672180175781
2022-02-28,0.13576425730332167,0.002974320163718093,0.0009310127092417984,30.149999618530277,2.5599994659423864,-0.3315059107564227,-0.3526698277050868,0.06161818912744743,0.7516923773769947,-0.28542811136230867,0.007179814946944432,43193.234375,337.3691711425781
2022-03-01,0.026533380332524757,-0.015429995748609546,0.007212112115519748,33.31999969482422,3.1700000762939418,-0.0310145844215307,-0.06002405086657445,-0.0001587883368450397,0.7242904450446144,-0.3225627998537693,-0.025441019919874804,44354.63671875,332.2035217285156
2022-03-02,-0.009753715935407227,0.016640398633963816,-0.00020538267164137,30.739999771118164,-2.5799999237060547,0.0002411829919034,-0.028756833824439706,-0.020480170470311584,0.6668466649745641,-0.4051951470890734,0.024468886293654783,43924.1171875,337.7777709960937
2022-03-03,-0.03409447865241336,-0.014387949198016505,0.004098801980339983,30.479999542236328,-0.26000022888183594,-0.1050949523807245,-0.13222387809708436,-0.10569700227567098,0.6572668186840953,-0.4196652262220387,-0.017719867549819853,42451.7890625,332.95263671875
2022-03-04,-0.0812852755652355,-0.01459808098902252,0.008755916249864687,31.979999542236328,1.5,0.1249114327881781,0.09991885890372589,-0.07651002256338378,0.6507329575744393,-0.4296559243486852,-0.027024366157124745,39137.60546875,328.1274719238281
2022-03-05,0.0066969062286334315,0.0,0.0,31.979999542236328,0.0,0.0439833243279416,0.00794734341525316,0.0,0.6507329575744393,-0.4296559243486852,0.0,39400.5859375,328.1274719238281
2022-03-06,-0.025202937052357023,0.0,0.0,31.979999542236328,0.0,0.3513845130240244,0.2953382995945951,0.0,0.6507329575744393,-0.4296559243486852,0.0,38419.984375,328.1274719238281
2022-03-07,-0.0093603152707349,-0.03757835099319405,0.006466622330017505,36.45000076293945,4.470001220703125,-0.1645857369783419,-0.22287878579855977,-0.0284963515278608,0.6407862765154922,-0.4450592996316426,-0.055035699138160546,38062.0390625,316.0257873535156
2022-03-08,0.01758473821596099,-0.004658882363048282,-0.0023191677518842415,35.130001068115234,-1.3199996948242188,-0.0719522673830041,-0.14456307699415444,0.04034404419976096,0.6365930392005261,-0.4516246985317727,-0.001736729535243813,38737.26953125,314.556884765625
2022-03-09,0.08046083301385845,0.03536513980219472,-0.011064380697839616,32.45000076293945,-2.6800003051757812,-0.0179861065170746,-0.0863959898615371,0.10606731681864251,0.6216719478608798,-0.47534274038984164,0.0561182837129323,41982.92578125,325.8802795410156
2022-03-10,-0.06254685680053026,-0.011166540178680679,0.005496765736485601,30.229999542236328,-2.220001220703125,0.0585856364754719,-0.00976837526356187,0.007884191720303798,0.6919770887170693,-0.36820243270293784,-0.012863594188789797,39437.4609375,322.2615661621094
2022-03-11,-0.016425482290646415,-0.020956581992410284,0.006173177477547135,30.75,0.5200004577636719,-0.1453712037632131,-0.20422261081139634,0.005823194551599384,0.846509669337095,-0.16663365474873398,-0.022226504159571232,38794.97265625,315.5783386230469
2022-03-12,0.002806706804667275,0.0,0.0,30.75,0.0,-0.1785970216961277,-0.22584951471645887,0.0,0.846509669337095,-0.16663365474873398,0.0,38904.01171875,315.5783386230469
2022-03-13,-0.027475269974984843,0.0,0.0,30.75,0.0,0.1507022952853982,0.09825720239735776,0.0,0.846509669337095,-0.16663365474873398,0.0,37849.6640625,315.5783386230469
2022-03-14,0.04689129940953424,-0.01939137514798122,-0.0006055625161930736,31.770000457763672,1.0200004577636719,-0.2531350787798622,-0.2957643446550114,-0.08987147676542435,0.7742686177169227,-0.2558364142869337,-0.024254573825061108,39666.75390625,309.5177917480469
2022-03-15,-0.00830247189817811,0.030884832849331134,0.00010096539017414216,29.82999992370605,-1.9400005340576207,0.1284884142945361,0.08340080513880019,0.004267407680701863,0.6990849181327726,-0.35798305895856497,0.05610803182360138,39338.78515625,319.2263488769531
2022-03-16,0.044865467674200424,0.036415619838412135,-0.00698916445543354,26.670000076293945,-3.159999847412106,-0.0653111229386625,-0.11180888046538115,0.050984384382004054,0.650058978609542,-0.4306921838863731,0.04454549373419009,41143.9296875,331.0654296875
2022-03-17,-0.004690916877794194,0.012033294864167461,-0.0037679673719654017,25.670000076293945,-1.0,-0.0194510391658247,-0.06853274713729415,0.06258412186930669,0.5909898674943527,-0.5259564064026169,0.006888602648621512,40951.37890625,335.07330322265625
2022-03-18,0.020538517974936225,0.020261423141269098,0.0022421657838627884,23.8700008392334,-1.7999992370605469,0.0843547240394815,0.034400515046899637,0.020863395763575616,0.5213768679579737,-0.6512821437181997,0.041695791172029,41801.15625,341.9316101074219
2022-03-19,0.009274687432012266,0.0,0.0,23.8700008392334,0.0,-0.0272057449040613,-0.07268125522198757,0.0,0.5213768679579737,-0.6512821437181997,0.0,42190.65234375,341.9316101074219
2022-03-20,-0.022600322885966202,0.0,0.0,23.8700008392334,0.0,0.2464641364132559,0.19191405455592772,0.0,0.5213768679579737,-0.6512821437181997,0.0,41247.82421875,341.9316101074219
2022-03-21,-0.004125761887466681,-0.0027839363799889434,0.002744846317045894,23.530000686645508,-0.3400001525878906,0.0414832035893608,-0.016215820507051643,0.024157145131504302,0.5464231334389713,-0.6043616337027268,0.0031651776333091316,41077.99609375,340.98101806640625
2022-03-22,0.03070379130997368,0.0194620049755651,-0.000101549686253537,22.940000534057617,-0.5900001525878906,0.0088363409507043,-0.03340321498449676,0.044165867495084186,0.5376412575987526,-0.6205637486725721,0.004180206281161175,42358.80859375,347.68218994140625
2022-03-23,0.012531246090632069,-0.01447582866443762,0.001319110154342552,23.56999969482422,0.6299991607666016,-0.1798776514610271,-0.18516029330807854,0.0043662002207260665,0.5451494526698918,-0.6066952968293482,-0.024637208298183923,42892.95703125,342.6854553222656
2022-03-24,0.024593725965785046,0.02198352978250143,0.00172228567765938,21.670000076293945,-1.8999996185302734,0.0011100054300697,-0.00808600998526439,0.033601154245968226,0.5329949009598018,-0.6292434215415997,0.05445172954219262,43960.93359375,350.30230712890625
2022-03-25,0.008782716407665668,-0.0008345885473329772,0.00020239517499096564,20.809999465942383,-0.8600006103515625,0.0420132516828844,0.03531452223883443,-0.021733070043925284,0.5640943501383507,-0.5725337539957229,-0.008892896170229337,44348.73046875,350.01007080078125
2022-03-26,0.0034237154855725296,0.0,0.0,20.809999465942383,0.0,0.0008553211615092,-0.005586098372562246,0.0,0.5640943501383507,-0.5725337539957229,0.0,44500.828125,350.01007080078125
2022-03-27,0.050813175792382204,0.0,0.0,20.809999465942383,0.0,-0.5937123885558256,-0.5804871146116009,0.0,0.5640943501383507,-0.5725337539957229,0.0,46820.4921875,350.01007080078125
2022-03-28,0.0065464127633699815,0.015353925771682356,0.0028297016146185466,19.6299991607666,-1.1800003051757812,0.2704114765893984,0.27561463202129693,0.045821218988969466,0.5125092420287017,-0.6684365349054354,0.020852603980913518,47128.00390625,355.4255676269531
2022-03-29,0.00714059973919024,0.017063355169690545,-0.006987671548294082,18.899999618530277,-0.7299995422363246,0.117373825705009,0.1344938832034282,0.00802367193243816,0.5490852258867639,-0.5995016111114354,0.015206425389253434,47465.73046875,361.5423583984375
2022-03-30,-0.0085279952347302,-0.01110693234326432,-0.006218487878745843,19.32999992370605,0.43000030517577414,0.0452169738452107,0.04977960185690879,-0.03502805395152763,0.5709601659991864,-0.5604358335823868,-0.01960898136222611,47062.6640625,357.5489501953125
2022-03-31,-0.03291800954258311,-0.012472212198598745,0.005303394858718645,20.559999465942383,1.2299995422363317,0.0517338412806902,0.053538188435647595,-0.022497158399468874,0.5871686309426073,-0.5324432245280716,-0.016269420758153137,45538.67578125,353.1172180175781
2022-04-01,0.016183454010017757,-0.0019053751063326724,0.00324972057349313,19.6299991607666,-0.9300003051757812,0.0695797579713407,0.06907281929365018,0.0015386883613931867,0.5807934238088968,-0.5433601381787364,-0.008833432646009113,46281.64453125,352.4450378417969
2022-04-02,-0.008957035540670266,0.0,0.0,19.6299991607666,0.0,0.178173023672826,0.1682238191266838,0.0,0.5807934238088968,-0.5433601381787364,0.0,45868.94921875,352.4450378417969
2022-04-03,0.012664841243046981,0.0,0.0,19.6299991607666,0.0,0.0249109640986425,0.01829510850881815,0.0,0.5807934238088968,-0.5433601381787364,0.0,46453.56640625,352.4450378417969
2022-04-04,0.0036337857461326666,0.020379513430493247,0.003643366232877342,18.56999969482422,-1.0599994659423828,-0.1383899415227217,-0.13892668825085727,0.02139901233397239,0.5826702686538787,-0.5401338295536243,0.020873470373301332,46622.67578125,359.7013854980469
2022-04-05,-0.02314486060589607,-0.022454065581170548,0.0048372900849454935,21.030000686645508,2.460000991821289,0.1538347298233784,0.15988297586859768,-0.06390487522374176,0.607304340860118,-0.4987252283022131,-0.033356808195793314,45555.9921875,351.7146301269531
2022-04-06,-0.05294570510057487,-0.021950510844925768,0.0013060458340874033,22.100000381469727,1.0699996948242188,0.1578258599529424,0.15312705276711888,-0.059817285537520797,0.6277097001728856,-0.4656774802606336,-0.04893065041586467,43206.73828125,344.07843017578125
2022-04-07,0.0068529242315328075,0.0023747891186081897,0.0015049064994896637,21.549999237060547,-0.5500011444091797,-0.0341618490103021,-0.04012033680854902,-0.004797827897767567,0.6334798397936521,-0.45652710325746926,-0.0009813333765716428,43503.84765625,344.8965148925781
2022-04-08,-0.028353972258937266,-0.014077749098774454,0.0005011581261803926,21.15999984741211,-0.3899993896484375,0.121265417792312,0.11066521251708553,-0.03958087447421921,0.6494876429333021,-0.43157146855931827,-0.030367995055688143,42287.6640625,340.0751647949219
2022-04-09,0.011625235289932529,0.0,0.0,21.15999984741211,0.0,-0.0188312386147584,-0.026850881386977193,0.0,0.6494876429333021,-0.43157146855931827,0.0,42782.13671875,340.0751647949219
2022-04-10,-0.013518646577317169,0.0,0.0,21.15999984741211,0.0,0.1442376996776726,0.12656442679075763,0.0,0.6494876429333021,-0.43157146855931827,0.0,42207.671875,340.0751647949219
2022-04-11,-0.06574699455484899,-0.02394143541210706,0.0013017300314402068,24.3700008392334,3.210000991821289,0.1315010555361559,0.10349118007483146,-0.029147780131995583,0.6565635598014794,-0.4207357737771835,-0.046811117966877744,39521.90234375,332.02996826171875
2022-04-12,0.015198991801760951,-0.004233320796595742,0.0035960543013233825,24.26000022888184,-0.11000061035155895,-0.2503590390670913,-0.26500020338333274,-0.07512631632268245,0.5932112119130692,-0.5222047681669205,-0.0151525589079714,40127.18359375,330.6273498535156
2022-04-13,0.02557641749549052,0.020123376107564386,-0.00409656031616372,21.81999969482422,-2.4400005340576207,-0.0136218159327878,-0.03624675567726507,0.04292220574056189,0.5899050334100033,-0.527793715359903,0.025754548157303245,41166.73046875,337.3480834960937
2022-04-14,-0.030364373354540806,-0.02313270012108093,0.004395635929834156,22.700000762939453,0.8800010681152344,-0.0332082227872824,-0.05044327462903239,-0.05604246044345901,0.590045847773592,-0.5275550370106552,-0.035475979420185086,39935.515625,329.6338806152344
2022-04-15,0.015355179227128868,0.0,0.0,22.700000762939453,0.0,-0.2155568743307325,-0.2277837344594135,0.0,0.590045847773592,-0.5275550370106552,0.0,40553.46484375,329.6338806152344
2022-04-16,-0.0031855728397045674,0.0,0.0,22.700000762939453,0.0,-0.1779568153118836,-0.18490014956902928,0.0,0.590045847773592,-0.5275550370106552,0.0,40424.484375,329.6338806152344
2022-04-17,-0.017657522881942136,0.0,0.0,22.700000762939453,0.0,0.0326450645878944,0.027425385645801617,0.0,0.590045847773592,-0.5275550370106552,0.0,39716.953125,329.6338806152344
2022-04-18,0.027546268364385663,0.0007679357510255479,0.004574837297311401,22.170000076293945,-0.5300006866455078,-0.0370981765220359,-0.041988107743529526,-0.02259953553273379,0.5718729371442592,-0.5588384501382946,0.013429488937758938,40826.21484375,329.8871154785156
2022-04-19,0.016435294339235306,0.022104648919852993,0.0017844785847858184,21.3700008392334,-0.7999992370605469,0.0049876213022028,0.008146907251077605,0.012101378644748036,0.5566572109031096,-0.585805648785316,0.017884303651818045,41502.75,337.2603454589844
2022-04-20,-0.003097867846210707,-0.014691865337931008,-0.005661795101053662,20.31999969482422,-1.0500011444091797,-0.0404247004840801,-0.034535151066090605,-0.04589103085528701,0.5659340586163438,-0.5692777117775035,-0.014539099143901533,41374.37890625,332.3415832519531
2022-04-21,-0.020684439708319406,-0.020908106182401822,0.001890854325145617,22.68000030517578,2.3600006103515625,0.2124895361496211,0.21159064572764671,-0.0641127826116573,0.5731707203894582,-0.5565716653002465,-0.0409730233661115,40527.36328125,325.465087890625
2022-04-22,-0.019611085251918917,-0.026534910501331402,0.006342928897055712,28.209999084472656,5.529998779296875,-0.0861554140247595,-0.0901783790279428,-0.04806312019084571,0.6004746944079926,-0.5100347792193382,-0.029048973045206865,39740.3203125,316.9424743652344
2022-04-23,-0.006401619327578674,0.0,0.0,28.209999084472656,0.0,-0.0096428754794307,-0.013307411118963997,0.0,0.6004746944079926,-0.5100347792193382,0.0,39486.73046875,316.9424743652344
2022-04-24,-0.00044170158334548267,0.0,0.0,28.209999084472656,0.0,-0.0043455459193504,-0.006464788305475869,0.0,0.6004746944079926,-0.5100347792193382,0.0,39469.29296875,316.9424743652344
2022-04-25,0.024749050076096804,0.012763995601066395,0.005222446476871968,27.020000457763672,-1.1899986267089844,-0.0736487319556484,-0.07328450590453528,0.0015434599146151723,0.5912267181538918,-0.5255557172808716,0.021878426988272325,40458.30859375,321.01385498046875
2022-04-26,-0.05959955698854747,-0.03847579308852843,0.005390878466330474,33.52000045776367,6.5,0.0322809735941636,0.011778754240277075,-0.10974261296347855,0.57666099223232,-0.5505007202663964,-0.047861435926471935,38117.4609375,308.8971862792969
2022-04-27,0.029052734994520196,-0.0011988084132824304,0.00633370104165687,31.600000381469727,-1.9200000762939453,-0.1043153969842103,-0.11232672055230987,-0.018676358057772038,0.5797332725754198,-0.5451871560865159,0.01346739424522081,39241.12109375,308.527099609375
2022-04-28,0.013483906721524785,0.03489925858162529,0.006486984062242926,29.989999771118164,-1.6100006103515625,0.0441009222066174,0.038532028755130884,0.018202587747026464,0.577353627964315,-0.5493003267825639,0.046993370698757905,39773.828125,319.48455810546875
2022-04-29,-0.02970235366082905,-0.04604212309837366,-0.006389833497131607,33.400001525878906,3.410001754760742,0.1204405250242434,0.11236417986678914,-0.04905729727672231,0.5808252877852017,-0.5433052768442987,-0.05358792425998225,38609.82421875,305.1083068847656
2022-04-30,-0.023452178557919624,0.0,0.0,33.400001525878906,0.0,0.4080506199476997,0.38809704883467844,0.0,0.5808252877852017,-0.5433052768442987,0.0,37714.875,305.1083068847656
2022-05-01,0.019800580200401846,0.0,0.0,33.400001525878906,0.0,0.1647804121977789,0.14165348594387636,0.0,0.5808252877852017,-0.5433052768442987,0.0,38469.09375,305.1083068847656
2022-05-02,0.0015645616058173508,0.016558145617572642,0.007547193935292776,32.34000015258789,-1.0600013732910156,0.0033237667572226,-0.01397485093282648,0.05854034768944886,0.570723197292418,-0.5608509551787779,0.038266399038624964,38529.328125,310.202392578125
2022-05-03,-0.02042224184090012,0.0010668490531732756,-0.002606020916583909,29.25,-3.0900001525878906,-0.0366998906056177,-0.051944813138858105,0.009291127696321006,0.5870697117153219,-0.5326117068947699,-0.002987702587031592,37750.453125,310.53350830078125
2022-05-04,0.050312677532991644,0.03325312176557337,-0.00854130101144413,25.420000076293945,-3.8299999237060547,0.0609482658441098,0.03905873639864167,0.051726049827621357,0.57221922768601,-0.5582330958443473,0.03267409244369965,39698.37109375,321.0333251953125
2022-05-05,-0.08194136472907673,-0.05167671172760528,0.011243732707740027,31.200000762939453,5.780000686645508,-0.1001141058497297,-0.11353867410609422,-0.10746056067736631,0.6024553240503153,-0.5067417673204784,-0.06031580332722651,36575.140625,304.86474609375
2022-05-06,-0.014713780107637159,-0.012053057882732325,-0.0008678110211619636,30.190000534057617,-1.010000228881836,-0.0385967513490524,-0.04547389922868376,-0.04344819012932366,0.6187863099649671,-0.4799952840493395,-0.009250016193583118,36040.921875,301.2122497558594
2022-05-07,-0.015067299056939674,0.0,0.0,30.190000534057617,0.0,0.1429938933817461,0.13021155408904644,0.0,0.6187863099649671,-0.4799952840493395,0.0,35501.953125,301.2122497558594
2022-05-08,-0.04148559878699712,0.0,0.0,30.190000534057617,0.0,0.6573486565008696,0.6266968759178847,0.0,0.6187863099649671,-0.4799952840493395,0.0,34059.265625,301.2122497558594
2022-05-09,-0.1170549632581505,-0.0399131062838668,-9.649448640132322e-05,34.75,4.559999465942383,0.2507368469911114,0.2110994635545975,-0.11279215716432545,0.6805829372789733,-0.3848055873457055,-0.0672817677810618,30296.953125,289.4266967773437
2022-05-10,0.023678692386482958,0.012075864676443993,0.0026015011392508504,32.9900016784668,-1.7599983215332031,0.0994466790164122,0.061302329601940334,-0.13090808132708034,0.636436264275229,-0.4518710006799818,0.027886157665893148,31022.90625,292.9429626464844
2022-05-11,-0.06962706368652095,-0.030107042407721555,-0.0006738191134786619,32.560001373291016,-0.43000030517578125,0.1072607218401051,0.06992438354883493,-0.10946711832338063,0.6552197873275676,-0.422784546460401,-0.045090070867231526,28936.35546875,284.2547607421875
2022-05-12,0.0038423156405122537,-0.00236708023901291,0.00958320716594217,31.770000457763672,-0.7900009155273438,-0.1911687846433361,-0.2304781314153981,0.04037806913414333,0.6444690295734835,-0.43932851117334915,-0.02395061024770362,29047.751953125,283.58270263671875
2022-05-13,0.008069582993285078,0.03638970871973534,-0.002769696828325393,28.8700008392334,-2.8999996185302734,0.3081216377111667,0.25808750915097284,0.1333297530440878,0.6471962495346754,-0.43510570816398536,0.056390638720553624,29283.103515625,294.0922546386719
2022-05-14,0.027556540350855446,0.0,0.0,28.8700008392334,0.0,-0.0264170786008271,-0.07667757863390277,0.0,0.6471962495346754,-0.43510570816398536,0.0,30101.265625,294.0922546386719
2022-05-15,0.03921422960887751,0.0,0.0,28.8700008392334,0.0,-0.4868648529736743,-0.528081753718652,0.0,0.6471962495346754,-0.43510570816398536,0.0,31305.11328125,294.0922546386719
2022-05-16,-0.047163938825930986,-0.011659715265345033,-0.00354486711029035,27.46999931335449,-1.4000015258789098,-0.1438243787661511,-0.18617902739598646,-0.1412929451852493,0.5254164951600926,-0.6435640067912959,-0.011912994919620066,29862.91796875,290.6831359863281
2022-05-17,0.018675310971867837,0.025571891011428642,-0.007998132916947327,26.100000381469727,-1.369998931884762,-0.1679587527030841,-0.2036266074232202,0.07662982264499833,0.5552884612629223,-0.5882675502356789,0.03583694475146919,30425.857421875,298.2123107910156
2022-05-18,-0.05768962303395388,-0.05033621404386929,0.004344235747732309,30.959999084472656,4.85999870300293,0.1941744245187228,0.1507974830972281,-0.06496285503720801,0.5792469390404813,-0.546026400033236,-0.05859807733431938,28720.271484375,283.5729675292969
2022-05-19,0.054017472510896065,-0.005372494976159916,-0.010555429861685091,29.350000381469727,-1.6099987030029297,-0.1462017214293542,-0.18453901809313034,0.05322521425433218,0.6384483277660433,-0.448714534323831,0.003607528146031197,30314.333984375,282.0535583496094
2022-05-20,-0.03742660999960213,-0.0031130390521500804,0.004177402484633121,29.43000030517578,0.07999992370605469,0.0243527109858289,-0.0161438327269442,-0.048008748498367386,0.6239891979035874,-0.4716222218144906,-0.013862828094973434,29200.740234375,281.1768798828125
2022-05-21,0.007896156156526583,0.0,0.0,29.43000030517578,0.0,-0.070219585514921,-0.10129249183887604,0.0,0.6239891979035874,-0.4716222218144906,0.0,29432.2265625,281.1768798828125
2022-05-22,0.02984011653578575,0.0,0.0,29.43000030517578,0.0,-0.4209467293874316,-0.44085992519929756,0.0,0.6239891979035874,-0.4716222218144906,0.0,30323.72265625,281.1768798828125
2022-05-23,-0.04122961033666706,0.01649054169245911,-0.010427416776148729,28.479999542236328,-0.9500007629394531,-0.0346034222447925,-0.0536845998311464,-0.015504981176378177,0.5871909851504769,-0.5324051540638527,0.02183784762434248,29098.91015625,285.8520812988281
2022-05-24,0.01894978176706928,-0.02149140978212628,-0.0021575100854056128,29.450000762939453,0.970001220703125,-0.1418630290720419,-0.15636029055330608,-0.07115330327475546,0.5826810201804997,-0.5401153775611233,-0.024493720988822586,29655.5859375,279.7742614746094
2022-05-25,-0.0031485281301596416,0.013898386866488933,0.0019615242660194357,28.3700008392334,-1.0799999237060547,-0.0111065531557395,-0.02768855393033398,0.02891821632607394,0.5901287649044582,-0.527414520293702,0.030341309233957975,29562.361328125,283.6898193359375
2022-05-26,-0.010033699544872113,0.02733012461708468,-0.0022560775494817028,27.5,-0.8700008392333984,0.0195886249944026,0.0034297025064668196,0.07278821993935475,0.6068856658245405,-0.4994148650968926,0.03155540524181403,29267.224609375,291.5500183105469
2022-05-27,-0.022097889022563728,0.03211826506468396,-0.0015725178877732703,25.71999931335449,-1.7800006866455114,0.1738140633914062,0.14838415889094986,0.03799555062327676,0.581410249761393,-0.542298661564198,0.03980629311131803,28627.57421875,301.06610107421875
2022-05-28,0.006522241153916333,0.0,0.0,25.71999931335449,0.0,0.0946718850497067,0.06755628178781406,0.0,0.581410249761393,-0.542298661564198,0.0,28814.900390625,301.06610107421875
2022-05-29,0.02166399017895866,0.0,0.0,25.71999931335449,0.0,-0.1645291659177001,-0.18214577948152794,0.0,0.581410249761393,-0.542298661564198,0.0,29445.95703125,301.06610107421875
2022-05-30,0.07459222816391974,0.0,0.0,25.71999931335449,0.0,-1.0152406637021918,-0.9854142344776899,0.0,0.581410249761393,-0.542298661564198,0.0,31726.390625,301.06610107421875
2022-05-31,0.0020756074770069063,-0.0026561462319275547,0.0007865680454182503,26.190000534057617,0.47000122070312855,-0.053715081827164,-0.016605469468497384,0.00947158231249287,0.5875161083410052,-0.5318516148869271,-0.006221520686757447,31792.310546875,300.2674865722656
2022-06-01,-0.06474693067083527,-0.007423643255449221,0.007831689954415202,25.690000534057617,-0.5,0.0950042435899965,0.12905784005423732,-0.07009037696890755,0.6176056269291477,-0.4819051693526677,-0.008505499497619407,29799.080078125,298.0466613769531
2022-06-02,0.02218263391098452,0.027017568943481736,-0.007635182058772564,24.71999931335449,-0.9700012207031286,-0.0699059717472915,-0.034745505911661555,0.061636209264319196,0.6344061614623796,-0.45506589644135553,0.037512616803103416,30467.48828125,306.2089233398437
2022-06-03,-0.02536528971019155,-0.026363907649402267,0.0036290830255138835,24.790000915527344,0.07000160217285512,-0.0684305403083824,-0.02895744760100271,-0.06044175064271118,0.6479591787084845,-0.4339275804344223,-0.03113770366616988,29704.390625,298.2415466308594
2022-06-04,0.00431741536890466,0.0,0.0,24.790000915527344,0.0,-0.1198330388546836,-0.07970264838047211,0.0,0.6479591787084845,-0.4339275804344223,0.0,29832.9140625,298.2415466308594
2022-06-05,0.002468985857085947,0.0,0.0,24.790000915527344,0.0,-0.1491288227415361,-0.10531402988757516,0.0,0.6479591787084845,-0.4339275804344223,0.0,29906.662109375,298.2415466308594
2022-06-06,0.04779217112896654,0.0033254515718383216,0.0029328699200116574,25.06999969482422,0.279998779296875,0.0456457389789328,0.09270547031298752,-0.030995071907137805,0.6032763602753266,-0.5053798783320982,-0.000597320560619186,31370.671875,299.2349853515625
2022-06-07,-0.006883334658869973,0.008588928367958226,-0.0011721308758475182,24.020000457763672,-1.0499992370605469,-0.0425524578874665,0.027837310592866087,-0.045132637457158,0.5938265544424215,-0.5211679981467713,0.010640875994717181,31155.478515625,301.816162109375
2022-06-08,-0.030672946983430784,-0.007222646848839821,0.0021478209960193377,23.959999084472656,-0.060001373291015625,-0.0533609140419205,0.027165446472846487,-0.01611583318636516,0.601953920328966,-0.507574380907024,-0.011142756686307959,30214.35546875,299.64410400390625
2022-06-09,-0.0033934595457949636,-0.027149742620177164,0.006609669262763562,26.09000015258789,2.1300010681152344,-0.0665507668863564,0.019508841825169543,-0.08926347484213631,0.6069078921570011,-0.49937824217643473,-0.026853331879678782,30111.998046875,291.6182861328125
2022-06-10,-0.03474221923780006,-0.03590785217679815,0.008969537810954704,27.75,1.6599998474121094,-0.0675859390172849,0.024301891722820712,-0.031797308599456335,0.6175468640077494,-0.4820003202297842,-0.053469376859095266,29083.8046875,281.3326721191406
2022-06-11,-0.02517319741030233,0.0,0.0,27.75,0.0,0.2366037256378551,0.314232472701921,0.0,0.6175468640077494,-0.4820003202297842,0.0,28360.810546875,281.3326721191406
2022-06-12,-0.05800108151881945,0.0,0.0,27.75,0.0,0.96732648902286,1.0229817410432027,0.0,0.6175468640077494,-0.4820003202297842,0.0,26762.6484375,281.3326721191406
2022-06-13,-0.17405255177667042,-0.04761176198868327,0.008889799884915986,34.02000045776367,6.270000457763672,0.3322455998123254,0.3759454292188964,-0.13161648753670338,0.5777284116518184,-0.5486513967710124,-0.06237110336896548,22487.388671875,268.2518005371094
2022-06-14,-0.012556416941057361,0.0018138106875713537,0.004178494353135296,32.689998626708984,-1.3300018310546875,-0.0441988911402567,-0.01525459379479958,-0.0007542662925245693,0.5322878182385876,-0.6305709242079063,0.010584785609374876,22206.79296875,268.7388000488281
2022-06-15,0.01634917508386348,0.024665266772956686,-0.00341744190996728,29.6200008392334,-3.069997787475586,-0.5038833484724019,-0.46293708547006973,0.017304449655650464,0.546468416643295,-0.6042787650880939,0.036005669078997646,22572.83984375,275.4497375488281
2022-06-16,-0.10211240133010355,-0.04118300096403246,-0.014656197993455756,32.95000076293945,3.3299999237060547,0.2404219098348363,0.26775548408590444,-0.04944203823367201,0.5508038439452752,-0.5963765333116204,-0.04250050846141616,20381.650390625,264.3363037109375
2022-06-17,0.004397810882562394,0.012085959931470295,0.010272252036461003,31.1299991607666,-1.8200016021728516,-0.0008689679688751,0.032966052698446296,0.0653277705348071,0.5487114847231238,-0.6001825043487121,0.01430312117123132,20471.482421875,267.5504455566406
2022-06-18,-0.07366571122488891,0.0,0.0,31.1299991607666,0.0,0.9164274168527518,0.914841466244003,0.0,0.5487114847231238,-0.6001825043487121,0.0,19017.642578125,267.5504455566406
2022-06-19,0.07765301952407,0.0,0.0,31.1299991607666,0.0,-0.0486179445087199,-0.04777153993431708,0.0,0.5487114847231238,-0.6001825043487121,0.0,20553.271484375,267.5504455566406
2022-06-20,0.002248480532576946,0.0,0.0,31.1299991607666,0.0,-0.0754602059379558,-0.07443911401611848,0.0,0.5487114847231238,-0.6001825043487121,0.0,20599.537109375,267.5504455566406
2022-06-21,0.005376928208097346,0.024916559741882966,-0.0024863215217631475,30.190000534057617,-0.9399986267089844,0.0865657358013984,0.07066974555027472,-0.006536445563053698,0.47535211164145874,-0.7436994618992634,0.03329285048164837,20710.59765625,274.3006286621094
2022-06-22,-0.03556200532463169,-0.0014591846253965298,-0.0023006671753253364,28.950000762939453,-1.239999771118164,0.0708283565542848,0.0514179736765252,-0.07502898992458516,0.4701633152282978,-0.7546751654258075,-0.007460028433264874,19987.029296875,273.9006652832031
2022-06-23,0.053519949652552336,0.014782824717957967,0.0022048933819938696,29.049999237060547,0.09999847412109375,-0.1057828157898563,-0.12639587244368874,0.005766464652193714,0.41860463504471523,-0.8708283963016898,0.0070490136067879105,21085.876953125,277.9797668457031
2022-06-24,0.006889809613761697,0.03368949709579821,-0.002300814557414017,27.229999542236328,-1.8199996948242188,-0.0139918576771418,-0.03450873751359417,0.011127378496663681,0.38996578842903795,-0.9416962656830683,0.043812022461383784,21231.65625,287.5043029785156
2022-06-25,0.01266838104662478,0.0,0.0,27.229999542236328,0.0,-0.1648774202151165,-0.17924543187791825,0.0,0.38996578842903795,-0.9416962656830683,0.0,21502.337890625,287.5043029785156
2022-06-26,-0.02234031636729734,0.0,0.0,27.229999542236328,0.0,0.1024984731991296,0.09050764787607042,0.0,0.38996578842903795,-0.9416962656830683,0.0,21027.294921875,287.5043029785156
2022-06-27,-0.013975180844796839,-0.0073588679998336,-0.002402345787436545,26.950000762939453,-0.279998779296875,0.0373397610243991,0.027260006502183506,-0.035281499821820134,0.44345421643770516,-0.8131607149453115,-0.012836125234148147,20735.478515625,285.3963623046875
2022-06-28,-0.022179692795419582,-0.03094017529669705,0.005468947977946458,28.36000061035156,1.4099998474121058,-0.0625038221016912,-0.07598442141777376,-0.05131565923854565,0.4441558358319032,-0.8115797965261612,-0.04313934010602004,20280.634765625,276.70135498046875
2022-06-29,-0.00874651225988825,0.0009164263016642069,0.0057246455951986885,28.15999984741211,-0.20000076293944957,0.0483345412434933,-0.0005985649041120936,-0.07293895366798481,0.4633891233910903,-0.7691881385776375,-0.006643335024551485,20104.0234375,276.9550476074219
2022-06-30,-0.016009711756282033,-0.012480727994730054,-0.004003800990449936,28.709999084472656,0.5499992370605469,-0.621525837678607,-0.6515319186311643,-0.014541860862084892,0.5074349281261062,-0.6783867967283082,-0.019109096039659802,19784.7265625,273.5199279785156
2022-07-01,-0.02639361166796203,0.006578777947818311,0.00428916393456827,26.700000762939453,-2.009998321533203,0.0284178377354925,0.0006313036447520085,0.021978614519728587,0.5298616149432919,-0.6351394104101039,-0.016105179625771508,19269.3671875,275.3252868652344
2022-07-02,-0.0014079558563739067,0.0,0.0,26.700000762939453,0.0,0.0453652468753917,0.013736338830561766,0.0,0.5298616149432919,-0.6351394104101039,0.0,19242.255859375,275.3252868652344
2022-07-03,0.0028449039765122944,0.0,0.0,26.700000762939453,0.0,0.0111460376475832,-0.02313542299577892,0.0,0.5298616149432919,-0.6351394104101039,0.0,19297.076171875,275.3252868652344
2022-07-04,0.04727542718300751,0.0,0.0,26.700000762939453,0.0,-0.5434728084610702,-0.5636329434508861,0.0,0.5298616149432919,-0.6351394104101039,0.0,20231.26171875,275.3252868652344
2022-07-05,-0.002035878126304793,0.016974970592379297,0.0128521955633097,27.540000915527344,0.8400001525878906,0.1188015600533173,0.08971041230367295,0.07095481435364749,0.4672619091733091,-0.7608653451739289,0.021216132028024116,20190.115234375,280.038818359375
2022-07-06,0.017582449257883936,0.006391583364025895,0.005617978056987879,26.729999542236328,-0.8100013732910156,-0.1595733820803973,-0.18182389246139732,-0.024585310146214265,0.49543216071831037,-0.7023248453454493,0.01186713677415255,20548.24609375,281.8344421386719
2022-07-07,0.05165639338861742,0.021173256580218274,0.0002800614301565808,26.07999992370605,-0.649999618530277,0.120574683540876,0.09288660177893124,0.1267787743826683,0.46573302373776615,-0.7641427194663605,0.027593450624449057,21637.587890625,287.86541748046875
2022-07-08,0.0043132227124235666,0.0012536698337353416,-0.0011207166348093695,24.63999938964844,-1.44000053405761,0.0187102092585409,-0.011380243280085904,0.0721264844263814,0.44231804742511793,-0.8157260913564923,-0.002011286556244922,21731.1171875,288.2265319824219
2022-07-09,-0.0064127411638449485,0.0,0.0,24.63999938964844,0.0,0.0960307402573085,0.0605209041472262,0.0,0.44231804742511793,-0.8157260913564923,0.0,21592.20703125,288.2265319824219
2022-07-10,-0.03447747972502637,0.0,0.0,24.63999938964844,0.0,0.5203439897758074,0.4652364893726221,0.0,0.44231804742511793,-0.8157260913564923,0.0,20860.44921875,288.2265319824219
2022-07-11,-0.04359596339476734,-0.021596099530022596,0.009394056085966329,26.170000076293945,1.5300006866455043,0.2910945557057875,0.2341706943003377,-0.07881813480696653,0.43731779398387755,-0.8270951308265511,-0.028058824882629594,19970.556640625,282.0686950683594
2022-07-12,-0.03291562138901987,-0.009734522989268057,0.0004627984034218187,27.290000915527344,1.1200008392333984,-0.0055355633260439,-0.030030689653196895,-0.044932096618143756,0.41481703598138236,-0.8799177331196407,-0.023237787148015783,19323.9140625,279.3362121582031
2022-07-13,0.044936759944821686,-0.0020635725006200303,-0.0010183828216448385,26.81999969482422,-0.470001220703125,-0.3544856676982411,-0.3560897517750419,0.016743568790804728,0.4140995202927825,-0.8816489468645574,0.0008350299867137085,20212.07421875,278.7603759765625
2022-07-14,0.017549651263241726,0.003564855783499025,0.00535799740063118,26.399999618530277,-0.42000007629394176,0.0321324020710991,0.027983941553919797,0.0021865668327835674,0.39041096463640096,-0.9405553391910751,0.009495309143378927,20569.919921875,279.7558898925781
2022-07-15,0.012868197042892807,0.017976669972323608,-0.004432171247331225,24.229999542236328,-2.170000076293949,0.2036857201777244,0.1759516240388742,0.03226103259277431,0.3936765497013871,-0.932225646684048,0.01769556672945466,20836.328125,284.8304443359375
2022-07-16,0.016846296291970084,0.0,0.0,24.229999542236328,0.0,-0.0001791797218695,-0.019893239542162825,0.0,0.3936765497013871,-0.932225646684048,0.0,21190.31640625,284.8304443359375
2022-07-17,-0.01958489970974724,0.0,0.0,24.229999542236328,0.0,0.2371525809134371,0.20950446946373338,0.0,0.3936765497013871,-0.932225646684048,0.0,20779.34375,284.8304443359375
2022-07-18,0.07891967823012867,-0.008498590827902056,-0.006405766796279031,25.299999237060547,1.0699996948242188,-0.4619948816404322,-0.4436955831403631,0.054099938026207835,0.3435340611415378,-1.0684690131627788,0.005805759244175739,22485.689453125,282.4200439453125
2022-07-19,0.03940528200341783,0.03028963266363849,-0.006447136852099979,24.5,-0.7999992370605469,0.0362042488804122,0.05167614093417686,0.13690828542948322,0.3203824319452192,-1.1382398969228922,0.03720777322079432,23389.43359375,291.1053161621094
2022-07-20,-0.006765243636369361,0.015732182999768824,0.003742533577548245,23.8799991607666,-0.6200008392333984,0.2392938605071676,0.24427395034609484,0.030541563504930036,0.3522541128133004,-1.0434024524353125,0.0286754735015801,23231.732421875,295.72125244140625
2022-07-21,-0.0028926217700481673,0.014252969491544422,-0.0015888424724860583,23.11000061035156,-0.7699985504150426,0.0338642647017906,0.04060107024403808,0.021440462917616393,0.33147257074730724,-1.1042102156233164,0.011652774102509405,23164.62890625,299.9663391113281
2022-07-22,-0.019601945764881813,-0.0176908986352872,-0.001685080901090523,23.030000686645508,-0.07999992370605113,-0.0528172274816254,-0.04195890247151425,-0.08669502228335439,0.33487200694137237,-1.0940068889956873,-0.029201022706816473,22714.978515625,294.7063293457031
2022-07-23,-0.011044710597189035,0.0,0.0,23.030000686645508,0.0,0.0798673311700026,0.08453731794811845,0.0,0.33487200694137237,-1.0940068889956873,0.0,22465.478515625,294.7063293457031
2022-07-24,0.006375470790258249,0.0,0.0,23.030000686645508,0.0,0.0030974718838081,0.00719781434322562,0.0,0.33487200694137237,-1.0940068889956873,0.0,22609.1640625,294.7063293457031
2022-07-25,-0.056755659782032404,-0.005711876535557398,-0.0023451067651711743,23.36000061035156,0.32999992370605113,0.2939646934939693,0.28277029882975063,-0.049975457221937025,0.3453770155412532,-1.0631186599502913,-0.011536957566506668,21361.701171875,293.0278015136719
2022-07-26,-0.0057250438268413185,-0.01984456347290544,0.006645777866585077,24.690000534057617,1.3299999237060582,-0.1834789090401493,-0.185140724296392,-0.08874697546237913,0.3621460582562366,-1.0157076726849001,-0.028202543746454582,21239.75390625,287.2701110839844
2022-07-27,0.07659542154936112,0.041391262814546304,-0.006927620808838488,23.239999771118164,-1.4500007629394531,-0.0787851154824593,-0.07657610152180673,0.09223716276419858,0.3370858170965284,-1.0874177309095518,0.06899523165331875,22930.548828125,299.4100952148437
2022-07-28,0.03905783089201425,0.00973043986389318,-0.0009398353724893322,22.32999992370605,-0.9099998474121129,-0.0195706610463406,-0.01879275245419972,0.040804049972468066,0.3254032292720183,-1.1226901602390105,0.01949323918539335,23843.88671875,302.33770751953125
2022-07-29,-0.001647644691440151,0.018072899173043368,-0.004240260282498767,21.32999992370605,-1.0,0.1400482377215832,0.13776902309778777,-0.0046076218337292975,0.3339506232374502,-1.0967621315524636,0.012724104115919505,23804.6328125,307.8515014648437
2022-07-30,-0.006254683466181995,0.0,0.0,21.32999992370605,0.0,0.2162183583886958,0.1860143372293236,0.0,0.3339506232374502,-1.0967621315524636,0.0,23656.20703125,307.8515014648437
2022-07-31,-0.013589886059606543,0.0,0.0,21.32999992370605,0.0,0.3833685776722768,0.34133286518167844,0.0,0.3339506232374502,-1.0967621315524636,0.0,23336.896484375,307.8515014648437
2022-08-01,-0.0009730647082914476,-0.0006025004545328384,-0.0042583890315845505,22.84000015258789,1.5100002288818395,-0.1462795523449614,-0.18192710486154798,-0.007633646804381139,0.33931551589669773,-1.080824879098984,0.002708926322746401,23314.19921875,307.66607666015625
2022-08-02,-0.01452024708261338,-0.002986123015551638,0.007463787636079219,23.93000030517578,1.0900001525878906,0.0114279924615777,-0.0242289585488087,0.052884997182174896,0.32448495778092534,-1.1255160989789075,-0.003471150287250314,22978.1171875,306.74871826171875
2022-08-03,-0.005744061707541017,0.026868233054961332,0.002538231891160657,21.950000762939453,-1.9799995422363281,0.3642528791838741,0.29833840525198957,0.0652827203056689,0.36290324397049567,-1.0136190257826858,0.023536321006154104,22846.5078125,315.10223388671875
2022-08-04,-0.009479525568520927,0.004665683480035951,-0.007728593390747431,21.440000534057617,-0.5100002288818359,-0.0933007107072119,-0.15214510894707878,-0.013439815293794512,0.34166986041147324,-1.0739103285756508,0.010534241021154397,22630.95703125,316.5758361816406
2022-08-05,0.028675899088160428,-0.008202686434574958,0.008760833034145933,21.149999618530277,-0.2900009155273402,-0.1696818274944861,-0.22818927755388338,0.03341305946041064,0.3420664063475999,-1.0727503901611872,-0.007221649307425607,23289.314453125,313.9896850585937
2022-08-06,-0.014185359813054537,0.0,0.0,21.149999618530277,0.0,-0.0006685848075585,-0.055134592588674626,0.0,0.3420664063475999,-1.0727503901611872,0.0,22961.279296875,313.9896850585937
2022-08-07,0.009303252730044901,0.0,0.0,21.149999618530277,0.0,-0.1117837299941952,-0.1618999398002201,0.0,0.3420664063475999,-1.0727503901611872,0.0,23175.890625,313.9896850585937
2022-08-08,0.02697154534457858,-0.00323728812977368,-0.001689668108678977,21.290000915527344,0.14000129699706676,0.0884590298788634,0.03859521041878664,0.05514614277543193,0.374999987263965,-0.9808292869744868,-0.03712598758091209,23809.486328125,312.974853515625
2022-08-09,-0.02747099349637511,-0.011383085496400255,-0.0006578609618180143,21.770000457763672,0.4799995422363281,-0.0540408870694598,-0.08475854396802765,-0.035593904522705826,0.3798032270873106,-0.9681019838330176,-0.01675353198791393,23164.318359375,309.43243408203125
2022-08-10,0.03325679505388167,0.02752829169292161,-0.01106033679008999,19.739999771118164,-2.030000686645508,-0.1466411955182501,-0.16276766070935003,0.12422370665585614,0.3538950662758916,-1.0387548327397875,0.04074826799937077,23947.642578125,318.06890869140625
2022-08-11,0.00041276206736784357,-0.005692265441584905,-0.0010461802643629073,20.200000762939453,0.46000099182128906,0.143990158365369,0.12287950245122198,0.023408771435425305,0.3660906966321467,-1.0048741712734945,-0.008015086670398726,23957.529296875,316.2635192871094
2022-08-12,0.018415982056898608,0.01928355654663982,0.005125304803016102,19.530000686645508,-0.6700000762939453,-0.0800653548998526,-0.1103233545739459,0.024661324784984284,0.3356244447563233,-1.0917624680776998,0.02937708870800399,24402.818359375,322.42138671875
2022-08-13,0.0008704221288590054,0.0,0.0,19.530000686645508,0.0,-0.0904362156213897,-0.11660859470573337,0.0,0.3356244447563233,-1.0917624680776998,0.0,24424.068359375,322.42138671875
2022-08-14,-0.0042973830773317305,0.0,0.0,19.530000686645508,0.0,-0.0391461301165425,-0.05722411419107728,0.0,0.3356244447563233,-1.0917624680776998,0.0,24319.333984375,322.42138671875
2022-08-15,-0.00752687118445491,0.00804874839621726,0.008671991353024091,19.950000762939453,0.4200000762939453,-0.0680976814453319,-0.08391171546241794,0.019215382996609447,0.35005992356063137,-1.0496509289802343,0.011223379075254144,24136.97265625,325.0269470214844
2022-08-16,-0.010565706274135412,-0.002344800304182115,-0.00046940203670200613,19.690000534057617,-0.26000022888183594,0.031005266904613,0.022062810021154435,-0.05694627742955701,0.3499842125891164,-1.0498672324042628,-0.0053324038013426445,23883.291015625,324.2657165527344
2022-08-17,-0.023181944883864696,-0.011471366645116606,0.000657058219766783,19.899999618530277,0.2099990844726598,-0.0545070564346543,-0.07703244082497213,-0.09808593767745617,0.3520249288284651,-1.0440532853562834,-0.01593906519760619,23335.998046875,320.56719970703125
2022-08-18,-0.005295957030778942,0.002401927221645814,0.008502771611143434,19.559999465942383,-0.3400001525878942,0.0632041169475071,0.03977873695495278,-0.002988883355487061,0.3700963570412251,-0.9939918828126805,0.009826358635394187,23212.73828125,321.3381042480469
2022-08-19,-0.10602664190168617,-0.01968959812647961,0.006399231734243415,20.600000381469727,1.0400009155273438,0.2025796433763199,0.1803780706214605,-0.11340330746720416,0.38651775706757974,-0.9505774687562555,-0.03221154639194285,20877.552734375,315.0729675292969
2022-08-20,0.013724431302661714,0.0,0.0,20.600000381469727,0.0,0.0362501768243917,0.0139690736654456,0.0,0.38651775706757974,-0.9505774687562555,0.0,21166.060546875,315.0729675292969
2022-08-21,0.017239723512555944,0.0,0.0,20.600000381469727,0.0,-0.1694730474075028,-0.1878656232355863,0.0,0.38651775706757974,-0.9505774687562555,0.0,21534.12109375,315.0729675292969
2022-08-22,-0.006298802571622582,-0.026680045596309675,0.008102473917945113,23.799999237060547,3.1999988555908203,-0.2433254252074228,-0.25094490915625883,-0.029563059478497838,0.4016089147499167,-0.9122765127685294,-0.03826548931153531,21398.908203125,306.7779541015625
2022-08-23,0.0060185938546632,-0.0008273005868217672,-0.003950942739725579,24.11000061035156,0.3100013732910121,-0.0212306215871144,-0.02803916908691966,0.011709698543573399,0.3958664562379473,-0.9266783563254162,0.0019325912871154447,21528.087890625,306.5242614746094
2022-08-24,-0.00620033327852915,0.002893009360523438,0.0005522094733157412,22.81999969482422,-1.2900009155273402,0.1766656777050003,0.17376709739816068,0.011977932530086388,0.37748733465234097,-0.9742182614457165,1.4951676043091326e-05,21395.01953125,307.4123229980469
2022-08-25,0.009577016652955654,0.01752740815563052,-0.0019341390602106753,21.780000686645508,-1.039999008178711,-0.0199459965461877,-0.02829567393615938,0.008025747439441136,0.38507822023025556,-0.9543087959012311,0.02518640210584621,21600.904296875,312.84796142578125
2022-08-26,-0.06408571655966329,-0.04185184725997524,0.0030377141651284525,25.559999465942383,3.779998779296875,0.6858065019912023,0.6519704373521086,-0.06260892438026812,0.4151069365737746,-0.8792191134538159,-0.06808483045695868,20260.01953125,300.02490234375
2022-08-27,-0.010832449813926528,0.0,0.0,25.559999465942383,0.0,0.8239718478136935,0.7620176995459319,0.0,0.4151069365737746,-0.8792191134538159,0.0,20041.73828125,300.02490234375
2022-08-28,-0.0214299343072556,0.0,0.0,25.559999465942383,0.0,1.1017545236075277,1.007743499143568,0.0,0.4151069365737746,-0.8792191134538159,0.0,19616.814453125,300.02490234375
2022-08-29,0.034134991629983055,-0.00990443320992097,0.0003675177972352032,26.209999084472656,0.6499996185302734,-0.1968632791898599,-0.27710491573453444,0.004029267066080495,0.39178616763182156,-0.9370390787610222,-0.019679959854395034,20297.994140625,297.0679931640625
2022-08-30,-0.02500132778356697,-0.011199047885765208,-0.0006433500252420874,26.209999084472656,0.0,-0.0162502518260223,-0.0831712607207535,0.018590853840350113,0.4078889504450389,-0.8967603219075182,-0.014928699092736947,19796.80859375,293.7596740722656
2022-08-31,0.012696624168793951,-0.005830436116135644,-0.0006437641909648256,25.8700008392334,-0.3399982452392578,0.009119106862914,-0.06298185733874637,-0.003978270877520274,0.35729612403234035,-1.0291903619479672,-0.01509826699387677,20049.763671875,292.0519104003906
2022-09-01,0.0038518173635346637,0.0004344947979910286,0.00906646162845532,25.559999465942383,-0.3100013732910156,-0.2576465080965767,-0.32077832227963193,-0.05826784485116062,0.35828878603315917,-1.02641595286361,-0.041925375007338256,20127.140625,292.1788330078125
2022-09-02,-0.007849479691159277,-0.014228950397109365,-0.001459754489835037,25.46999931335449,-0.09000015258789418,-0.1170397875773764,-0.16412851286838995,-0.010950856440131584,0.3690530067045637,-0.9968149956523629,-0.018917395439029615,19969.771484375,288.0508728027344
2022-09-03,-0.006918477935497839,0.0,0.0,25.46999931335449,0.0,-0.0345427416053273,-0.08359006586640366,0.0,0.3690530067045637,-0.9968149956523629,0.0,19832.087890625,288.0508728027344
2022-09-04,0.007766470822269511,0.0,0.0,25.46999931335449,0.0,-0.1271121820482885,-0.1775784944909048,0.0,0.3690530067045637,-0.9968149956523629,0.0,19986.712890625,288.0508728027344
2022-09-05,-0.008761151996171085,0.0,0.0,25.46999931335449,0.0,-0.0226350053145061,-0.07236910374022414,0.0,0.3690530067045637,-0.9968149956523629,0.0,19812.37109375,288.0508728027344
2022-09-06,-0.0504480646723607,-0.007208253217737871,0.006189155205598967,26.90999984741211,1.4400005340576207,-0.1291038587703369,-0.17826061957018352,-0.05620288475616173,0.3699395198964298,-0.994415746444245,-0.012230292487859378,18837.66796875,285.98199462890625
2022-09-07,0.02374515374913594,0.019999693623766978,-0.0033629002770171786,24.63999938964844,-2.2700004577636683,-0.2272585248069031,-0.26589136711722416,0.003209060338409217,0.35866667464220947,-1.0253618046918738,0.018775922801625683,19290.32421875,291.7591247558594
2022-09-08,0.00204607030353663,0.005171345881875123,-0.001184215634893301,23.61000061035156,-1.029998779296882,-0.0433530786233028,-0.08234218121516246,0.0824598667444774,0.31854200163579327,-1.1440009393966373,0.01079514675169751,19329.833984375,293.2718200683594
2022-09-09,0.10086009766789074,0.02162642158687814,-0.006492630255279525,22.790000915527344,-0.8199996948242152,-0.0202902125210671,-0.0634910145461662,0.07614111067516542,0.32390746109009666,-1.127297417904686,0.025349625991519735,21381.15234375,299.6833190917969
2022-09-10,0.01390523841339878,0.0,0.0,22.790000915527344,0.0,-0.1857181105318746,-0.21792863692706557,0.0,0.32390746109009666,-1.127297417904686,0.0,21680.5390625,299.6833190917969
2022-09-11,0.004083651963045384,0.0,0.0,22.790000915527344,0.0,-0.2338651511740818,-0.2609490176934651,0.0,0.32390746109009666,-1.127297417904686,0.0,21769.255859375,299.6833190917969
2022-09-12,0.027242163871664303,0.011815735819181767,-0.006165741369104572,23.8700008392334,1.0799999237060547,0.0453548949812592,0.013744658108454232,0.021669727031836963,0.3189996397554524,-1.1425653054911826,0.00820770561645489,22370.44921875,303.24530029296875
2022-09-13,-0.09728219892342403,-0.05639733432392394,0.013660518211814986,27.270000457763672,3.3999996185302734,-0.0335268363460282,-0.06532438301118365,-0.08514497479461614,0.3274478489487013,-1.1164264764381353,-0.07803270826021841,20296.70703125,286.61639404296875
2022-09-14,-0.0027439686753737906,0.007901750492239765,-0.0014579557008275166,26.15999984741211,-1.1100006103515625,-0.1873949552262482,-0.2152159260987064,-0.006705598914609613,0.3460122650121646,-1.0612810565406423,0.0003420206884979174,20241.08984375,288.89013671875
2022-09-15,-0.02703458624126178,-0.016794277198540153,0.0007292087935142861,26.270000457763672,0.1100006103515625,0.0175354068892497,-0.009836568649363088,-0.0233693728385954,0.36063828113231255,-1.0198798143013768,-0.021384123516637155,19701.2109375,284.0789489746094
2022-09-16,0.0036162281734326176,-0.006133049605554547,0.00018227127577533967,26.299999237060547,0.029998779296875,-0.1199139077812821,-0.14510565494167396,-0.0332316185281191,0.4386294212867694,-0.8241003652509173,0.008990423424923667,19772.583984375,282.3420104980469
2022-09-17,0.017794492715736767,0.0,0.0,26.299999237060547,0.0,-0.3294442413670067,-0.34154770991691474,0.0,0.4386294212867694,-0.8241003652509173,0.0,20127.576171875,282.3420104980469
2022-09-18,-0.03581280604750071,0.0,0.0,26.299999237060547,0.0,0.0960853330157832,0.08753167481122635,0.0,0.4386294212867694,-0.8241003652509173,0.0,19419.505859375,282.3420104980469
2022-09-19,0.006396912022913548,0.007756877026929987,-0.00018227127577535225,25.76000022888184,-0.5399990081787074,-0.0393748362329879,-0.04540766066896543,-0.04323935050036682,0.3905876712737915,-0.9401028245968596,0.0064729592307711924,19544.12890625,284.5406188964844
2022-09-20,-0.03400047754708742,-0.008003130153902697,0.004364467365699315,27.15999984741211,1.3999996185302699,0.0376125765657122,0.024676897997294174,-0.05969034995302039,0.3884130990218785,-0.9456858175366529,-0.012007618945495008,18890.7890625,282.2724914550781
2022-09-21,-0.018344813515223775,-0.018068292207193727,0.0038033023097084587,27.989999771118164,0.8299999237060547,0.2798880276032618,0.24951190060782097,0.019998400098386573,0.3779296803036232,-0.9730471316112472,-0.004055289061503757,18547.400390625,277.2181091308594
2022-09-22,0.045641677549128984,-0.012383876753435073,0.006396698159980396,27.350000381469727,-0.6399993896484375,-0.0732791950854237,-0.10192036963092091,-0.025073359299928207,0.3866133706682683,-0.9503301275284977,-0.0228857003118087,19413.55078125,273.8062438964844
2022-09-23,-0.00598857629671097,-0.016415730167744925,0.01638946421349796,29.920000076293945,2.5699996948242188,-0.3436515822096514,-0.3549488480913269,-0.05277439984753566,0.37916446871256704,-0.9697852136439638,-0.008184155486725842,19297.638671875,269.34820556640625
2022-09-24,-0.018864440709329067,0.0,0.0,29.920000076293945,0.0,-0.1216739292989196,-0.12958026408883735,0.0,0.37916446871256704,-0.9697852136439638,0.0,18937.01171875,269.34820556640625
2022-09-25,-0.007149858037088313,0.0,0.0,29.920000076293945,0.0,-0.0364412464782748,-0.020272656319209978,0.0,0.37916446871256704,-0.9697852136439638,0.0,18802.09765625,269.34820556640625
2022-09-26,0.022121968157295297,-0.004146358092896036,0.008007399281431156,32.2599983215332,2.339998245239258,-0.0266384664592835,0.017883800842213894,-0.0028972850813049817,0.35108025081242605,-1.0467404468559858,-0.01262816971535084,19222.671875,268.23370361328125
2022-09-27,-0.005850034170169328,0.0004006259464227835,8.765730053012171e-05,32.599998474121094,0.3400001525878906,-0.0411585552807472,0.04146081465035935,0.03276873079729198,0.36144579146022227,-1.0176432030944946,0.0053131165282733,19110.546875,268.3411865234375
2022-09-28,0.016409099157190264,0.019697136802214913,-0.013321198641120732,30.18000030517578,-2.4199981689453125,0.085415937556207,0.15862600026244467,0.07730476353174205,0.35408022069580103,-1.038231779385983,0.022604035789886186,19426.720703125,273.6791381835937
2022-09-29,0.007504185755091534,-0.02925144368182048,-0.00311317553190382,31.84000015258789,1.6599998474121094,-0.1030298954178267,-0.02692717792519557,-0.0383300307931022,0.3623635328078665,-1.0151073367864007,-0.02813927253978331,19573.05078125,265.7895812988281
2022-09-30,-0.007243323491751529,-0.01710169467003876,-0.0011587758289690847,31.6200008392334,-0.2199993133544922,0.1647674618225853,0.23568190081656076,0.00926247973666419,0.38684210661405644,-0.9497386624495765,-0.013104506219446092,19431.7890625,261.28277587890625
2022-10-01,-0.006178716506548767,0.0,0.0,31.6200008392334,0.0,0.2401627946701554,0.29448359023857307,0.0,0.38684210661405644,-0.9497386624495765,0.0,19312.095703125,261.28277587890625
2022-10-02,-0.013973887936277964,0.0,0.0,31.6200008392334,0.0,0.4124061094603266,0.4490787084608208,0.0,0.38684210661405644,-0.9497386624495765,0.0,19044.107421875,261.28277587890625
2022-10-03,0.0299741763073446,0.02318883716210173,-0.0033055172997164687,30.100000381469727,-1.5200004577636719,-0.0602826259423825,-0.02275203079731973,0.014198975444788741,0.3825174920041689,-0.9609808960313111,0.031686676226056754,19623.580078125,267.41241455078125
2022-10-04,0.035702295702777984,0.03095685769117299,-0.015147709230938796,29.06999969482422,-1.0300006866455078,-0.030591030134654,0.0037221932799542806,0.1048800224952855,0.37123744314297563,-0.9909134126211485,0.04213923998753026,20336.84375,275.82012939453125
2022-10-05,-0.00869820607502516,-0.0005316704848476198,0.00904410616869055,28.549999237060547,-0.5200004577636719,-0.0123309882780821,0.02163876790197871,-0.021695082092663926,0.38620835055471514,-0.951378286863339,0.002234937519499453,20160.716796875,275.67352294921875
2022-10-06,-0.010234041758595132,-0.007904162983195023,0.01065699811193436,30.520000457763672,1.970001220703125,0.0418271682802712,0.07009922355864508,0.01280180259194137,0.39430029816621126,-0.9306424819075879,-0.007858409740954968,19955.443359375,273.5031433105469
2022-10-07,-0.020687828067475794,-0.038848965271064295,0.004798737575184137,31.36000061035156,0.8400001525878871,-0.0840132985784254,-0.060516084174334114,-0.1439419304261001,0.3657129141993965,-1.0059066408068995,-0.06793550512661395,19546.849609375,263.0815734863281
2022-10-08,-0.0066873874171619555,0.0,0.0,31.36000061035156,0.0,-0.0040594357891229,0.018127990520495723,0.0,0.3657129141993965,-1.0059066408068995,0.0,19416.568359375,263.0815734863281
2022-10-09,0.0015365479891413887,0.0,0.0,31.36000061035156,0.0,-0.0224776203049845,-0.000217280402568628,0.0,0.3657129141993965,-1.0059066408068995,0.0,19446.42578125,263.0815734863281
2022-10-10,-0.01580535214708789,-0.010046988250464331,0.0030096184018033796,32.45000076293945,1.0900001525878942,-0.0103342298917191,0.006079980656024919,-0.034396500071961336,0.36415751557098536,-1.0101687698630961,-0.027866036394984018,19141.484375,260.4516296386719
2022-10-11,-0.004716403712704758,-0.013832922092092702,0.0007068548698534303,33.630001068115234,1.1800003051757812,-0.0953742985420007,-0.08357644974865938,-0.0482874933811774,0.34656489000216145,-1.0596852051520178,-0.012057936601243246,19051.41796875,256.8736267089844
2022-10-12,0.005549896374470987,-0.0003429267296865573,0.0008828328790661354,33.56999969482422,-0.060001373291015625,-0.0391150144383323,-0.024501501997671267,-0.0018497465367009244,0.35641287624069184,-1.031665455416636,-0.002971749077159927,19157.4453125,256.7855529785156
2022-10-13,0.011700026522297709,0.02318188753114718,-0.00850766460112135,31.940000534057617,-1.6299991607666016,-0.0141801021297057,-0.00021148082958875013,0.03472059905050345,0.35084745912414506,-1.0474037393675093,0.03806953047919383,19382.904296875,262.807861328125
2022-10-14,-0.010228526229371489,-0.03051827065294692,0.008419396178069208,32.02000045776367,0.07999992370605469,-0.0473205079966967,-0.0380210349375648,-0.07874393182096993,0.35653785445799313,-1.0313148611519833,-0.043896796427920846,19185.65625,254.9085693359375
2022-10-15,-0.006170546675591737,0.0,0.0,32.02000045776367,0.0,0.0266620804703323,0.035657331076761445,0.0,0.35653785445799313,-1.0313148611519833,0.0,19067.634765625,254.9085693359375
2022-10-16,0.010458171486817167,0.0,0.0,32.02000045776367,0.0,-0.0984594026069652,-0.09017930217301329,0.0,0.35653785445799313,-1.0313148611519833,0.0,19268.09375,254.9085693359375
2022-10-17,0.014563494131467007,0.03248772052296255,-0.011271445282878627,31.3700008392334,-0.6499996185302734,-0.0219476786585558,-0.02391746364821891,0.0684546309259348,0.3417266195071274,-1.0737442197429234,0.0478513830263737,19550.7578125,263.3259582519531
2022-10-18,-0.011127327349328565,0.007876955109723017,0.0008029294148257124,30.5,-0.8700008392333984,-0.0958390564267632,-0.09141136176834143,-0.033872475710048186,0.34080828163915605,-1.0764351837378527,0.005349378309095119,19334.416015625,265.4083557128906
2022-10-19,-0.010130621895940859,-0.003653597512270753,0.007551953631585036,30.76000022888184,0.2600002288818395,0.0379099136461035,0.03976144997522222,-0.030877660668669343,0.3368902435700217,-1.0879980884130591,-0.0007554826123639994,19139.53515625,264.4404296875
2022-10-20,-0.004492679159130498,-0.005114854470836097,-0.0008855583970681394,29.979999542236328,-0.7800006866455114,-0.014951542793999,-0.011347869152889904,-0.019909352181184132,0.32490974000140543,-1.1242078582971926,0.005199983593147458,19053.740234375,263.09130859375
2022-10-21,0.00621191065339352,0.023176792284921297,-0.007737111117251775,29.690000534057617,-0.28999900817871094,0.0141022527419688,0.02656545221178766,0.01452030663482585,0.3102689529481338,-1.170315767486473,0.023513683640710315,19172.46875,269.2601318359375
2022-10-22,0.0018613913940529582,0.0,0.0,29.690000534057617,0.0,-0.0082398936082052,0.002055329145706381,0.0,0.3102689529481338,-1.170315767486473,0.0,19208.189453125,269.2601318359375
2022-10-23,0.01850815095417208,0.0,0.0,29.690000534057617,0.0,-0.2281439141220254,-0.22169894697103468,0.0,0.3102689529481338,-1.170315767486473,0.0,19567.0078125,269.2601318359375
2022-10-24,-0.011381303255268389,0.010941590678108426,-0.00017860957601919478,29.850000381469727,0.15999984741210938,-0.0034564595237544,-0.0009520746986025281,0.026184066118503563,0.28669410758780706,-1.2493394588404438,0.015789551586517004,19345.572265625,272.2224426269531
2022-10-25,0.038050125599863024,0.02047484625380447,-0.009329940646513296,28.459999084472656,-1.3900012969970703,0.1248869796801054,0.1220137569666446,0.12119826744366062,0.28537455274546497,-1.25395274138539,0.03245374237461115,20095.857421875,277.8536071777344
2022-10-26,0.033017194358947406,-0.022344266801137647,-0.011330282410837927,27.280000686645508,-1.1799983978271484,0.0055224211540099,0.0015771688534393187,0.06913754445857438,0.3058044809543518,-1.1848093323755926,-0.05410285657054233,20770.44140625,271.7140197753906
2022-10-27,-0.023607984321621485,-0.018373702690854563,0.008080296510916551,27.38999938964844,0.10999870300293324,0.2006310591557302,0.18862615304061037,-0.051031583396813185,0.28781600527741946,-1.245433873575467,0.0007629715488409964,20285.8359375,266.7672119140625
2022-10-28,0.015142492579417856,0.03014207857630845,0.0007231477585397116,25.75,-1.639999389648441,-0.0681195127086095,-0.07500657048156878,0.013362290175817984,0.2852198667246003,-1.2544949339459053,0.044082531866722355,20595.3515625,274.9305419921875
2022-10-29,0.010775490653264773,0.0,0.0,25.75,0.0,-0.1960011483188949,-0.19978916432848523,0.0,0.2852198667246003,-1.2544949339459053,0.0,20818.4765625,274.9305419921875
2022-10-30,-0.008822978719624204,0.0,0.0,25.75,0.0,-0.0913939225752215,-0.0866432257715516,0.0,0.2852198667246003,-1.2544949339459053,0.0,20635.603515625,274.9305419921875
2022-10-31,-0.006799218852899474,-0.011696384519444979,0.007740818329862942,25.8799991607666,0.12999916076660156,-0.0677837923138878,-0.052768209277416475,-0.05570051399637262,0.289075813311994,-1.241066295472863,-0.02032259840191613,20495.7734375,271.73358154296875
2022-11-01,-0.0005124320157945651,-0.010270021092841518,-0.0004483693352041757,25.809999465942383,-0.06999969482421875,-0.0030891093640057,0.025776314299943367,-0.03630347978677716,0.3084815387102351,-1.176093279533512,-0.006902096325714006,20485.2734375,268.9571533203125
2022-11-02,-0.01603042401585493,-0.034878512061165934,-0.001166852726247293,25.86000061035156,0.050001144409176135,0.0627968391924327,0.0875596140185546,-0.09230135708952412,0.300303349071089,-1.2029621516371614,-0.03011186382687471,20159.50390625,259.738037109375
2022-11-03,0.002501116490787244,-0.01972823893881695,0.014089780437994661,25.299999237060547,-0.5600013732910121,0.0445393937133112,0.06679782107783426,-0.046526213161441704,0.2891327333430995,-1.2408694113845227,-0.005886500170657142,20209.98828125,254.66407775878903
2022-11-04,0.04533199824767065,0.01595699165237455,-0.018319649767092352,24.549999237060547,-0.75,0.0044088220033245,0.02610925569180067,0.03673894790917369,0.2967955215192352,-1.2147118570236608,0.04305006965856578,21147.23046875,258.7603454589844
2022-11-05,0.006385182519711849,0.0,0.0,24.549999237060547,0.0,-0.0719973261722912,-0.04650274266872961,0.0,0.2967955215192352,-1.2147118570236608,0.0,21282.69140625,258.7603454589844
2022-11-06,-0.01687848726805324,0.0,0.0,24.549999237060547,0.0,0.1310379592399397,0.1493641674828891,0.0,0.2967955215192352,-1.2147118570236608,0.0,20926.486328125,258.7603454589844
2022-11-07,-0.015587859865227252,0.010934498211633824,-0.00687780545470644,24.350000381469727,-0.1999988555908203,0.1410585362551881,0.15454747876332717,-0.008603720419084498,0.2987616092501094,-1.208109317076832,0.01952020197641934,20602.81640625,261.60528564453125
2022-11-08,-0.10542864681146098,0.007261131795999763,-0.004550840542671772,25.540000915527344,1.1900005340576172,-0.2985371212090089,-0.27584619533740234,-0.067634586586267,0.2883031295443223,-1.2437428192308206,0.012604002634293772,18541.271484375,263.5117492675781
2022-11-09,-0.15488954817014716,-0.023347063982527266,0.008448070235228422,26.09000015258789,0.5499992370605469,-0.20083164846658,-0.17179080864247812,-0.1279837565015327,0.26213593555866227,-1.3388920717607815,-0.038732302005523134,15880.7802734375,257.4307861328125
2022-11-10,0.1020374090112842,0.07119334724159622,-0.021394159785777994,23.530000686645508,-2.559999465942383,0.1318458131761188,0.15331264927628335,0.08598920209425716,0.27317882412191336,-1.297628664824323,0.10648568794727607,17586.771484375,276.4263000488281
2022-11-11,-0.03191845360130116,0.018258238864694055,-0.017902558963927975,22.520000457763672,-1.010000228881836,-0.6933962945611323,-0.6501200824568744,0.09046714360928297,0.3481690004576159,-1.0550672835905508,0.02641713306303327,17034.29296875,281.51971435546875
2022-11-12,-0.013898139747380939,0.0,0.0,22.520000457763672,0.0,-0.5351584776187183,-0.4745163196648266,0.0,0.3481690004576159,-1.0550672835905508,0.0,16799.185546875,281.51971435546875
2022-11-13,-0.026896704984698754,0.0,0.0,22.520000457763672,0.0,-0.2226075648850467,-0.15612250503487674,0.0,0.3481690004576159,-1.0550672835905508,0.0,16353.365234375,281.51971435546875
2022-11-14,0.016064732404599078,-0.008789563270342683,0.003475023347901319,23.729999542236328,1.2099990844726562,-0.4427910947593928,-0.36065759573489864,-0.04695798810688375,0.321490962151697,-1.134785847202874,-0.012359432928060342,16618.19921875,279.0561218261719
2022-11-15,0.01590431717951544,0.013743430255474238,-0.002440648258365769,24.540000915527344,0.8100013732910156,-0.138312873152586,-0.05485092510990448,0.01867514260719763,0.3162911748445503,-1.1510920502784006,0.012124863339620285,16884.61328125,282.91778564453125
2022-11-16,-0.012825680370738035,-0.013743430255474292,-0.001128481842625985,24.11000061035156,-0.4300003051757848,-0.27675036407029,-0.1847949931805507,-0.07833586958176275,0.3308392997697686,-1.106122520682952,-0.02230060021329199,16669.439453125,279.0561218261719
2022-11-17,0.0010839194206494296,-0.0022095428092826145,0.0038503466806623084,23.93000030517578,-0.1800003051757777,-0.1204619517605845,-0.027685817693051132,-0.05098157458399166,0.3060000110626222,-1.1841701408773968,-0.00747999255038773,16687.517578125,278.4402160644531
2022-11-18,0.0006146278457023498,3.507199458851081e-05,0.00224696153599504,23.1200008392334,-0.8099994659423828,-0.1205746180196606,-0.02251566622993509,-0.05980371756193748,0.3008444761862369,-1.201161838174923,-0.00957393002999128,16697.77734375,278.4499816894531
2022-11-19,0.0008242927596795972,0.0,0.0,23.1200008392334,0.0,-0.130362707671249,-0.02845671705228181,0.0,0.3008444761862369,-1.201161838174923,0.0,16711.546875,278.4499816894531
2022-11-20,-0.02543603029442077,0.0,0.0,23.1200008392334,0.0,0.1754262884320148,0.2719548111946471,0.0,0.3008444761862369,-1.201161838174923,0.0,16291.83203125,278.4499816894531
2022-11-21,-0.03145906258707414,-0.010340371058338486,0.008474195582724574,22.36000061035156,-0.7600002288818395,-0.0739462305842339,0.024772503410932706,-0.1487119920475027,0.29286299316511244,-1.2280503794431679,-0.0012768056623180697,15787.2841796875,275.5855407714844
2022-11-22,0.02517471508039186,0.014299971298561014,-0.005765803420843452,21.290000915527344,-1.0699996948242152,-0.0998923654767514,-0.005448683103093932,-0.023439426534352978,0.26512738100858235,-1.3275448854357503,0.029116903561958295,16189.76953125,279.5547180175781
2022-11-23,0.025667956985737504,0.009986593496608156,-0.010689266085797827,20.350000381469727,-0.9400005340576172,-0.0005107774752777,0.09383471549676388,0.10222297678880288,0.29885495338161533,-1.2077969290404162,0.019951767488687516,16610.70703125,282.3605041503906
2022-11-24,-0.00037586363225689277,0.0,0.0,20.350000381469727,0.0,0.0040002418400736,0.10237529274011625,0.0,0.29885495338161533,-1.2077969290404162,0.0,16604.46484375,282.3605041503906
2022-11-25,-0.004988374895103048,-0.006600033403109876,-0.0011318879350676588,20.5,0.14999961853027344,-0.0069382586947226,0.09185214820027778,-0.006008800765567337,0.2977855498366999,-1.2113816829561854,-0.007776035636927142,16521.841796875,280.5030517578125
2022-11-26,-0.0034899891216231276,0.0,0.0,20.5,0.0,0.0349905192490561,0.13930227747427895,0.0,0.2977855498366999,-1.2113816829561854,0.0,16464.28125,280.5030517578125
2022-11-27,-0.0011944668045808346,0.0,0.0,20.5,0.0,0.0493745048041789,0.14976979577897548,0.0,0.2977855498366999,-1.2113816829561854,0.0,16444.626953125,280.5030517578125
2022-11-28,-0.013918848240971523,-0.014781798045615063,0.006772046410920948,22.209999084472656,1.7099990844726562,-0.168207003771647,-0.06873818428175868,-0.053266846766033465,0.28246753312726514,-1.2641916619833855,-0.025515055073416636,16217.322265625,276.38720703125
2022-11-29,0.01394046411034608,-0.00759847679295908,0.0013114698802291762,21.88999938964844,-0.3199996948242152,-0.1313342274922145,-0.030534064505093078,-0.02346613511132339,0.27071371494024354,-1.3066934189233022,-0.00894105840797563,16444.982421875,274.2950439453125
2022-11-30,0.043059766583943886,0.04457722494747604,-0.00817791614415501,20.57999992370605,-1.30999946594239,-0.0619036470402736,0.03870051110439399,0.04410731437128406,0.26323751278208507,-1.3346985639190068,0.06948060354643436,17168.56640625,286.7989807128906
2022-12-01,-0.011802068595367332,0.0012264459318387575,-0.01158161407228051,19.84000015258789,-0.7399997711181605,-0.104059641043138,-8.979850916597532e-05,0.006297571021219896,0.2692895384932081,-1.3119681269551389,0.005341957987128395,16967.1328125,287.15093994140625
2022-12-02,0.007136986045805121,-0.003991434619945209,-0.001720186774172672,19.059999465942383,-0.7800006866455078,-0.0657700407593943,0.04248536443963863,0.0774798642205405,0.26395760085261855,-1.331966791564827,-0.006967746522637597,17088.66015625,286.007080078125
2022-12-03,-0.010614234867796273,0.0,0.0,19.059999465942383,0.0,0.0615773308519551,0.16926480481303322,0.0,0.26395760085261855,-1.331966791564827,0.0,16908.236328125,286.007080078125
2022-12-04,0.01305884246336571,0.0,0.0,19.059999465942383,0.0,-0.0949089188922025,0.01608914643205986,0.0,0.26395760085261855,-1.331966791564827,0.0,17130.486328125,286.007080078125
2022-12-05,-0.009128269217154126,-0.0169259445799901,0.007053001499860474,20.75,1.6900005340576172,-0.1059164932998784,0.006212210928636858,-0.06492059196089188,0.2779069832988704,-1.2804688137301494,-0.017484372484618316,16974.826171875,281.2068786621094
2022-12-06,0.006733035250819497,-0.020938087604733677,0.0027505201743270404,22.170000076293945,1.4200000762939453,-0.1014685320599518,0.018410388545226516,-0.01820149593146492,0.29656862926516764,-1.2154766226901612,-0.02937102186448818,17089.50390625,275.3801574707031
2022-12-07,-0.014224977832437721,-0.0040908472847204485,-0.0045567133737352125,22.68000030517578,0.5100002288818359,-0.0876965992487341,0.039807492539908285,-0.07360869046284553,0.2860824793738735,-1.2514751203193817,0.002610089472244213,16848.126953125,274.25592041015625
2022-12-08,0.022614200081039638,0.011765405107862927,-0.0031448240406603246,22.290000915527344,-0.3899993896484375,-0.033753803320867,0.08492417787150398,0.053217016826553866,0.3032855999371876,-1.1930803433666188,0.037683916348981286,17233.474609375,277.501708984375
2022-12-09,-0.005838370505888547,-0.006397288951223078,0.00038172456455547724,22.82999992370605,0.5399990081787074,-0.0687455583986364,0.04552955312480313,0.006207862994833144,0.34584805318806705,-1.0617557530158162,-0.00893428932639078,17133.15234375,275.73211669921875
2022-12-10,-0.00025846420531521353,0.0,0.0,22.82999992370605,0.0,-0.0656613576403945,0.05519732624359548,0.0,0.34584805318806705,-1.0617557530158162,0.0,17128.724609375,275.73211669921875
2022-12-11,-0.00143319679738864,0.0,0.0,22.82999992370605,0.0,-0.0485448389792022,0.05081879638539011,0.0,0.34584805318806705,-1.0617557530158162,0.0,17104.193359375,275.73211669921875
2022-12-12,0.0059599279123048595,0.012473253124691623,0.0030484895737136015,25.0,2.170000076293949,-0.0637697373439446,0.019880940011488574,-0.06336075274223711,0.28726169066578267,-1.24736166450604,0.02970320759449486,17206.4375,279.19293212890625
2022-12-13,0.03286478873072886,0.010692912280843625,-0.010999048222175586,22.549999237060547,-2.450000762939453,-0.0245100112202995,0.05253741434630878,-0.05544457378540854,0.2803099370885745,-1.2718593698216132,0.023739353925248514,17781.318359375,282.1943359375
2022-12-14,0.0019289306421712124,-0.007441310571305453,-0.0020217259725492077,21.13999938964844,-1.4099998474121058,-0.0139093820358307,0.04884198643999217,-0.008684848747270532,0.2744394602725041,-1.2930245878116355,-0.010550964141618548,17815.650390625,280.10223388671875
2022-12-15,-0.02562838102102438,-0.034153336636424156,0.0075841666991972876,22.82999992370605,1.69000053405761,0.0208246469304093,0.07827143140346567,-0.06847662707393408,0.28070176253953616,-1.2704625165476717,-0.03707380359201484,17364.865234375,270.69732666015625
2022-12-16,-0.04218980898149945,-0.00958012855863339,0.0013380427622182729,22.6200008392334,-0.2099990844726527,0.0919170407691102,0.1370749117475199,-0.040075986146658436,0.31347962210630503,-1.16002092227764,-0.020116400215901914,16647.484375,268.11639404296875
2022-12-17,0.008827572352892032,0.0,0.0,22.6200008392334,0.0,-0.0143554775059259,0.0272655109973285,0.0,0.31347962210630503,-1.16002092227764,0.0,16795.091796875,268.11639404296875
2022-12-18,-0.002212331171359141,0.0,0.0,22.6200008392334,0.0,0.0121900904466669,0.04938558866771038,0.0,0.31347962210630503,-1.16002092227764,0.0,16757.9765625,268.11639404296875
2022-12-19,-0.01917645189485355,-0.014153420573948399,0.00019104452962153448,22.420000076293945,-0.20000076293945312,0.040380576910191,0.07188463231185316,-0.020278344350153164,0.30253432975853156,-1.1955605211453182,-0.018397422118097327,16439.6796875,264.3483581542969
2022-12-20,0.027988705082472278,-0.0007786302322655424,-0.007187725527677756,21.479999542236328,-0.9400005340576172,-0.0470626943443343,-0.00814233951679385,0.0159099540002331,0.30777201518560815,-1.1783959805359099,-0.002426458417349324,16906.3046875,264.1426086425781
2022-12-21,-0.005264509420176635,0.014402068391387694,0.0018258058879629148,20.06999969482422,-1.4099998474121094,-0.0588922137398906,-0.02047365947382826,-0.0009095941559796201,0.30250784022188226,-1.1956480837582417,0.01817581647903277,16817.53515625,267.9743347167969
2022-12-22,0.0007612154110786702,-0.024769269816483745,0.0025887797949984497,21.96999931335449,1.8999996185302699,-0.0679785102589201,-0.030623751166785472,-0.04026279219912139,0.2766069544111771,-1.2851577175831748,-0.04944131781217408,16830.341796875,261.4183349609375
2022-12-23,-0.0019858084288219657,0.002246325130760396,-0.0011497821311718512,20.8700008392334,-1.0999984741210902,-0.0121115715740857,0.025629880654675873,0.029405378569122297,0.31715211038507607,-1.148373776706883,-0.00322194135288996,16796.953125,262.0062255859375
2022-12-24,0.0030199561547248985,0.0,0.0,20.8700008392334,0.0,-0.0482598584218896,-0.008776402851062591,0.0,0.31715211038507607,-1.148373776706883,0.0,16847.755859375,262.0062255859375
2022-12-25,-0.0003425096739709631,0.0,0.0,20.8700008392334,0.0,-0.0441655706760575,-0.0034412047058526712,0.0,0.31715211038507607,-1.148373776706883,0.0,16841.986328125,262.0062255859375
2022-12-26,0.004609855984671537,0.0,0.0,20.8700008392334,0.0,-0.099153405195003,-0.05395757507666286,0.0,0.31715211038507607,-1.148373776706883,0.0,16919.8046875,262.0062255859375
2022-12-27,-0.012048246868378581,-0.014239287277056365,-0.0012470360362272102,21.649999618530277,0.7799987792968786,-0.0876993894167359,-0.03793442949103193,-0.06977848003391686,0.3266978812140302,-1.118719445813865,-0.040734484191517546,16717.173828125,258.3018798828125
2022-12-28,-0.009895050300250239,-0.013290615110639871,0.0026840389974125013,22.13999938964844,0.48999977111816406,0.0126344600189004,0.05637137115158612,-0.09493848652278906,0.29999998482790863,-1.2039728548995752,-0.008172775612840511,16552.572265625,254.8916015625
2022-12-29,0.00540864482551941,0.024083018814579284,-0.005952996554838216,21.440000534057617,-0.6999988555908239,-0.0413464385540505,-0.0006091203859702465,0.06615866419441101,0.297266509332132,-1.2131262047277036,0.033428270039745495,16642.341796875,261.10467529296875
2022-12-30,-0.002391695878759684,-0.000600820156854159,-0.003086419364217248,21.670000076293945,0.22999954223632812,-0.0755346376293979,-0.034342953108346834,0.07229914320799019,0.3254237263821145,-1.122627172343611,-0.0020984090333262795,16602.5859375,260.9478454589844
2022-12-31,-0.003323665649558149,0.0,0.0,21.670000076293945,0.0,-0.0358357653714131,0.0030817899605804708,0.0,0.3254237263821145,-1.122627172343611,0.0,16547.49609375,260.9478454589844
2023-01-01,0.00467760631157723,0.0,0.0,21.670000076293945,0.0,-0.0916687313888643,-0.05188788636922174,0.0,0.3254237263821145,-1.122627172343611,0.0,16625.080078125,260.9478454589844
2023-01-02,0.003805700684704715,0.0,0.0,21.670000076293945,0.0,-0.1369021488333368,-0.09050532115751783,0.0,0.3254237263821145,-1.122627172343611,0.0,16688.470703125,260.9478454589844
2023-01-03,-0.0005162548994983624,-0.006782717320404286,0.009613610210076605,22.899999618530277,1.2299995422363317,-0.0466604145835985,-0.001871870384733,0.019288490825700822,0.3246013739101481,-1.1251573912853785,-0.010836610885869286,16679.857421875,259.18389892578125
2023-01-04,0.010934153962035356,0.004752763458590559,-0.0025865478558809133,22.01000022888184,-0.8899993896484375,-0.0592329514853987,-0.016000525347015855,0.11074441309124293,0.3046647203384812,-1.1885433846022317,-0.007430714680886935,16863.23828125,260.4186706542969
2023-01-05,-0.0015728177184386805,-0.015777957252847998,0.007549378031617576,22.459999084472656,0.44999885559081676,0.0023261077287632,0.04209871254085554,0.021548307994554764,0.29883383077628445,-1.207867609989765,-0.031726026072244465,16836.736328125,256.342041015625
2023-01-06,0.006820792235553174,0.027227269715236153,-0.011104878355931411,21.1299991607666,-1.3299999237060547,-0.0403271743879306,-0.0021335504045317047,-0.018581157217141455,0.2808022820278121,-1.2701044799838312,0.026256615187664215,16951.96875,263.4174194335937
2023-01-07,0.00018340582830352,0.0,0.0,21.1299991607666,0.0,-0.042520446953116,-0.004034601515308808,0.0,0.2808022820278121,-1.2701044799838312,0.0,16955.078125,263.4174194335937
2023-01-08,0.00799308234902105,0.0,0.0,21.1299991607666,0.0,-0.1377166035133782,-0.09693172323841294,0.0,0.2808022820278121,-1.2701044799838312,0.0,17091.14453125,263.4174194335937
2023-01-09,0.006148589187306557,0.006452514419377038,-0.008507372124961146,21.96999931335449,0.8400001525878871,0.0198495428998995,0.05778405982352162,0.10027326046475515,0.2525000050663948,-1.3763440102017928,0.030073765286108545,17196.5546875,265.12261962890625
2023-01-10,0.014418133870887372,0.008428458625728016,0.002327365928889486,20.57999992370605,-1.3899993896484375,0.0610149317626797,0.09529745632823908,0.11634169526203265,0.2568641639594932,-1.3592078787207087,0.012704608695343742,17446.29296875,267.3666381835937
2023-01-11,0.02762115049773119,0.017152450284143885,-0.0004843813715727915,21.09000015258789,0.5100002288818395,-0.2140384705227795,-0.17474698818459228,-0.02220928830140757,0.26027397198135316,-1.3460204643693834,0.017778054798119607,17934.896484375,271.9921875
2023-01-12,0.05080318049018759,0.0053896844063060665,-0.009151177864041269,18.82999992370605,-2.2600002288818395,0.1815061003108403,0.21393037893132286,0.1235296566322891,0.23564667728744945,-1.4454217259135906,0.021465028072189096,18869.587890625,273.46209716796875
2023-01-13,0.053649212803668606,0.006857067534706088,-0.0004891470139513462,18.350000381469727,-0.4799995422363246,-0.216724404931594,-0.17753962554791933,0.04174311431499842,0.24969288230317274,-1.3875235870959854,0.013120954689400019,19909.57421875,275.3436889648437
2023-01-14,0.052192440560842025,0.0,0.0,18.350000381469727,0.0,-0.8159488038257464,-0.7488715760835333,0.0,0.24969288230317274,-1.3875235870959854,0.0,20976.298828125,275.3436889648437
2023-01-15,-0.0045631527773636734,0.0,0.0,18.350000381469727,0.0,-0.7647976530471653,-0.6691632688444096,0.0,0.24969288230317274,-1.3875235870959854,0.0,20880.798828125,275.3436889648437
2023-01-16,0.013737719952276949,0.0,0.0,18.350000381469727,0.0,-0.9180883731967188,-0.7923295591376033,0.0,0.24969288230317274,-1.3875235870959854,0.0,21169.6328125,275.3436889648437
2023-01-17,-0.00038332437933474676,0.0020267701047364324,0.0018573977167189654,19.36000061035156,1.0100002288818324,0.1834351082051387,0.30348575500563846,0.07029448534381659,0.2545714344919945,-1.3681737967497032,0.02554697901103651,21161.51953125,275.9023132324219
2023-01-18,-0.02259283115330066,-0.013085354865558542,-0.00029302837129696293,20.34000015258789,0.9799995422363317,0.064509599858619,0.18375594589417116,-0.10314075775943897,0.27920791681882573,-1.2757985531276386,-0.01879996776999501,20688.78125,272.3155517578125
2023-01-19,0.019055334102897954,-0.009872814894756008,-0.0029351655398405264,20.520000457763672,0.18000030517578125,0.0644234700370622,0.17995361059323445,-0.019837964622394604,0.2594490637809701,-1.3491948816506356,-0.02622251373429939,21086.79296875,269.6402587890625
2023-01-20,0.0726845526110478,0.026998877230889215,-0.0004899830787308928,19.850000381469727,-0.6700000762939453,-0.1516382517562925,-0.03301657659957351,0.08130366197593868,0.2536960449825232,-1.3716184018459794,0.048606694417582835,22676.552734375,277.0194091796875
2023-01-21,0.004447222994453112,0.0,0.0,19.850000381469727,0.0,-0.2042135648470813,-0.08105072120409028,0.0,0.2536960449825232,-1.3716184018459794,0.0,22777.625,277.0194091796875
2023-01-22,-0.002514790230431855,0.0,0.0,19.850000381469727,0.0,-0.1745123057946318,-0.04593610434428924,0.0,0.2536960449825232,-1.3716184018459794,0.0,22720.416015625,277.0194091796875
2023-01-23,0.00937544219856928,0.021972938683676554,0.0012735466080504656,19.809999465942383,-0.04000091552734375,0.0813981502464268,0.20565241807449214,0.06539081791750047,0.2523211451784771,-1.3770526171819684,0.041467506604603466,22934.431640625,283.1737060546875
2023-01-24,-0.013077079200906103,-0.002043894258616247,-0.0021562413856148735,19.200000762939453,-0.6099987030029297,0.2271721378803838,0.3423818154232344,-0.016272506904259208,0.2655016947811315,-1.3261340549640896,0.0007577901223156168,22636.46875,282.59552001953125
2023-01-25,0.021043184701323544,-0.002221558738261194,-0.00275102141131574,19.07999992370605,-0.12000083923340199,-0.0923231024715064,0.022658898313894366,0.016926740018749678,0.26743532745176063,-1.3188775084117903,-0.0014596915003033371,23117.859375,281.9684143066406
2023-01-26,-0.003687148593844675,0.019309545604312695,0.0019657658427801013,18.729999542236328,-0.350000381469723,0.021997862760458,0.13332328847328562,0.026411420274985498,0.2732656527579301,-1.2973108699140576,0.02736919948963679,23032.77734375,287.46600341796875
2023-01-27,0.001993046474165044,0.00990514743881772,0.0008833878845851546,18.51000022888184,-0.21999931335448863,-0.0135179267908447,0.09867924514897443,0.02240324968335806,0.2775043399911248,-1.2819187063102884,0.014339788882571503,23078.728515625,290.3275451660156
2023-01-28,-0.002066314313093378,0.0,0.0,18.51000022888184,0.0,0.0112755193853959,0.12171862606056683,0.0,0.2775043399911248,-1.2819187063102884,0.0,23031.08984375,290.3275451660156
2023-01-29,0.03177133538504421,0.0,0.0,18.51000022888184,0.0,-0.3643402408265529,-0.24427028071147683,0.0,0.2775043399911248,-1.2819187063102884,0.0,23774.56640625,290.3275451660156
2023-01-30,-0.040096914665951826,-0.02042604008717929,0.003427832313775083,19.940000534057617,1.4300003051757777,-0.0079537197698233,0.1111868388251998,-0.07779064591489224,0.2950974097237646,-1.22044977469371,-0.04154756796862483,22840.138671875,284.4574584960937
2023-01-31,0.013012288539514132,0.014875027039794765,-0.0017614282623960365,19.399999618530277,-0.5400009155273402,0.0574175764580542,0.17158859145818,0.021905319147830546,0.28108109064027087,-1.269112072488242,0.020088015808862363,23139.283203125,288.72039794921875
2023-02-01,0.024945734590003956,0.021158101193367338,-0.008656332379842169,17.8700008392334,-1.5299987792968786,0.01579705217193,0.12487809380521357,0.05723222845486597,0.2698637957425559,-1.3098379074793791,0.0446166277815223,23723.76953125,294.8942565917969
2023-02-02,-0.010674749877368259,0.035260712884160696,0.005222446476871968,18.729999542236328,0.8599987030029297,0.2725622874055198,0.3710025723058328,0.055709977534918353,0.24307371433902064,-1.4143905304538724,0.04087026133064256,23471.87109375,305.4779357910156
2023-02-03,-0.000961136247671562,-0.017932127487206084,0.011433145299790698,18.32999992370605,-0.399999618530277,0.0182577904661923,0.11411505063478557,-0.06641367670625926,0.2518656578531677,-1.3788594373783156,-0.026178960345835323,23449.322265625,300.04888916015625
2023-02-04,-0.0050223137428644544,0.0,0.0,18.32999992370605,0.0,0.0787690778748803,0.17207823903860298,0.0,0.2518656578531677,-1.3788594373783156,0.0,23331.84765625,300.04888916015625
2023-02-05,-0.016254488231275857,0.0,0.0,18.32999992370605,0.0,0.2767076245218258,0.3594489590552233,0.0,0.2518656578531677,-1.3788594373783156,0.0,22955.666015625,300.04888916015625
2023-02-06,-0.008555376421285297,-0.008495195295539349,0.00677841827043934,19.43000030517578,1.1000003814697301,0.1844757171778749,0.259650512906906,-0.016723797107839132,0.24927493576251075,-1.3891988319645927,-0.0033279917526577076,22760.109375,297.5107116699219
2023-02-07,0.02191019571493288,0.020507076978250115,-0.0018353295526685087,18.65999984741211,-0.7700004577636719,0.0184191219157377,0.08838939346379829,-0.003446630361069095,0.2470997793521763,-1.3979630589374805,0.04564332152576189,23264.291015625,303.6747741699219
2023-02-08,-0.014063722484005989,-0.017940936062082972,-0.0001933537298894013,19.6299991607666,0.9699993133544922,-0.0284567728215954,0.043123709250515015,-0.019976547551161558,0.2494029874232278,-1.388685267366772,-0.000832201529182082,22939.3984375,298.275146484375
2023-02-09,-0.05007294792111713,-0.008877436299755195,-0.0018390600635689357,20.709999084472656,1.0799999237060547,0.105024389178459,0.1751378893367101,-0.10251573824360664,0.25471698670210724,-1.3676022062402062,-0.0029007112190977177,21819.0390625,295.6389465332031
2023-02-10,-0.0077228177249046275,-0.006584834547262272,0.003964192145582944,20.530000686645508,-0.17999839782714844,0.0686242795257115,0.12931568801567958,-0.03526008805113875,0.25026068174884175,-1.3852521773867004,-0.025578214273894097,21651.18359375,293.6986083984375
2023-02-11,0.010095720621826006,0.0,0.0,20.530000686645508,0.0,-0.0526042053644401,0.01589087998137067,0.0,0.25026068174884175,-1.3852521773867004,0.0,21870.875,293.6986083984375
2023-02-12,-0.0037871607629455096,0.0,0.0,20.530000686645508,0.0,-0.0072717102503146,0.05424161860612019,0.0,0.25026068174884175,-1.3852521773867004,0.0,21788.203125,293.6986083984375
2023-02-13,0.0009128497942385424,0.015889236288227557,-0.002705565328802402,20.34000015258789,-0.1900005340576172,-0.0539807991367886,-0.017866403769985745,0.016539427778599666,0.292426382076246,-1.229542329197679,0.02753080971772473,21808.1015625,298.40252685546875
2023-02-14,0.018747466050136215,0.007362135468027584,-0.0011617303671171057,18.90999984741211,-1.4300003051757812,0.0616694025833757,0.07023489609582718,0.08561805738846238,0.2981132070803481,-1.2102819750851217,0.028000572245080967,22220.8046875,300.6075134277344
2023-02-15,0.08977000786319626,0.00763168246906946,0.006661813746023905,18.229999542236328,-0.6800003051757812,-0.0285546355081689,-0.04964026658533574,0.19214801194059739,0.40657678977104755,-0.8999824631086986,-0.008538673119843026,24307.841796875,302.9104309082031
2023-02-16,-0.028558101481565734,-0.01894236687968973,-0.0005775104496465301,20.170000076293945,1.9400005340576172,0.5163636970938683,0.48418044638707713,-0.02663901883793461,0.4262971727704001,-0.8526185872517302,-0.030515073385562266,23623.474609375,297.2265930175781
2023-02-17,0.03910624942610064,-0.0070806948559397455,0.0,20.020000457763672,-0.14999961853027344,0.1486949644081202,0.11370553488301233,-0.009885213125982733,0.37181663635993684,-0.9893544592414658,-0.022014019228413867,24565.6015625,295.12945556640625
2023-02-18,0.0030758236488141917,0.0,0.0,20.020000457763672,0.0,0.111385129784928,0.07483031160155794,0.0,0.37181663635993684,-0.9893544592414658,0.0,24641.27734375,295.12945556640625
2023-02-19,-0.01280971909443967,0.0,0.0,20.020000457763672,0.0,0.2675264996022319,0.21699952304024436,0.0,0.37181663635993684,-0.9893544592414658,0.0,24327.642578125,295.12945556640625
2023-02-20,0.02040504474431612,0.0,0.0,20.020000457763672,0.0,0.019743679539956,-0.03824853850159944,0.0,0.37181663635993684,-0.9893544592414658,0.0,24829.1484375,295.12945556640625
2023-02-21,-0.015946381537723795,-0.023959942880145715,0.003076330953509202,22.8700008392334,2.8500003814697266,0.0263442666307954,-0.03834317049160762,-0.06099230463203382,0.36247723225585987,-1.0147936142299274,-0.02799029534739383,24436.353515625,288.1422119140625
2023-02-22,-0.010180396881003117,0.0007480908734011734,0.0039277345058649936,22.290000915527344,-0.5799999237060547,-0.1929040117926265,-0.24844804351372776,-0.0024748611173868082,0.3579648697660533,-1.0273204265415188,9.000431969808645e-05,24188.84375,288.3578491210937
2023-02-23,-0.010027916762018151,0.008695787601693929,9.562729084697131e-05,21.13999938964844,-1.1500015258789027,-0.0137762337457699,-0.06128865307933269,-0.020784683955904697,0.3345388746878858,-1.095002188863465,0.07204713165083096,23947.4921875,290.87628173828125
2023-02-24,-0.03179206740644356,-0.016885730169309745,0.0058148070752222026,21.670000076293945,0.5300006866455043,0.1954936252682712,0.13838731501004914,-0.06640885573943556,0.3433616693061636,-1.0689709578724405,-0.01906380404675996,23198.126953125,286.005859375
2023-02-25,-0.000981248083164121,0.0,0.0,21.670000076293945,0.0,0.2074663031342535,0.14417771153023826,0.0,0.3433616693061636,-1.0689709578724405,0.0,23175.375,286.005859375
2023-02-26,0.016511545833869257,0.0,0.0,21.670000076293945,0.0,0.0075571104223945,-0.05643398242206203,0.0,0.3433616693061636,-1.0689709578724405,0.0,23561.212890625,286.005859375
2023-02-27,-0.001628652491694882,0.007135614619307897,-0.005145817745095735,20.950000762939453,-0.7199993133544922,-0.0397253005925914,-0.10201636610444836,-0.005559010824078118,0.3175251198004664,-1.1471983462972297,0.006477574558049998,23522.87109375,288.0539855957031
2023-02-28,-0.016092730875103014,-0.0012936704984591932,0.0019089876634674223,20.700000762939453,-0.25,0.1361606116384964,0.05718618437780447,0.015045342223597276,0.31750465445311377,-1.1472628010619965,-0.00758183066075202,23147.353515625,287.6815795898437
2023-03-01,0.021336804939163678,-0.008071739018981802,-0.0037258163786276204,20.57999992370605,-0.12000083923340199,-0.0591464432989946,-0.13641444644204748,-0.04518762546002252,0.32994090804134363,-1.1088417070973213,-0.017637295993864956,23646.55078125,285.36883544921875
2023-03-02,-0.007261350209481709,0.00824209075329566,0.005250314354224447,19.59000015258789,-0.9899997711181605,0.0585461600994855,-0.01875946249828178,0.004020037955466719,0.3164218980843656,-1.150678835355971,0.023119881649474747,23475.466796875,287.7305908203125
2023-03-03,-0.04856242572977136,0.02046279519269805,-0.00486760347746891,18.489999771118164,-1.1000003814697266,-0.0229022754498548,-0.09891792046022924,0.015113948050269138,0.3207269095083467,-1.1371652671397805,0.020457522086240642,22362.6796875,293.67901611328125
2023-03-04,-0.0004173035221196778,0.0,0.0,18.489999771118164,0.0,-0.0179031473802994,-0.08423661123114654,0.0,0.3207269095083467,-1.1371652671397805,0.0,22353.349609375,293.67901611328125
2023-03-05,0.00366895467532336,0.0,0.0,18.489999771118164,0.0,-0.0617843693161206,-0.12544976117422396,0.0,0.3207269095083467,-1.1371652671397805,0.0,22435.513671875,293.67901611328125
2023-03-06,-0.0002565841781915384,0.0011340018051301853,-0.0016277896342835392,18.61000061035156,0.12000083923339488,-0.0212705707296633,-0.08160130763428189,-0.005105051420502692,0.32651716152177673,-1.1192727695588525,-0.003997144562098352,22429.7578125,294.0122375488281
2023-03-07,-0.009406138966041635,-0.012341741975201194,0.012097154382653161,19.59000015258789,0.9799995422363317,-0.0808844741828829,-0.1292954744640112,-0.01567720257686597,0.3514344187208609,-1.0457321606128664,-0.010916527713318795,22219.76953125,290.4059143066406
2023-03-08,-0.022837315061132093,0.004981884107258626,0.0003786531123809901,19.11000061035156,-0.4799995422363317,0.2193121604380422,0.169739945381575,-0.008673664167464427,0.32402422103308154,-1.1269370097089757,0.017928346814544246,21718.080078125,291.8562927246094
2023-03-09,-0.06442451332853331,-0.017477850051924964,-0.003318068186079648,22.61000061035156,3.5,-0.1756251062861246,-0.21872918040252973,-0.09116440953302744,0.34269449847744177,-1.0709159036957319,-0.018374081815938473,20363.021484375,286.7995910644531
2023-03-10,-0.00866965688311379,-0.014143184116424156,-0.006956011940827858,24.799999237060547,2.189998626708988,-0.1321096465135152,-0.17175862484018967,-0.02814953931245087,0.3717545130329612,-0.9895215537479456,-0.017597572943583127,20187.244140625,282.7718811035156
2023-03-11,0.021812221244110887,0.0,0.0,24.799999237060547,0.0,-0.388171901118102,-0.4113810031015578,0.0,0.3717545130329612,-0.9895215537479456,0.0,20632.41015625,282.7718811035156
2023-03-12,0.07160391184533008,0.0,0.0,24.799999237060547,0.0,-1.190554551653507,-1.1717910259309887,0.0,0.3717545130329612,-0.9895215537479456,0.0,22163.94921875,282.7718811035156
2023-03-13,0.08778363436848541,0.007388991857042488,-0.009415031171813264,26.520000457763672,1.720001220703125,0.1028865852399565,0.1164670846089948,0.15532606190425038,0.3230466320917455,-1.1299585943790165,0.010628936169283424,24197.533203125,284.8690185546875
2023-03-14,0.02241616479750579,0.022719849282452024,0.0,23.729999542236328,-2.7900009155273438,0.2395171582613719,0.24487136201335397,0.01839918838211081,0.30000000652208875,-1.2039727825856403,0.03667838474447169,24746.07421875,291.415283203125
2023-03-15,-0.015069419825617957,0.005232437938647015,0.010084148375969637,26.13999938964844,2.409999847412113,0.0561400944770446,0.057823601775232235,-0.013267908068139782,0.30616054722686253,-1.1836456504777897,0.01225357383252516,24375.9609375,292.944091796875
2023-03-16,0.027387721969650478,0.026019201734023365,-0.0022002530258636854,22.989999771118164,-3.149999618530277,0.0178236143243781,0.020968647897865653,0.042287645085065544,0.3109540624692894,-1.16811008681493,0.046256283901236574,25052.7890625,300.6662902832031
2023-03-17,0.09043081735478727,-0.004737340201755964,-0.0068226766730482185,25.51000022888184,2.5200004577636754,-0.1855006305795321,-0.1771240638369991,0.0934848216913377,0.2876602513178835,-1.245975178143828,0.009402252629536038,27423.9296875,299.24530029296875
2023-03-18,-0.016843655914946763,0.0,0.0,25.51000022888184,0.0,0.0151841193985744,0.04026667206428386,0.0,0.2876602513178835,-1.245975178143828,0.0,26965.87890625,299.24530029296875
2023-03-19,0.03901251239696352,0.0,0.0,25.51000022888184,0.0,-0.4445327401422784,-0.3996759306582223,0.0,0.2876602513178835,-1.245975178143828,0.0,28038.67578125,299.24530029296875
2023-03-20,-0.009728058677075274,0.0035423794904175187,-0.004154799054848812,24.149999618530277,-1.3600006103515625,0.0768230600010902,0.12283193847794087,0.0075965274257275206,0.2890995232846251,-1.2409842789247898,-0.009662458193607202,27767.236328125,300.3072204589844
2023-03-21,0.014607259457310753,0.014181619271149226,-0.00019363457964784574,21.3799991607666,-2.7700004577636754,0.0571484106009017,0.11016989204446337,0.11969416502183709,0.29124820794114037,-1.2335794271129492,0.008578015804447003,28175.81640625,304.5964050292969
2023-03-22,-0.031304934786025286,-0.013691315610362893,-0.008851802940525061,22.26000022888184,0.8800010681152379,-0.2229887004227328,-0.1618761396470815,-0.1111629678292652,0.297413787954043,-1.2126308843829932,0.0023789953791182802,27307.4375,300.4544982910156
2023-03-23,0.03690243092144147,0.011788396952628413,0.001757129577327853,22.61000061035156,0.35000038146971946,0.0914918693700431,0.15043284338771948,0.09849798838100011,0.28774038696297877,-1.2456966395386126,0.02323956585528046,28333.97265625,304.017333984375
2023-03-24,-0.03011973318555565,0.00367361469422907,0.005737958489560089,21.739999771118164,-0.8700008392333949,0.1840659672439904,0.23044127529377956,-0.07130531613346693,0.2909043399858389,-1.2347607944247254,-0.0024210512504294094,27493.28515625,305.13623046875
2023-03-25,5.171583626720892e-05,0.0,0.0,21.739999771118164,0.0,0.1834358743763892,0.22323744548877306,0.0,0.2909043399858389,-1.2347607944247254,0.0,27494.70703125,305.13623046875
2023-03-26,0.01800847790347154,0.0,0.0,21.739999771118164,0.0,-0.0340054909277457,0.01344605072450538,0.0,0.2909043399858389,-1.2347607944247254,0.0,27994.330078125,305.13623046875
2023-03-27,-0.030997440056033318,-0.0068747650511761975,-0.002524538985166973,20.600000381469727,-1.1399993896484375,-0.0706953549329886,-0.013971758011829462,-0.0718408421957724,0.29441624495175883,-1.2227607137864573,-0.01217538036366796,27139.888671875,303.0456848144531
2023-03-28,0.004714100093914092,-0.005325933300347802,-0.004189204852776162,19.96999931335449,-0.6300010681152379,0.0822362815795654,0.13647057279548552,0.0025398949589029176,0.2972214471963928,-1.2132778045551873,-0.004370243056650213,27268.130859375,301.4359741210937
2023-03-29,0.03885339931269162,0.01806970484983727,0.002048072933051069,19.1200008392334,-0.8499984741210902,0.0387570910603137,0.09037530255447031,0.09262650579317261,0.2852112740665903,-1.2545250608355374,0.02025172521127444,28348.44140625,306.9323425292969
2023-03-30,-0.011169598741333131,0.009420606135601266,-0.0048832991169928406,19.020000457763672,-0.10000038146972656,-0.0293487493785351,0.02778644081618923,-0.013570753208561439,0.2879327882862963,-1.2450282000880575,0.013609519430897443,28033.5625,309.8374938964844
2023-03-31,0.015746414888453637,0.016494173987588207,0.003615960390688943,18.700000762939453,-0.31999969482421875,-0.0008361575597367,0.05435535644367903,0.09099933863427075,0.279199623449529,-1.2758282567713013,0.01456857552960986,28478.484375,314.9903869628906
2023-04-01,-0.0023712364214005313,0.0,0.0,18.700000762939453,0.0,0.027650457671803,0.08387182842280816,0.0,0.279199623449529,-1.2758282567713013,0.0,28411.03515625,314.9903869628906
2023-04-02,-0.007480171844976413,0.0,0.0,18.700000762939453,0.0,0.1179566819498982,0.16948275412091157,0.0,0.279199623449529,-1.2758282567713013,0.0,28199.30859375,314.9903869628906
2023-04-03,-0.014613274150394037,-0.0024334913881524024,-0.00410563432500826,18.549999237060547,-0.15000152587890625,0.2050128217175092,0.2491083615852623,-0.00017245113901996045,0.2891826856534202,-1.240696660291247,0.0015136879079254623,27790.220703125,314.22479248046875
2023-04-04,0.01350558587463783,-0.003378588814298494,-0.004909672254020274,19.0,0.4500007629394531,0.0881466187012647,0.12724445896843828,-0.02479001793008208,0.2801640872661677,-1.2723798215084399,-0.009326148566413018,28168.08984375,313.1649475097656
2023-04-05,0.0003512057047058866,-0.00992180114711991,0.0025560586356645873,19.07999992370605,0.07999992370605113,0.0881605819259384,0.12361071710459193,-0.04582600919992105,0.2858967856216221,-1.2521244227334363,-0.015497199104211955,28177.984375,310.0731506347656
2023-04-06,-0.004761257346579407,0.006719478380447036,-0.00029458221420442513,18.399999618530277,-0.6800003051757741,0.041017926538799,0.07240464836006313,0.026265442021331593,0.3056690519727177,-1.1852522918057424,0.015499472480254977,28044.140625,312.1636962890625
2023-04-07,-0.00422660089629551,0.0,0.0,18.399999618530277,0.0,0.0920182066912667,0.12764806030409004,0.0,0.3056690519727177,-1.1852522918057424,0.0,27925.859375,312.1636962890625
2023-04-08,0.0007851839396583646,0.0,0.0,18.399999618530277,0.0,0.0825274746700932,0.1095522422510426,0.0,0.3056690519727177,-1.1852522918057424,0.0,27947.794921875,312.1636962890625
2023-04-09,0.01369069252890777,0.0,0.0,18.399999618530277,0.0,-0.0817634992040132,-0.05641693653338054,0.0,0.3056690519727177,-1.1852522918057424,0.0,28333.05078125,312.1636962890625
2023-04-10,0.045533646757390224,-0.000566003469413413,0.007436454334157154,18.96999931335449,0.5699996948242116,-0.094282786445239,-0.07873252759703511,0.12146810321544337,0.30214380094453364,-1.1968522128684589,0.00612031745339282,29652.98046875,311.987060546875
2023-04-11,0.019439489564332186,-0.0064384430784744226,-0.0037113519021786954,19.100000381469727,0.13000106811523793,0.0356968673188913,0.01037207886801525,0.13027214453373662,0.3109685025589983,-1.1680636498772032,-0.01895366830794849,30235.05859375,309.9848022460937
2023-04-12,-0.0031803678161343176,-0.00887314390049613,-0.006872849427117764,19.09000015258789,-0.010000228881835938,-0.085226063179164,-0.10428043001606936,-0.03148609228665945,0.2934272349626553,-1.2261255922143401,-0.011394762063981866,30139.052734375,307.2464294433594
2023-04-13,0.008590133768281546,0.01939287009006914,-0.0048392554920465135,17.799999237060547,-1.2900009155273438,0.0516859006129531,0.03889257569766169,0.13331006660277306,0.29627070209643525,-1.216481708480028,0.010471719902804929,30399.06640625,313.2629699707031
2023-04-14,0.002845797962018112,-0.0018816521122606688,0.005331775088373098,17.06999969482422,-0.7299995422363281,-0.0061796393006505,-0.016895639756685406,0.03281445087665924,0.302231240036473,-1.1965628591174915,-0.0008808002075787425,30485.69921875,312.674072265625
2023-04-15,-0.0054997371675221595,0.0,0.0,17.06999969482422,0.0,0.0599649425017087,0.04784423110642944,0.0,0.302231240036473,-1.1965628591174915,0.0,30318.49609375,312.674072265625
2023-04-16,-0.00010359312238552485,0.0,0.0,17.06999969482422,0.0,0.0612143366391645,0.04086979300326202,0.0,0.302231240036473,-1.1965628591174915,0.0,30315.35546875,312.674072265625
2023-04-17,-0.02912872327682135,0.0008471182414994548,0.005401392147505935,16.950000762939453,-0.11999893188476562,0.0427732727473047,0.02150909066644454,-0.024814560851550243,0.30031283799272734,-1.202930554348099,0.009165149425495218,29445.044921875,312.9390563964844
2023-04-18,0.03183646099781629,6.260539063717287e-05,-0.0034338859029701624,16.829999923706055,-0.12000083923339844,-0.0286415429593266,-0.06376876494628514,0.0629436299037035,0.30785808972174833,-1.1781163498420404,0.011419768006238305,30397.552734375,312.9586486816406
2023-04-19,-0.05319953662867234,-0.0004704164657408284,0.0021598400246286317,16.459999084472656,-0.37000083923339844,0.184155110057374,0.14545015306853934,-0.09719207247977252,0.31729711673043876,-1.1479166673222696,0.004887012058770209,28822.6796875,312.8114624023437
2023-04-20,-0.020211126619281063,-0.007653548398577138,-0.0012757460576225028,17.170000076293945,0.7100009918212891,-0.0641457242337926,-0.09880754339480413,-0.08276282134377358,0.3336759824281587,-1.0975848693596533,-0.019100614358544807,28245.98828125,310.4264831542969
2023-04-21,-0.034910877271712444,0.001042804754626367,-0.00019637281272905612,16.770000457763672,-0.39999961853027344,0.0145572985622426,-0.028022720564934777,-0.02176628257345831,0.3486277825195674,-1.0537504516548835,-0.00033528359743335346,27276.91015625,310.7503662109375
2023-04-22,0.019624756556398195,0.0,0.0,16.770000457763672,0.0,-0.2189269344836883,-0.25115966014907465,0.0,0.3486277825195674,-1.0537504516548835,0.0,27817.5,310.7503662109375
2023-04-23,-0.008161741227378502,0.0,0.0,16.770000457763672,0.0,-0.1223794027078623,-0.14439728270818686,0.0,0.3486277825195674,-1.0537504516548835,0.0,27591.384765625,310.7503662109375
2023-04-24,-0.0023965485595713668,-0.0020869933200129524,-0.004626687634511641,16.889999389648438,0.11999893188476562,-0.0546433989021763,-0.06872530312654869,-0.01969997423008789,0.35968722414404186,-1.0225204469985196,-0.008452388271611586,27525.33984375,310.1025085449219
2023-04-25,0.02802320777395386,-0.01904375511877386,0.005019469606052127,18.76000022888184,1.870000839233402,-0.2978413066832074,-0.3031286837157311,0.003846920769218082,0.3446726592467785,-1.0651601261369483,-0.026431001710781707,28307.59765625,304.2528686523437
2023-04-26,0.004057925868580612,0.006046524166085967,-0.003836127127342896,18.84000015258789,0.07999992370605113,-0.2206832497928351,-0.22097103033003054,0.05749417948655743,0.3608929369190266,-1.019173938267418,0.048407202238489294,28422.701171875,306.0981140136719
2023-04-27,0.03631313286229464,0.02682771814761547,0.0002955981606630457,17.030000686645508,-1.8099994659423828,0.0880292267115794,0.08754834800331682,0.04406799831402205,0.3432547316663466,-1.0692824495307525,0.020745990414438954,29473.787109375,314.4211730957031
2023-04-28,-0.004540602889751968,0.006874725411915878,0.0016734577954441968,15.779999732971191,-1.2500009536743164,-0.0665805985722211,-0.06355022095939919,-0.0035128950804704517,0.3342328457072868,-1.0959173860604356,0.013483807684721544,29340.26171875,316.5901794433594
2023-04-29,-0.0031328032278842735,0.0,0.0,15.779999732971191,0.0,-0.0291369225412691,-0.026113605823022724,0.0,0.3342328457072868,-1.0959173860604356,0.0,29248.48828125,316.5901794433594
2023-04-30,0.0006944394889976754,0.0,0.0,15.779999732971191,0.0,-0.0374470767960423,-0.0332033961032524,0.0,0.3342328457072868,-1.0959173860604356,0.0,29268.806640625,316.5901794433594
2023-05-01,-0.041052856211014906,-0.0011475609371092825,0.0047100799239748045,16.079999923706055,0.3000001907348633,-0.0754254901468641,-0.0677459445267853,-0.10741220814296175,0.352552814961538,-1.042554838275037,0.017719702830943634,28091.568359375,316.2270812988281
2023-05-02,0.020749270291120427,-0.00875972487781345,-0.0018617656726258914,17.780000686645508,1.7000007629394531,0.0709036472972913,0.08015162740579033,0.08386340911377616,0.3389021537543406,-1.0820438452570131,-0.012500945009055946,28680.537109375,313.4691162109375
2023-05-03,0.011294600825028724,-0.006565371464306797,-0.0060994066177318855,18.34000015258789,0.5599994659423828,-0.244626202678162,-0.22039025508980728,-0.018702327398716367,0.3370016675439045,-1.0876674004405207,-0.008940684011594032,29006.30859375,311.4178161621094
2023-05-04,-0.005482697825375376,-0.003536242921823776,0.0005919422942949497,20.09000015258789,1.75,0.069588493671102,0.09444304542712882,0.018537749725280907,0.31972110194252906,-1.140306219644092,-0.0026785374399108863,28847.7109375,310.3185119628906
2023-05-05,0.02352452363535224,0.02103170184735069,-0.001875549050207397,17.190000534057617,-2.8999996185302734,0.0937003710915607,0.11837026320873345,0.02299195442955242,0.31852841115092895,-1.1440436049626206,0.028386747929485683,29534.384765625,316.9141540527344
2023-05-06,-0.02155362050914689,0.0,0.0,17.190000534057617,0.0,0.3571928068654134,0.37132353630503234,0.0,0.31852841115092895,-1.1440436049626206,0.0,28904.623046875,316.9141540527344
2023-05-07,-0.015678412319992844,0.0,0.0,17.190000534057617,0.0,0.5524607162809068,0.5512433620675377,0.0,0.31852841115092895,-1.1440436049626206,0.0,28454.978515625,316.9141540527344
2023-05-08,-0.027097480312589104,0.0024744405680517745,0.001579659333941316,16.979999542236328,-0.21000099182128906,-0.142675028428429,-0.136385632538514,-0.0922959109324362,0.30860349366266354,-1.175698018110472,0.0049151600551945625,27694.2734375,317.6993103027344
2023-05-09,-0.0012826051136456092,-0.006353246829216782,0.0026599359579982385,17.709999084472656,0.7299995422363281,0.0482557630860402,0.05021118356628677,0.04625575170587903,0.3276205642099252,-1.115899156659753,-0.012728531240995551,27658.775390625,315.6872863769531
2023-05-10,-0.0013393336115541375,0.010823101682481686,-0.0015753846360941081,16.940000534057617,-0.7699985504150391,0.0665754087778549,0.06316888941733166,0.07434424308461342,0.30875912875586486,-1.175193824656425,0.014039227161413911,27621.755859375,319.12255859375
2023-05-11,-0.0227376278728039,0.0032548077108849067,0.005699083903705093,16.93000030517578,-0.010000228881835938,-0.0692375598976997,-0.0691462650176699,-0.1191575916934325,0.32333052575127297,-1.1290801794340035,-0.008877232340578002,27000.7890625,320.1629333496094
2023-05-12,-0.007278017155925187,-0.003593202656592423,0.006056507260503907,17.030000686645508,0.10000038146972656,-0.1432525354019974,-0.1412270247812065,0.019373649750084796,0.33326334064103136,-1.0988222887934986,-0.006022891665628879,26804.990234375,319.0145874023437
2023-05-13,-0.0007804618022563855,0.0,0.0,17.030000686645508,0.0,-0.1339951848725426,-0.1257803047355685,0.0,0.33326334064103136,-1.0988222887934986,0.0,26784.078125,319.0145874023437
2023-05-14,0.0054570113859458225,0.0,0.0,17.030000686645508,0.0,-0.198571750475596,-0.1839437999661237,0.0,0.33326334064103136,-1.0988222887934986,0.0,26930.638671875,319.0145874023437
2023-05-15,0.009683688179724162,0.005400149922449942,-0.0024377175472424643,17.1200008392334,0.09000015258789062,0.1245805129609221,0.13705461112175393,0.06306229663757422,0.3295004040731725,-1.110177698718104,0.011492231634653587,27192.693359375,320.7419738769531
2023-05-16,-0.005754943306692564,0.0011316066225664752,0.001268327939894014,17.989999771118164,0.8699989318847656,-0.0318014500715716,-0.016226825687048557,-0.020957725227881457,0.33763837954900006,-1.0857798392235913,0.008140348711988269,27036.650390625,321.1051330566406
2023-05-17,0.013305949198470446,0.012031429930327455,0.0031152644246639286,16.8700008392334,-1.1199989318847656,0.013663633083876,0.030208578790513335,0.043495327837105656,0.32356321929903586,-1.1283607612619173,0.02095318190155622,27398.802734375,324.9918212890625
2023-05-18,-0.020896322938492334,0.018402992922099327,0.006781044881070237,16.049999237060547,-0.8200016021728516,-0.0233490955912287,-0.006980564796861301,-0.041531328770178184,0.33637470345601367,-1.089529551522929,0.031400893433579234,26832.208984375,331.02801513671875
2023-05-19,0.0021562704301694635,-0.002256043096254492,-0.0036754551972653835,16.809999465942383,0.7600002288818359,-0.0022888278153882,0.020294500908071278,0.0037666472880109668,0.33762254817219145,-1.0858267288810899,-0.006860300589644996,26890.12890625,330.28204345703125
2023-05-20,0.008865600285434393,0.0,0.0,16.809999465942383,0.0,-0.1081856264508275,-0.08413430098680019,0.0,0.33762254817219145,-1.0858267288810899,0.0,27129.5859375,330.28204345703125
2023-05-21,-0.01394736681453699,0.0,0.0,16.809999465942383,0.0,0.0588359185481574,0.08141129001265421,0.0,0.33762254817219145,-1.0858267288810899,0.0,26753.826171875,330.28204345703125
2023-05-22,0.0036358955711424203,0.003352506549768903,0.0,17.209999084472656,0.39999961853027344,0.0061327389714787,0.021206121320803278,0.04122442497681899,0.32338403148851325,-1.128914710026323,0.0030314269721665173,26851.27734375,331.39117431640625
2023-05-23,0.013848962643426162,-0.012757491031291278,0.002806145562013627,18.530000686645508,1.3200016021728516,-0.0113392290667174,3.281416123568012e-05,-0.035039858128906635,0.31959379312969366,-1.140704486024242,-0.017190164220053015,27225.7265625,327.1903076171875
2023-05-24,-0.03327040018789597,-0.005142675015012696,0.003857672169282226,20.030000686645508,1.5,-0.0500409873543276,-0.03882235784463614,-0.020219566694188684,0.31227651337208034,-1.1638662228619285,-0.004691432220375713,26334.818359375,325.5119934082031
2023-05-25,0.005354526205137628,0.02404158197505234,0.0030754440114669794,19.13999938964844,-0.8900012969970668,-0.0028132570089093,-0.001428895821694445,-0.03150522351191715,0.3051576029803358,-1.1869269047511903,0.12791247212244247,26476.20703125,333.4326477050781
2023-05-26,0.009139332662057487,0.025229475144931623,0.0,17.950000762939453,-1.189998626708988,0.0142093614040125,0.00776396888466577,0.0012907010989299938,0.30959301988828747,-1.1724966831011872,0.02313812773400304,26719.291015625,341.9519958496094
2023-05-27,0.00556333034484893,0.0,0.0,17.950000762939453,0.0,-0.0524440746501478,-0.05420702379077029,0.0,0.30959301988828747,-1.1724966831011872,0.0,26868.353515625,341.9519958496094
2023-05-28,0.04430949975360071,0.0,0.0,17.950000762939453,0.0,-0.5702771190049187,-0.5552501841311179,0.0,0.30959301988828747,-1.1724966831011872,0.0,28085.646484375,341.9519958496094
2023-05-29,-0.012171112107334788,0.0,0.0,17.950000762939453,0.0,-0.4303146588531956,-0.40191513276899726,0.0,0.30959301988828747,-1.1724966831011872,0.0,27745.884765625,341.9519958496094
2023-05-30,-0.0015702994220325468,0.004524743304477555,-0.00038392280013345697,17.459999084472656,-0.4900016784667969,0.1592574185839803,0.1811001281555112,0.05621493540530869,0.30439815919882085,-1.189418700322941,0.0122076187241726,27702.349609375,343.50274658203125
2023-05-31,-0.017577792723265092,-0.005702134268299147,0.0014389328341666869,17.940000534057617,0.48000144958496094,-0.0637737044508776,-0.04231938773587959,-0.007944593136593542,0.2916027577496826,-1.2323628215889157,-0.033496653007846655,27219.658203125,341.54962158203125
2023-06-01,-0.014792581991188054,0.011485713935990263,-0.0073119639444243585,15.649999618530272,-2.2900009155273455,0.0469921480216833,0.0692435147125349,0.01038738975598327,0.28574101538940183,-1.2526694190083514,0.03129160427855125,26819.97265625,345.49517822265625
2023-06-02,0.01589161106579633,0.007472024044305587,0.004432024764387192,14.600000381469728,-1.0499992370605433,0.0596310580936209,0.07174051609207975,-0.017768889762257777,0.28910776565875496,-1.2409557688236963,-0.0013790108387345523,27249.58984375,348.0863952636719
2023-06-03,-0.006422915434419119,0.0,0.0,14.600000381469728,0.0,0.1373383350408217,0.14718946499362323,0.0,0.28910776565875496,-1.2409557688236963,0.0,27075.12890625,348.0863952636719
2023-06-04,0.0016214839752998166,0.0,0.0,14.600000381469728,0.0,0.1176737826146013,0.12672579884996815,0.0,0.28910776565875496,-1.2409557688236963,0.0,27119.06640625,348.0863952636719
2023-06-05,-0.051410345698891795,0.0007044627540458439,-0.00019225693155170475,14.729999542236328,0.1299991607665998,-0.0559459010688314,-0.033122594568989736,-0.07886973360841709,0.2894073165661166,-1.239920183258734,-0.0011830559147233653,25760.09765625,348.3316955566406
2023-06-06,0.05581511856233619,-0.00016901529181765398,0.0012491930239595076,13.960000038146973,-0.7699995040893555,0.0115497656467968,0.05240343716777546,0.048429669877458094,0.29366029869133486,-1.225331626314665,-0.01001823163465423,27238.783203125,348.2728271484375
2023-06-07,-0.03332542412080894,-0.01711081794990532,-0.00028813120222751594,13.9399995803833,-0.020000457763671875,0.1202468561587011,0.15233646486010877,-0.035622870747977126,0.30326495973006506,-1.193148401030738,-0.031113478126938997,26345.998046875,342.3642883300781
2023-06-08,0.006138366063704449,0.012336731700753036,-0.007327473541548554,13.649999618530272,-0.2899999618530291,0.0641838132884357,0.09574248698309684,0.007074073995929054,0.31223979297009025,-1.163983819157364,0.016520397404885888,26508.216796875,346.6141052246094
2023-06-09,-0.001050860137740086,0.0038155298418986222,0.00212664388698114,13.829999923706056,0.1800003051757848,-0.0024357661098077,0.031423280081108854,-0.0193037537395551,0.31709911632298476,-1.1485408841872726,0.005710751417436219,26480.375,347.93914794921875
2023-06-10,-0.024045314677471934,0.0,0.0,13.829999923706056,0.0,0.2895457672296458,0.3114453691829842,0.0,0.31709911632298476,-1.1485408841872726,0.0,25851.240234375,347.93914794921875
2023-06-11,0.0034340762243438776,0.0,0.0,13.829999923706056,0.0,0.2474149119902275,0.25629226569715835,0.0,0.31709911632298476,-1.1485408841872726,0.0,25940.16796875,347.93914794921875
2023-06-12,-0.0014531650030546537,0.016755811312324308,0.0006757053838537211,15.010000228881836,1.1800003051757795,-0.005790946819805,-0.001187067714632041,0.0076226047487057864,0.32533219868707086,-1.1229084688854363,0.01678158055296603,25902.5,353.8182678222656
2023-06-13,0.0006263269559741463,0.007654486501702761,-0.0028023492708347184,14.609999656677246,-0.40000057220458984,0.0052185357942408,0.0030294053570858654,0.023838232203418342,0.31549116718242615,-1.1536245936449867,0.022794798970099842,25918.728515625,356.5369567871094
2023-06-14,-0.031115354032620144,0.007241369869805944,-0.003198395787865881,13.880000114440918,-0.7299995422363281,0.3703088830281858,0.3599288069221221,-0.005203205989026314,0.3079679687444089,-1.1777594989997742,0.028052273757952058,25124.67578125,359.1281433105469
2023-06-15,0.017819375410116443,0.011845443593684293,-0.008677472364774409,14.5,0.619999885559082,-0.0499184657728065,-0.05969464135549573,-0.03385556523303863,0.2987068993157921,-1.208292456217007,0.011682684382806459,25576.39453125,363.407470703125
2023-06-16,0.0289427732653721,-0.0063129773616977915,0.0017610835201191534,13.539999961853027,-0.9600000381469727,0.0535731573664945,0.042466664307717984,0.07472088676135494,0.3017312609379194,-1.1982185222156463,-0.007900260812730068,26327.462890625,361.1205139160156
2023-06-17,0.0069349007932065195,0.0,0.0,13.539999961853027,0.0,-0.0297280002027485,-0.04062186310780769,0.0,0.3017312609379194,-1.1982185222156463,0.0,26510.67578125,361.1205139160156
2023-06-18,-0.006602603438313832,0.0,0.0,13.539999961853027,0.0,0.0495684523025975,0.03694601339360546,0.0,0.3017312609379194,-1.1982185222156463,0.0,26336.212890625,361.1205139160156
2023-06-19,0.019359247201741925,0.0,0.0,13.539999961853027,0.0,-0.1814586513101402,-0.19163865605715513,0.0,0.3017312609379194,-1.1982185222156463,0.0,26851.029296875,361.1205139160156
2023-06-20,0.05352849528514009,-0.0014325068291574357,0.00234327249500934,13.880000114440918,0.3400001525878906,-0.062478514064781,-0.06861470439136468,0.1090216624450318,0.31720232752610233,-1.148215451524209,0.006611780949276826,28327.48828125,360.60357666015625
2023-06-21,0.05827421320682117,-0.013721373478232553,-0.0045941258585048515,13.199999809265137,-0.6800003051757812,0.0929966327513455,0.08396497929876626,0.028485972213865642,0.30240668956449634,-1.195982513345722,-0.015470698494719406,30027.296875,355.6893920898437
2023-06-22,-0.0038377235796951737,0.0117298447561571,0.00313019620013928,12.90999984741211,-0.28999996185302734,0.183624410124186,0.16809396869857665,-0.009341244853431692,0.3362162299837719,-1.0900007843846742,0.008902299443526416,29912.28125,359.8861389160156
2023-06-23,0.02584590576815378,-0.00996284455318199,0.0049686120430801495,13.4399995803833,0.5299997329711914,0.1659650498088581,0.14323440714447588,0.03423117024434572,0.33217991679406245,-1.1020785387958048,-0.016524813398791336,30695.46875,356.3184509277344
2023-06-24,-0.004793067902493928,0.0,0.0,13.4399995803833,0.0,0.2244173173312178,0.19411232218883137,0.0,0.33217991679406245,-1.1020785387958048,0.0,30548.6953125,356.3184509277344
2023-06-25,-0.0022426607224285255,0.0,0.0,13.4399995803833,0.0,0.2518633024163819,0.2136365092402498,0.0,0.33217991679406245,-1.1020785387958048,0.0,30480.26171875,356.3184509277344
2023-06-26,-0.006884835938176551,-0.013496207146612222,-0.0020428926840280397,14.25,0.8100004196166992,0.0173904863331844,-0.02316412554239209,-0.06805992993863026,0.32991037081816443,-1.1089342649938636,-0.02871323277059202,30271.130859375,351.54180908203125
2023-06-27,0.013682563415242946,0.017048007703791716,-0.0019495529845661155,13.739999771118164,-0.5100002288818359,0.0065833605942844,-0.05319993393459886,0.07052544779451748,0.32106513704054285,-1.136111257308006,0.024080905404186656,30688.1640625,357.5862731933594
2023-06-28,-0.01980891791303767,0.0019498128814752632,0.0040896434333889415,13.43000030517578,-0.3099994659423846,0.0094743250491198,-0.06496860227650732,-0.02592282752177184,0.31679917921375006,-1.1494872099109106,-0.007236446838233993,30086.24609375,358.2841796875
2023-06-29,0.011865197537731036,-0.0020047754510403126,0.004169631988002177,13.539999961853027,0.10999965667724787,0.0412470602424169,-0.02926218847182476,0.024924329045004735,0.3273369349984688,-1.116765256306002,-0.004792767409430322,30445.3515625,357.5666198730469
2023-06-30,0.0010472432791648364,0.01530247322994768,-0.004169631988002264,13.59000015258789,0.05000019073486328,-0.1373124537749178,-0.20537041084502478,-1.510219399841143e-05,0.32082082053414546,-1.1368725031813973,0.025933069862131924,30477.251953125,363.0803527832031
2023-07-01,0.0036951443630783326,0.0,0.0,13.59000015258789,0.0,-0.1810659093404979,-0.24152193116519885,0.0,0.32082082053414546,-1.1368725031813973,0.0,30590.078125,363.0803527832031
2023-07-02,0.001002809469143997,0.0,0.0,13.59000015258789,0.0,-0.1929121076291534,-0.24495002392976187,0.0,0.32082082053414546,-1.1368725031813973,0.0,30620.76953125,363.0803527832031
2023-07-03,0.017342426317960315,0.0023521125088553463,0.0007770199620407641,13.56999969482422,-0.0200004577636701,0.2093540429198744,0.1549156030232975,0.1341887893996419,0.3434704757188519,-1.068654122341702,-0.002447926781466433,31156.439453125,363.9353637695313
2023-07-04,-0.012234379050443955,0.0,0.0,13.56999969482422,0.0,0.3596453942925432,0.29714123400670156,0.0,0.3434704757188519,-1.068654122341702,0.0,30777.58203125,363.9353637695313
2023-07-05,-0.008595533521292817,-2.6917621639583678e-05,0.0036829357551965867,14.18000030517578,0.610000610351559,0.0632495678076774,-0.0032277747740478424,0.05154455204797024,0.35060975896795826,-1.0480814718340214,-0.0008961571120940646,30514.166015625,363.9255676269531
2023-07-06,-0.020020299639946313,-0.007644840503633028,-0.0019367157864437802,15.4399995803833,1.2599992752075213,0.2409931419698632,0.16686768684403575,0.015544579477304058,0.37138687776143536,-0.9905109625093754,0.002057179159240091,29909.337890625,361.1540222167969
2023-07-07,0.01437090998029806,-0.003325789693862933,-0.008761753370652348,14.829999923706056,-0.6099996566772443,0.0109686107198858,-0.05951423622464782,0.09260940664273265,0.37590849031480184,-0.978409542035523,-0.0012414892637202515,30342.265625,359.95489501953125
2023-07-08,-0.0016401345457067653,0.0,0.0,14.829999923706056,0.0,0.0306843791024515,-0.03868182003588265,0.0,0.37590849031480184,-0.978409542035523,0.0,30292.541015625,359.95489501953125
2023-07-09,-0.004012544787339061,0.0,0.0,14.829999923706056,0.0,0.0790550187756446,0.006972460141128692,0.0,0.37590849031480184,-0.978409542035523,0.0,30171.234375,359.95489501953125
2023-07-10,0.008029538805166095,0.0003275427356418871,-0.002937677646362029,15.06999969482422,0.23999977111816406,0.2527202145822728,0.18186517436933597,0.09803221041106118,0.380703072186511,-0.9657355457903887,-0.011870604384497867,30414.470703125,360.07281494140625
2023-07-11,0.006765948365584515,0.004928395027500927,-0.0023563865432139302,14.84000015258789,-0.2299995422363299,0.052532200207336,-0.011826749612837736,0.009088064592151189,0.368828660244521,-0.9974230781593677,0.003623421843333776,30620.951171875,361.8517761230469
2023-07-12,-0.007516669538967959,0.012550913633584472,-0.011965598524406462,13.539999961853027,-1.3000001907348633,0.001324120018331,-0.06327199869644727,0.0022773873574952895,0.3694383693017873,-0.995771347358768,0.024410125643101424,30391.646484375,366.4219665527344
2023-07-13,0.03505911799946575,0.016836270536684007,-0.007489176001020683,13.609999656677246,0.06999969482421875,0.171159159522149,0.10103168668310711,0.15140100001195433,0.37037823734661784,-0.9932305323999986,0.03112203154072811,31476.048828125,372.6433715820313
2023-07-14,-0.036955452769762046,-0.00021098342433265304,0.0014023141203172327,13.34000015258789,-0.26999950408935547,-0.0391909287740688,-0.09566840788636886,-0.0734497155152643,0.36266726112148573,-1.0142695011139584,-0.0018046630890242834,30334.068359375,372.5647583007813
2023-07-15,-0.0012621409438578614,0.0,0.0,13.34000015258789,0.0,-0.0240851711312924,-0.08142376006497626,0.0,0.36266726112148573,-1.0142695011139584,0.0,30295.806640625,372.5647583007813
2023-07-16,-0.0015417915284865274,0.0,0.0,13.34000015258789,0.0,-0.0056065656840885,-0.06097249718275293,0.0,0.36266726112148573,-1.0142695011139584,0.0,30249.1328125,372.5647583007813
2023-07-17,-0.003418965294113633,0.009295223048675806,-0.0007009494576735545,13.479999542236328,0.1399993896484375,-0.0620537043329978,-0.11634211236065392,-0.025160443376545327,0.3699788694041921,-0.9943093846930887,0.011500264418397856,30145.888671875,376.0439758300781
2023-07-18,-0.009643886494910275,0.008147234704794393,0.0010011624034427166,13.300000190734863,-0.17999935150146484,-0.0287625208025873,-0.08043989639340393,-0.026211250640999707,0.3669790841987729,-1.0024504238356293,0.03050917966652309,29856.5625,379.1202087402344
2023-07-19,0.0019193869502834365,-0.00023306244927248797,0.003396230772367326,13.760000228881836,0.46000003814697266,0.0766503945010452,0.016369384049855724,0.06040042801082344,0.38905495195714895,-0.9440346806692708,-0.010580998113967998,29913.923828125,379.0318603515625
2023-07-20,-0.004083626307646249,-0.023321892562131637,0.005965403313288571,13.989999771118164,0.22999954223632812,-0.0108816907214548,-0.07288259528408848,-0.06342055597007587,0.36331192448260613,-1.0124935176054801,-0.028512887501757924,29792.015625,370.2944030761719
2023-07-21,0.003910458253167224,-0.0030038955831716676,0.0018816786366874334,13.600000381469728,-0.3899993896484357,-0.0095266349586701,-0.06811009726430325,0.0008048259735303769,0.3746401412334972,-0.9817893371223574,-0.01797072207619417,29908.744140625,369.1837463378906
2023-07-22,-0.004589155219131938,0.0,0.0,13.600000381469728,0.0,0.0456259635877409,-0.008357550500010753,0.0,0.3746401412334972,-0.9817893371223574,0.0,29771.802734375,369.1837463378906
2023-07-23,0.010449658783391701,0.0,0.0,13.600000381469728,0.0,-0.0795913390936634,-0.12538964021799767,0.0,0.3746401412334972,-0.9817893371223574,0.0,30084.5390625,369.1837463378906
2023-07-24,-0.030633538164858885,0.0015960918803542476,0.002766514775348219,13.90999984741211,0.30999946594238104,-0.0295779097090948,-0.06690970326541866,-0.04794964381798006,0.3791291296128938,-0.9698784205489854,0.0053527531794278806,29176.916015625,369.7734680175781
2023-07-25,0.0017284554802405464,0.006754866753770587,0.0,13.859999656677246,-0.05000019073486328,-0.0194573476399759,-0.047745119527754495,-0.0023148858440529036,0.3743481484041769,-0.9825690364798846,0.020251096425112504,29227.390625,372.2796936035156
2023-07-26,0.004355653333464597,-0.0033319208147210124,-0.0045490494718553,13.1899995803833,-0.6700000762939453,0.016362751572781,-0.011890762489650816,0.02181534288452655,0.37590362220323376,-0.978422492376405,-0.02167309028380375,29354.97265625,371.0413513183594
2023-07-27,-0.004927238584293436,-0.002386900116175223,0.008684523847732521,14.40999984741211,1.2200002670288086,-0.0393100422823863,-0.06603377624892909,-0.06601258096334787,0.36529680397056563,-1.0070450942731959,-0.005642375859539571,29210.689453125,370.1567687988281
2023-07-28,0.0037094442045335473,0.01805067767766764,-0.001474939024794114,13.329999923706056,-1.079999923706053,0.031856474396151,0.00438666878470716,0.027559283996593322,0.3633040959963363,-1.0125150653997745,0.020608530450351277,29319.24609375,376.8990173339844
2023-07-29,0.0012840607690722545,0.0,0.0,13.329999923706056,0.0,0.0164167544090637,-0.010225374341268356,0.0,0.3633040959963363,-1.0125150653997745,0.0,29356.91796875,376.8990173339844
2023-07-30,-0.0027837737874393067,0.0,0.0,13.329999923706056,0.0,0.0499143436121443,0.017031321615576835,0.0,0.3633040959963363,-1.0125150653997745,0.0,29275.30859375,376.8990173339844
2023-07-31,-0.0015450628224417467,0.0005215547825411967,0.00235893425496883,13.630000114440918,0.3000001907348615,0.0225337514149745,-0.017135925940108713,0.0001174314372306938,0.3429594119867434,-1.070143171218193,-0.0038581645992166965,29230.111328125,377.09564208984375
2023-08-01,0.01513023382608844,-0.002322413539762108,0.004310375340513024,13.93000030517578,0.3000001907348615,-0.0953233107202032,-0.13824594797225143,-0.044005585199448194,0.3308068396076943,-1.1062206400859638,-0.0017562673071197478,29675.732421875,376.2208862304688
2023-08-02,-0.01780750751690934,-0.022188453409745002,0.002830723614032855,16.09000015258789,2.159999847412111,0.0527063100055655,0.015005263850660915,-0.0033190178637938113,0.3347478887724808,-1.0943776013090682,-0.037976350946566755,29151.958984375,367.9650573730469
2023-08-03,0.0009161807791750279,-0.0016038593000059465,-0.00048745111902339825,15.920000076293944,-0.1700000762939471,0.095132602973436,0.06624864986250165,-0.028149833897811075,0.3182844343412318,-1.1448098483679203,0.0014865656006275631,29178.6796875,367.3753662109375
2023-08-04,-0.0035908335462961935,-0.004692857486351349,-0.005084135693926122,17.100000381469727,1.180000305175783,0.006565929516688,-0.0204285689845467,-0.036810794421259584,0.32126045640647294,-1.1355030941772113,0.003561410693949364,29074.091796875,365.6553649902344
2023-08-05,-0.0011000318899209226,0.0,0.0,17.100000381469727,0.0,0.0197808019855854,0.00016004815049329435,0.0,0.32126045640647294,-1.1355030941772113,0.0,29042.126953125,365.6553649902344
2023-08-06,-9.347994530765627e-06,0.0,0.0,17.100000381469727,0.0,0.0198931633559591,-2.50755670021148e-05,0.0,0.32126045640647294,-1.1355030941772113,0.0,29041.85546875,365.6553649902344
2023-08-07,0.004765273802377892,0.008431202224016606,0.0002940795702701876,15.770000457763672,-1.3299999237060547,0.0306046883709573,0.01068910580571256,-0.04889827249425117,0.32022473352688646,-1.1387322374086626,0.01172191424733188,29180.578125,368.7513122558594
2023-08-08,0.01984638697905339,-0.008538537478692968,0.004692507615797259,15.989999771118164,0.2199993133544922,0.1247785095104098,0.10333881058733954,0.07287796286376237,0.3363528972124001,-1.089594380864254,-0.014547009460753137,29765.4921875,365.6161193847656
2023-08-09,-0.006877101417061734,-0.011055664188190165,-0.00039021477602083115,15.960000038146973,-0.029999732971191406,-0.0209031953716712,-0.03322211396294332,-0.038325329599404497,0.3284552763581427,-1.1133545953545325,-0.03008951510469298,29561.494140625,361.5962524414063
2023-08-10,-0.004471948989328098,0.001846416148532386,0.00029265675152248424,15.850000381469728,-0.10999965667724432,0.0266703813942585,0.01521352343008897,-0.009758725136331256,0.3393109256050146,-1.0808384072829818,-0.0008691517370036392,29429.591796875,362.2645263671875
2023-08-11,-0.0010837469218066252,-0.00639594880121182,0.0031164780362246446,14.84000015258789,-1.0100002288818377,0.0274654638733479,0.015137227780677805,0.036080197110851926,0.3361998313248743,-1.090049559718413,-0.021399800868222796,29397.71484375,359.95489501953125
2023-08-12,0.0006206039371356436,0.0,0.0,14.84000015258789,0.0,0.0200034871582674,0.012713773477726691,0.0,0.3361998313248743,-1.090049559718413,0.0,29415.96484375,359.95489501953125
2023-08-13,-0.004533340724443713,0.0,0.0,14.84000015258789,0.0,0.0746179579442257,0.0635346147064085,0.0,0.3361998313248743,-1.090049559718413,0.0,29282.9140625,359.95489501953125
2023-08-14,0.004277614074716283,0.011159792902385805,0.003397625999040487,14.81999969482422,-0.0200004577636701,-0.0054855100805113,-0.017188842020021196,-0.019819678459121765,0.317817684393918,-1.1462773801284178,0.03896280263085002,29408.443359375,363.9944152832031
2023-08-15,-0.008129120118753778,-0.010668349541681721,0.00019376592036012268,16.459999084472656,1.6399993896484357,0.02248269827732,0.009843057539096487,-0.06226901415913799,0.32620241122295407,-1.1202371969679936,-0.001242802132325822,29170.34765625,360.1318359375
2023-08-16,-0.016193584838703763,-0.010645319267985976,0.002032610555728277,16.780000686645508,0.32000160217285156,0.1790358843035033,0.1583599239440631,-0.04142669944202262,0.3190127853814804,-1.1425240974346875,-0.006408647431975584,28701.779296875,356.3184509277344
2023-08-17,-0.07362412009606191,-0.010983073785629098,0.00019340880270946712,17.889999389648438,1.1099987030029297,0.5334944789320442,0.4940766185814496,-0.07993535599220278,0.3390550685650339,-1.0815927406496653,-0.007158899620510811,26664.55078125,352.4263916015625
2023-08-18,-0.023334248653811243,-0.0012558639023731877,-0.0005802648656852326,17.299999237060547,-0.5900001525878906,-0.0136155748212185,-0.05002456952773764,-0.04444967226582409,0.34736842392212647,-1.0573693218733935,-0.0011508913930391063,26049.556640625,351.98406982421875
2023-08-19,0.0017891559507894222,0.0,0.0,17.299999237060547,0.0,-0.0350419125984927,-0.07064556657577725,0.0,0.34736842392212647,-1.0573693218733935,0.0,26096.205078125,351.98406982421875
2023-08-20,0.003571869420107809,0.0,0.0,17.299999237060547,0.0,-0.0777029453279635,-0.11103405562627158,0.0,0.34736842392212647,-1.0573693218733935,0.0,26189.583984375,351.98406982421875
2023-08-21,-0.002501958864606914,0.015983083452684326,-0.00048372525334603947,17.1299991607666,-0.1700000762939453,-0.0271659653876174,-0.05807067805341355,-0.036185083111917295,0.35059837090027923,-1.0481139531108206,0.049117224911568745,26124.140625,357.6550598144531
2023-08-22,-0.0035464695192522202,-0.0014300760843641248,0.002223363361818215,16.969999313354492,-0.15999984741210938,-0.1390566533775583,-0.16797918890055796,-0.029837233598001365,0.34650628979890197,-1.059854308139148,-0.013123652805261819,26031.65625,357.1439514160156
2023-08-23,0.015248455549160829,0.01564563136468657,-0.0019330853691412416,15.979999542236328,-0.9899997711181641,0.0945954333850587,0.06153378642558726,0.07171318861507567,0.3536409525494424,-1.0394731388913168,0.02259812164310015,26431.640625,362.775634765625
2023-08-24,-0.01023956576112509,-0.021607711433204634,0.00598055930058945,17.200000762939453,1.220001220703125,-0.0767696630157142,-0.10792089946266104,-0.0721205631208518,0.3638147673473517,-1.011110421783101,-0.010368084519655898,26162.373046875,355.0209655761719
2023-08-25,-0.004393992436939317,0.007721804744840708,0.0009612465570264075,15.68000030517578,-1.5200004577636737,-0.0204126958942311,-0.050338084092277524,-0.0014658707685730361,0.35792777472206505,-1.0274240595214272,-0.00760676650795879,26047.66796875,357.7729797363281
2023-08-26,-0.0015062619864454853,0.0,0.0,15.68000030517578,0.0,-0.0023547023043055,-0.03351193516828795,0.0,0.35792777472206505,-1.0274240595214272,0.0,26008.462890625,357.7729797363281
2023-08-27,0.003118365040993392,0.0,0.0,15.68000030517578,0.0,-0.0397094668085749,-0.06848116829906649,0.0,0.35792777472206505,-1.0274240595214272,0.0,26089.693359375,357.7729797363281
2023-08-28,0.0006305878251208892,0.007498997868305787,-0.00019221939637896422,15.079999923706056,-0.600000381469723,-0.0074237175761309,-0.035400736667116,0.007530655232560874,0.36402653125334594,-1.0105285259429593,0.009912397379264073,26106.150390625,360.4660034179688
2023-08-29,0.060249892570851026,0.02160478953217906,-0.004913015087694797,14.449999809265137,-0.6300001144409197,0.1223082571844672,0.09191810764107133,0.18218176959850127,0.36215175810300226,-1.0156919337260435,0.027608524836220245,27727.392578125,368.3385314941406
2023-08-30,-0.015634289371322937,0.005561109666349361,-0.0037734008004791223,13.880000114440918,-0.5699996948242188,-0.0163821353443711,-0.04547508866245545,-0.009066603118694547,0.3700097390235137,-0.9942259520051042,0.0054738996638718255,27297.265625,370.3926086425781
2023-08-31,-0.05132914544958933,0.0029940241883801132,0.004449171380475796,13.56999969482422,-0.31000041961669744,0.1427735390919908,0.10574402411350001,-0.07047905297933797,0.36135182343108385,-1.0179032151026468,-0.0006462206100657242,25931.47265625,371.5032348632813
2023-09-01,-0.005054814300673318,-0.001058603147208811,0.005965524430269651,13.09000015258789,-0.4799995422363299,-0.0468473397859843,-0.08055839977142346,-0.05466400327652335,0.35476277679632684,-1.03630594725137,-0.00727374747009223,25800.724609375,371.1101684570313
2023-09-02,0.0026349868784771645,0.0,0.0,13.09000015258789,0.0,-0.0783022803245796,-0.10623217753341824,0.0,0.35476277679632684,-1.03630594725137,0.0,25868.798828125,371.1101684570313
2023-09-03,0.0038877655416867615,0.0,0.0,13.09000015258789,0.0,-0.124561065995368,-0.14812006335380476,0.0,0.35476277679632684,-1.03630594725137,0.0,25969.56640625,371.1101684570313
2023-09-04,-0.006069712504034206,0.0,0.0,13.09000015258789,0.0,-0.0522613685864746,-0.07341896025917603,0.0,0.35476277679632684,-1.03630594725137,0.0,25812.416015625,371.1101684570313
2023-09-05,-0.0012573014244295709,0.0012703536238018156,0.005453251565243127,14.010000228881836,0.9200000762939453,-0.0209383021937972,-0.040734845014840086,-0.014782800507316904,0.3435114443778983,-1.0685348509085058,0.0077863309072533065,25779.982421875,371.5819091796875
2023-09-06,-0.001038013801593385,-0.00884700540947679,0.0004769690765721958,14.449999809265137,0.4399995803833008,-0.0224762406605905,-0.0405034191805818,0.0015179339686352594,0.3411047221450393,-1.0755657457804828,-0.016518332705578006,25753.236328125,368.30902099609375
2023-09-07,0.01873210550195057,-0.007177222457890716,0.0019054593225865462,14.399999618530272,-0.05000019073486506,-0.1189908730790816,-0.12889240551275652,0.007341897093912864,0.33557522402400464,-1.0919091330261386,-0.013269945205358583,26240.1953125,365.675048828125
2023-09-08,-0.012831149860508746,0.0013965694170857282,0.00028549874253529364,13.84000015258789,-0.559999465942381,0.0460188507048752,0.03388658340198207,-0.029176954745590056,0.3695735009349985,-0.9954056383893736,-0.000722176218831241,25905.654296875,366.1860961914063
2023-09-09,-0.00038518556307899995,0.0,0.0,13.84000015258789,0.0,0.0506596969948607,0.037727785838614164,0.0,0.3695735009349985,-0.9954056383893736,0.0,25895.677734375,366.1860961914063
2023-09-10,-0.0024532679048573473,0.0,0.0,13.84000015258789,0.0,0.0802594869235829,0.06556777499899519,0.0,0.3695735009349985,-0.9954056383893736,0.0,25832.2265625,366.1860961914063
2023-09-11,-0.026261881067480307,0.011713840230842352,-0.004960390338031698,13.800000190734863,-0.039999961853027344,-0.0632624660228191,-0.07517864617470392,-0.07398565880556159,0.36209015431134367,-1.0158620531039784,0.00111815370695296,25162.654296875,370.5007629394531
2023-09-12,0.0263051279529175,-0.011150210856088978,0.0013379148638041805,14.229999542236328,0.42999935150146484,0.1354789776294445,0.12153409682138572,0.027916545114746203,0.36990408159457544,-0.9945115458856677,-0.012633683982594911,25833.34375,366.3925476074219
2023-09-13,0.015173852958685846,0.0038017917291805546,0.0005728237679779794,13.479999542236328,-0.75,-0.0106713117721761,-0.02444333252384605,-0.01351072063043527,0.3774509707483194,-0.9743145975404399,0.013230510120080164,26228.32421875,367.78814697265625
2023-09-14,0.011800835130971608,0.008143782087750233,0.006090103684779919,12.81999969482422,-0.6599998474121076,0.1018819628308532,0.0854632999273988,0.04809499043948062,0.39492188364383757,-0.9290672965656749,0.004966769935258044,26539.673828125,370.7955627441406
2023-09-15,0.0025972414093191217,-0.017271179008645155,-0.0008542112781683579,13.789999961853027,0.9700002670288068,-0.0602930888349973,-0.06873411930050168,-0.03439257850029206,0.37034811162759457,-0.9933118734217716,-0.03146627511030692,26608.693359375,364.4464721679688
2023-09-16,-0.0015199103541191222,0.0,0.0,13.789999961853027,0.0,-0.0421320065632774,-0.03138548751227105,0.0,0.37034811162759457,-0.9933118734217716,0.0,26568.28125,364.4464721679688
2023-09-17,-0.0012840741866492755,0.0,0.0,13.789999961853027,0.0,-0.0267673543800804,-0.015582442677111993,0.0,0.37034811162759457,-0.9933118734217716,0.0,26534.1875,364.4464721679688
2023-09-18,0.008260511389751386,0.0010419800000481415,-0.0011400604359988998,14.0,0.21000003814697266,0.058630803247611,0.06669329108904262,0.008736731442792037,0.3793103512632291,-0.9694005402214088,-0.0010084008756832698,26754.28125,364.826416015625
2023-09-19,0.016931102662432373,-0.0021337498894273463,0.0,14.109999656677246,0.1099996566772461,0.0259670981213733,0.030573917847827026,-0.032989719473658065,0.3785392025106875,-0.9714356381240256,-0.005721307404160036,27211.1171875,364.0487976074219
2023-09-20,-0.0029114788993918343,-0.014514996860139451,-0.0003802366086579648,15.140000343322754,1.0300006866455078,-0.0628075062404672,-0.057012635152251814,-0.04362549692188906,0.3654336675734682,-1.0066705003296486,-0.027072822198258403,27132.0078125,358.80279541015625
2023-09-21,-0.021020467716698094,-0.018494496901833964,0.0019000285421893555,17.540000915527344,2.40000057220459,0.0304282378375707,0.030573612551948452,-0.0383062777564178,0.35,-1.0498221244986778,-0.01661528814805413,26567.6328125,352.2279052734375
2023-09-22,0.0004491505408555205,0.00013948319678951403,0.002085913510251681,17.200000762939453,-0.3400001525878906,-0.0156067362303002,-0.011787955862077152,-0.045690005615040975,0.35782966616846573,-1.0276981986322737,0.0032181744394065995,26579.568359375,352.27703857421875
2023-09-23,-6.686902016047694e-06,0.0,0.0,17.200000762939453,0.0,-0.0155265974988845,-0.013749252647889107,0.0,0.35782966616846573,-1.0276981986322737,0.0,26579.390625,352.27703857421875
2023-09-24,-0.012210127075315798,0.0,0.0,17.200000762939453,0.0,0.1317023586500385,0.12840920168289155,0.0,0.35782966616846573,-1.0276981986322737,0.0,26256.826171875,352.27703857421875
2023-09-25,0.001585160786217759,0.0047385632406594545,0.003970117373779511,16.899999618530273,-0.3000011444091797,0.0257898693350717,0.021558559979945532,-0.014708669498670399,0.35615489967865266,-1.0323895313067573,0.00813554346732125,26298.48046875,353.9502868652344
2023-09-26,-0.003093569595525136,-0.01513012521479103,0.002167492280471816,18.940000534057617,2.0400009155273438,0.0127015609951463,0.006723217379896092,-0.045097083645242834,0.3439581228550268,-1.0672353649057031,-0.012272505870737352,26217.25,348.6352844238281
2023-09-27,0.005153782852789497,0.0023405544742986562,0.004133353079251241,18.21999931335449,-0.7200012207031286,-0.0467732253945887,-0.05143991874922364,-0.0016044937936463242,0.3523878229411455,-1.0430229401676903,0.007641284951400866,26352.716796875,349.4522399902344
2023-09-28,0.02506320623495958,0.008330435172110193,-0.004227512985321681,17.34000015258789,-0.879999160766598,0.0437220528293682,0.04167489961990322,0.04511525310292588,0.34858188115858996,-1.0538821232694209,0.008615567876802902,27021.546875,352.37548828125
2023-09-29,-0.004072674570297436,0.0007259217349239081,-0.0004708607074282241,17.520000457763672,0.18000030517578125,-0.0187418339229951,-0.020710330513172615,-0.018714050441574592,0.3445009283230675,-1.0656584938351967,0.008087465268121515,26911.720703125,352.6313781738281
2023-09-30,0.002085958120685116,0.0,0.0,17.520000457763672,0.0,-0.0437081882529246,-0.039460627264938264,0.0,0.3445009283230675,-1.0656584938351967,0.0,26967.916015625,352.6313781738281
2023-10-01,0.036976120856382695,0.0,0.0,17.520000457763672,0.0,-0.4777317751373565,-0.45912139963765775,0.0,0.3445009283230675,-1.0656584938351967,0.0,27983.75,352.6313781738281
2023-10-02,-0.01631914578851585,0.008311086758430127,0.006852266525849709,17.610000610351562,0.09000015258789062,0.2699006978125765,0.27690430737437,0.012146345100718832,0.32263134377434005,-1.1312449581398811,0.024023958084892445,27530.78515625,355.5743408203125
2023-10-03,-0.0036683170659445614,-0.017705379577288016,0.0009350021570161637,19.780000686645508,2.1700000762939453,-0.0196770911502007,-0.016169614083246072,-0.11359858170345272,0.3314578053444128,-1.10425476148644,-0.027568303134829435,27429.978515625,349.33416748046875
2023-10-04,0.013377719302482879,0.01351671400220527,-0.0018708793613009128,18.57999992370605,-1.2000007629394567,-0.010530242832121,-0.008413803290311493,0.04004240003475171,0.3283914027213299,-1.1135490810360424,0.014793299911139724,27799.39453125,354.08807373046875
2023-10-05,-0.013890662255842758,-0.0029508039703901785,-0.004410472217120931,18.489999771118164,-0.09000015258788707,0.0827641509225617,0.08142384202715924,-0.03227030518298718,0.314128257177292,-1.1579539141238557,0.007918580842438742,27415.912109375,353.0447692871094
2023-10-06,0.019171883788155934,0.016616743928470238,-0.002731092828867225,17.450000762939453,-1.039999008178711,0.0851920564458246,0.08026280431354164,0.09295013304112147,0.31999999901344034,-1.1394342862713638,0.024092722193267684,27946.59765625,358.9602355957031
2023-10-07,0.0007955652201821253,0.0,0.0,17.450000762939453,0.0,0.0755813214566489,0.06416632950650826,0.0,0.31999999901344034,-1.1394342862713638,0.0,27968.83984375,358.9602355957031
2023-10-08,-0.0012074286830624696,0.0,0.0,17.450000762939453,0.0,0.0901705306512041,0.07728381603618582,0.0,0.31999999901344034,-1.1394342862713638,0.0,27935.08984375,358.9602355957031
2023-10-09,-0.012659387727925962,0.005087099450856395,0.00037715364400857604,17.700000762939453,0.25,0.0658312210933733,0.05243878900840461,-0.014727281172863926,0.2982456140821276,-1.2098379236206123,-0.001475588681873267,27583.677734375,360.79095458984375
2023-10-10,-0.0070090060125914885,0.005522516397997521,-0.0023594932911438103,17.030000686645508,-0.6700000762939453,0.0433633229184804,0.03120076296701512,0.0031902527204555092,0.2943674569615561,-1.222926438449541,0.0035921001313069254,27391.01953125,362.7889404296875
2023-10-11,-0.019081220842271783,0.007110005577086592,-9.45158154103102e-05,16.09000015258789,-0.9400005340576172,-0.0327404183691713,-0.0459203799090915,-0.041264920839230425,0.3064861086708153,-1.182582847077286,0.016984221260076322,26873.3203125,365.3775634765625
2023-10-12,-0.00434538164717781,-0.0034809592466044084,0.007062508777175011,16.690000534057617,0.6000003814697266,-0.0008067458905924,-0.009443849979844708,-0.03462525990526482,0.3007299193517539,-1.201542694929191,-0.0004162604561330609,26756.798828125,364.10791015625
2023-10-13,0.0039380057832304975,-0.012649689795246923,0.000750415855463118,19.31999969482422,2.6299991607666016,-0.0099953931847053,-0.01865502789353997,-0.008022828186577128,0.2988223759794611,-1.2079059423845273,-0.02126666694988699,26862.375,359.53106689453125
2023-10-14,-2.4866641728645306e-05,0.0,0.0,19.31999969482422,0.0,-0.0096972383287838,-0.014637566332297234,0.0,0.2988223759794611,-1.2079059423845273,0.0,26861.70703125,359.53106689453125
2023-10-15,0.011030760315870677,0.0,0.0,19.31999969482422,0.0,-0.1412325929820932,-0.14347493751403678,0.0,0.2988223759794611,-1.2079059423845273,0.0,27159.65234375,359.53106689453125
2023-10-16,0.04885439730476576,0.011242877524863767,-0.003851793604177387,17.209999084472656,-2.1100006103515625,0.0233664409733291,0.018940814856831977,0.08067414154080675,0.310200267826122,-1.1705371648418703,0.014360236968533308,28519.466796875,363.5960388183594
2023-10-17,-0.0036433994327744555,-0.0032807634563262415,9.414218399375051e-05,17.8799991607666,0.6700000762939453,0.0862558125676212,0.07806274755286736,0.05318666268491601,0.31897712097232506,-1.142635899859263,-0.024835069958435867,28415.748046875,362.4051208496094
2023-10-18,-0.0030807197496875486,-0.013204709826898102,0.0030072355647203807,19.21999931335449,1.340000152587887,-0.0035336188477873,-0.009654536459361198,-0.07635840963584833,0.3148688096550396,-1.1555992041928445,-0.023171867951920357,28328.341796875,357.651123046875
2023-10-19,0.013724231161473081,-0.009400924792049936,-0.0030072355647205343,21.399999618530277,2.1800003051757884,0.0752902113707595,0.06752518998420606,-0.02209934741215534,0.30808823649721023,-1.1773690549029339,0.000702617882939223,28719.806640625,354.3046264648437
2023-10-20,0.03298576898255148,-0.015030234983018205,-0.0008473832844427251,21.709999084472656,0.30999946594237926,0.0008290744568081,-0.00905716628632118,0.009752179599348753,0.3094890576198879,-1.1728325425070847,-0.015619585611378392,29682.94921875,349.0191650390625
2023-10-21,0.007901299916077796,0.0,0.0,21.709999084472656,0.0,-0.0936194508672576,-0.09937076865355927,0.0,0.3094890576198879,-1.1728325425070847,0.0,29918.412109375,349.0191650390625
2023-10-22,0.002519829955235934,0.0,0.0,21.709999084472656,0.0,-0.123583736925644,-0.1257358213554342,0.0,0.3094890576198879,-1.1728325425070847,0.0,29993.896484375,349.0191650390625
2023-10-23,0.09812340552916099,0.0030130330635516137,-0.00585738786786636,20.3700008392334,-1.3399982452392578,-0.5807494525432829,-0.5640607751382598,0.07015574422317146,0.2910694636178193,-1.2341933337060853,0.022865345750570424,33086.234375,350.0723571777344
2023-10-24,0.024342751787773464,0.00968102637521941,0.006892957143663121,18.96999931335449,-1.4000015258789098,-0.0200087777203068,0.0017369375637277806,0.09994876479058078,0.28352566524285966,-1.2604526299547427,0.009775012365020038,33901.52734375,353.4778747558594
2023-10-25,0.017581001125127033,-0.024780276864052212,0.00244363036845258,20.190000534057617,1.2200012207031286,0.1172703046693873,0.1359666721089447,1.1154181890013666e-05,0.2793103331209458,-1.2754318102207451,-0.006945094452973087,34502.8203125,344.82623291015625
2023-10-26,-0.010083818433932462,-0.019251470833788985,0.0006568732533501358,20.68000030517578,0.48999977111816406,-0.0321981605429579,-0.012005135718797032,-0.057817179325256235,0.2729040585498335,-1.2986349794479302,-0.036816541559629976,34156.6484375,338.2513122558594
2023-10-27,-0.007253169256571986,0.0047897440610088484,-0.00037531353669884254,21.270000457763672,0.5900001525878906,0.0248600693775271,0.042665317709284105,-0.02166522085149919,0.28736142620367605,-1.247014530755354,0.0050717654680919495,33909.80078125,339.8753356933594
2023-10-28,0.0052875149613998505,0.0,0.0,21.270000457763672,0.0,-0.0385537596206501,-0.018005984207225816,0.0,0.28736142620367605,-1.247014530755354,0.0,34089.57421875,339.8753356933594
2023-10-29,0.013082482218137433,0.0,0.0,21.270000457763672,0.0,-0.1940200078015339,-0.1676296265921583,0.0,0.28736142620367605,-1.247014530755354,0.0,34538.48046875,339.8753356933594
2023-10-30,-0.001046255776520464,0.011202404270388214,-0.0041376287295944916,19.75,-1.5200004577636719,0.0913456449144957,0.11323423168495728,-0.003275940132858689,0.27472283549659515,-1.2919925604804596,0.019337499850528128,34502.36328125,343.70416259765625
2023-10-31,0.004782938801692802,0.00477075583797585,0.005075684355487108,18.13999938964844,-1.610000610351559,0.0821115426877801,0.08533868553073712,-0.0029102374280029334,0.2769942658072726,-1.283758474065846,-0.003465273543833092,34667.78125,345.3478088378906
2023-11-01,0.021952875620689455,0.017208000323409543,0.002060444583647433,16.8700008392334,-1.2699985504150426,-0.1599177772067861,-0.14236335186318366,0.015230769609478972,0.26686721029791216,-1.3210040840044948,0.030227999523951735,35437.25390625,351.34197998046875
2023-11-02,-0.014181643038139046,0.017990680432676348,-0.00713612893913446,15.65999984741211,-1.210000991821289,0.1242504911009269,0.13700733036949175,0.10001805644617003,0.2680232596178195,-1.316681512618552,0.017000646567111692,34938.2421875,357.7200622558594
2023-11-03,-0.005911206955145199,0.011680087407224909,-0.010419778906384593,14.90999984741211,-0.75,0.0251094447209265,0.036678294404389765,-0.0038175538787814135,0.2756435635066269,-1.2886466844580393,0.0233272003943108,34732.32421875,361.9227600097656
2023-11-04,0.010022958693683921,0.0,0.0,14.90999984741211,0.0,-0.094815724055182,-0.07732754520579395,0.0,0.2756435635066269,-1.2886466844580393,0.0,35082.1953125,361.9227600097656
2023-11-05,-0.0009365213169939803,0.0,0.0,14.90999984741211,0.0,-0.0836610427148769,-0.0605444272267988,0.0,0.2756435635066269,-1.2886466844580393,0.0,35049.35546875,361.9227600097656
2023-11-06,-0.0003419870125084872,0.004071220795753781,0.0019026316590922546,14.890000343322754,-0.01999950408935547,0.0967979836707836,0.11920737708505721,-0.044117477921799396,0.26872963358306645,-1.3140494844283634,0.013478751364515613,35037.37109375,363.3992309570313
2023-11-07,0.011526405303600254,0.009408345643252615,0.0030366287481197666,14.8100004196167,-0.07999992370605469,0.237483181889518,0.2549821535958478,-0.0027815895031834503,0.2672904733289729,-1.3194192968428686,0.0078028742651262105,35443.5625,366.8343505859375
2023-11-08,0.005955525293475274,0.0006435303674756475,0.00047359848385494546,14.449999809265137,-0.3600006103515625,0.0806801149593147,0.0976841235367798,-0.07956830348320447,0.2670329638889858,-1.3203831679441043,0.010379205428739786,35655.27734375,367.0704956054688
2023-11-09,0.02869223982446583,-0.00772520019440481,0.003026076297065263,15.289999961853027,0.8400001525878906,0.036587235347221,0.05381711351039475,-0.03221442569400126,0.253566802041968,-1.37212797176268,0.000552852012711717,36693.125,364.2457275390625
2023-11-10,0.01677834605033404,0.022233066394900646,-0.0004722392376471513,14.170000076293944,-1.1199998855590838,0.0775145366974666,0.09106924969175241,0.010129879247503963,0.249261925542308,-1.3892510255784076,0.026832261574785313,37313.96875,372.4347229003906
2023-11-11,-0.004725682318407844,0.0,0.0,14.170000076293944,0.0,0.1347241042474441,0.1437611222371287,0.0,0.249261925542308,-1.3892510255784076,0.0,37138.05078125,372.4347229003906
2023-11-12,-0.002251742592082081,0.0,0.0,14.170000076293944,0.0,0.1620791660767596,0.16538036542439538,0.0,0.249261925542308,-1.3892510255784076,0.0,37054.51953125,372.4347229003906
2023-11-13,-0.015013537055029228,-0.00312337347528171,-0.0018910457999477405,14.760000228881836,0.5900001525878924,0.1356552011893924,0.13411131921975564,-0.012953332447055937,0.2633889352387534,-1.3341234980011807,-0.0011210090891934665,36502.35546875,371.2732849121094
2023-11-14,-0.02678435783979465,0.021298086804494614,-0.01477838804631668,14.15999984741211,-0.6000003814697266,-0.0582955835999593,-0.06260403254900053,-0.014192931439317123,0.2551648447574331,-1.3658454926533752,0.015413494519381715,35537.640625,379.2655029296875
2023-11-15,0.06384619927627835,0.0007523055849475292,0.002685841224141987,14.18000030517578,0.0200004577636701,-0.0191914784836269,-0.022081330117436262,0.08041654131722711,0.25129636416329315,-1.3811223026498964,-0.007590598307923125,37880.58203125,379.5509338378906
2023-11-16,-0.046629756190665436,0.0008555391251840941,-0.0001915754255885146,14.31999969482422,0.13999938964844105,-0.0380927438580296,-0.03683764361098393,-0.07683031789731129,0.24494948722093976,-1.4067032643027255,0.014733512354768757,36154.76953125,379.8757934570313
2023-11-17,0.01214874696667944,0.00023294632218818758,-0.00528367668816628,13.800000190734863,-0.5199995040893572,-0.0103890048951028,-0.008905391779813285,0.015438116659016683,0.23894348466157186,-1.4315282208642477,-0.010314340354368325,36596.68359375,379.96429443359375
2023-11-18,-0.000300085015663709,0.0,0.0,13.800000190734863,0.0,-0.0067905623995028,-0.002570923491871208,0.0,0.23894348466157186,-1.4315282208642477,0.0,36585.703125,379.96429443359375
2023-11-19,0.021653391391504333,0.0,0.0,13.800000190734863,0.0,-0.2636927805331045,-0.2506557464591425,0.0,0.23894348466157186,-1.4315282208642477,0.0,37386.546875,379.96429443359375
2023-11-20,0.002415334454994771,0.012101567527327587,-0.003376900045101037,13.40999984741211,-0.3900003433227539,0.0442009105386737,0.05264393256577134,0.06812863698730337,0.23050847534489696,-1.4674676478292337,0.021300114523916863,37476.95703125,384.5903930664063
2023-11-21,-0.045392621921948366,-0.005826614955900332,0.0011590373035398362,13.350000381469728,-0.059999465942381036,0.3706461019753203,0.36261479603905244,-0.02607551771916186,0.2277969908477884,-1.4793004376797079,-0.010456452677591238,35813.8125,382.3560485839844
2023-11-22,0.04420138946783627,0.004084775790773531,0.0031805900244437847,12.850000381469728,-0.5,0.0713800389223097,0.0416110832705221,0.054046015403293714,0.2333820316477407,-1.4550785473213852,-0.006081811589045562,37432.33984375,383.9210815429688
2023-11-23,-0.003819999415433914,0.0,0.0,12.850000381469728,0.0,-0.022404441249204,-0.052093541450028355,0.0,0.2333820316477407,-1.4550785473213852,0.0,37289.62109375,383.9210815429688
2023-11-24,0.01148288092363248,-0.001410974316088185,-0.005016377911117239,12.460000038146973,-0.3900003433227557,0.1280664662329367,0.09801749397999401,0.08673589244430774,0.24819027479035438,-1.393559589935167,-0.01029807259448523,37720.28125,383.3797607421875
2023-11-25,0.002026342935600158,0.0,0.0,12.460000038146973,0.0,0.1035157269357446,0.06894295843351184,0.0,0.24819027479035438,-1.393559589935167,0.0,37796.79296875,383.3797607421875
2023-11-26,-0.00844024984109134,0.0,0.0,12.460000038146973,0.0,0.2061047531151458,0.16549049515499242,0.0,0.24819027479035438,-1.393559589935167,0.0,37479.12109375,383.3797607421875
2023-11-27,-0.00602017674392167,-0.0008732905153632353,-0.0019361533552125947,12.6899995803833,0.22999954223632812,-0.0142270154964833,-0.05565216492744224,-0.005420104829460961,0.2615062820636834,-1.3412969725776296,0.006414003705022391,37254.16796875,383.0451049804688
2023-11-28,0.015367313611233842,0.002617428036339764,-0.004369970099821427,12.6899995803833,0.0,0.3343009706592565,0.27526512194627123,0.08638498949027838,0.2666034110957926,-1.3219930765114574,0.0009898524297876545,37831.0859375,384.0490112304688
2023-11-29,0.0007241750284948421,-0.0009744491510529776,0.00019459559610863271,12.979999542236328,0.28999996185302734,0.0654567471342191,0.007283861680576376,0.024877699829693355,0.2846202038961069,-1.2565996053467696,-0.0017312879620633732,37858.4921875,383.6749572753906
2023-11-30,-0.0038571889984724806,-0.0025171124442565553,0.007078163732971052,12.920000076293944,-0.05999946594238459,0.1518597150354193,0.09136189050352195,-0.025560285450216713,0.2972204094952229,-1.213281295901425,-0.014356553194176417,37712.74609375,382.7104187011719
2023-12-01,0.02555073011462817,0.0028506483622637783,-0.0022247275284891246,12.630000114440918,-0.28999996185302557,0.1663274207618493,0.09495475629766409,0.12952947669792544,0.2964967309899755,-1.2157190859340554,-0.005893504337375885,38688.75,383.8029479980469
2023-12-02,0.020152443138720524,0.0,0.0,12.630000114440918,0.0,-0.0763998127438108,-0.14108413374650475,0.0,0.2964967309899755,-1.2157190859340554,0.0,39476.33203125,383.8029479980469
2023-12-03,0.012637770520489717,0.0,0.0,12.630000114440918,0.0,-0.2261393557535184,-0.2824487167403975,0.0,0.2964967309899755,-1.2157190859340554,0.0,39978.390625,383.8029479980469
2023-12-04,0.04885656688656327,-0.009326898776162315,0.0035764646278238603,13.079999923706056,0.4499998092651385,0.0857270069848016,0.023399554963256353,0.06920683315148814,0.2680093012425985,-1.3167335929444253,-0.020822913228508797,41980.09765625,380.2398986816406
2023-12-05,0.04882523455973004,0.002507908009960358,0.0039482323646085945,12.850000381469728,-0.22999954223632812,0.0569914200232776,-0.010024447422872784,0.00928776253474939,0.26843694209723135,-1.3151392451396684,0.016070807832436716,44080.6484375,381.1947021484375
2023-12-06,-0.007610515703398493,-0.0058008022079681755,0.0009606001883954384,12.970000267028809,0.11999988555908025,0.1285283000672376,0.060454755407872054,-0.0061360154305743625,0.26510746251716344,-1.3276200162638032,-0.016564496952556865,43746.4453125,378.9898681640625
2023-12-07,-0.010427160036986542,0.013875637994865351,-0.005874162041749789,13.0600004196167,0.09000015258789062,0.1129066865218396,0.048985691708063356,0.007663541981587048,0.280847840108163,-1.2699422505863638,0.014774746559459076,43292.6640625,384.2852478027344
2023-12-08,0.01998568323480024,0.004446804591604064,0.0045290485877316055,12.350000381469728,-0.7100000381469709,0.2019802505605108,0.13401591789336134,0.08130832902954196,0.2671711319680951,-1.3198658821978442,0.01407238489505096,44166.6015625,385.9978942871094
2023-12-09,-0.010026349184727985,0.0,0.0,12.350000381469728,0.0,0.3249369385980804,0.24736094915590232,0.0,0.2671711319680951,-1.3198658821978442,0.0,43725.984375,385.9978942871094
2023-12-10,0.001227688266422679,0.0,0.0,12.350000381469728,0.0,0.3098150425206888,0.2244957028844033,0.0,0.2671711319680951,-1.3198658821978442,0.0,43779.69921875,385.9978942871094
2023-12-11,-0.05966864669683699,0.008505766401478482,0.0008648920593603039,12.630000114440918,0.27999973297118963,-0.0607602216278362,-0.13956341706827902,-0.165671012343207,0.2574059303500117,-1.3571009446526796,-0.013268436886569396,41243.83203125,389.2951049804688
2023-12-12,0.004991678164292342,0.00793283232607645,-0.0022118172808890534,12.06999969482422,-0.5600004196166974,0.0013830595187733,-0.07206359903640334,0.002476125342184828,0.2623906794245863,-1.3379207430286408,0.01505552891841399,41450.22265625,392.3955993652344
2023-12-13,0.03416274957103686,0.012637015570646865,-0.009674061839733645,12.1899995803833,0.11999988555908025,0.0893221603219663,0.017419936462370555,0.10705924113173619,0.2634319511391002,-1.3339601942994685,0.0044881451518508295,42890.7421875,397.3857727050781
2023-12-14,0.003101461159203954,-0.0008671706408248406,-0.008885511313846736,12.479999542236328,0.28999996185302734,0.0323616820818553,-0.04256245063380093,0.05115751125894268,0.2579231252968577,-1.35509370242627,-0.008684625613561127,43023.97265625,397.0413208007813
2023-12-15,-0.025761678809584642,0.0048222352899714395,0.0057699437484844745,12.279999732971191,-0.19999980926513672,0.1460277036986522,0.06559626491025332,0.003950274029097814,0.26223069883950506,-1.3385306327383188,0.01206950402899325,41929.7578125,398.9605712890625
2023-12-16,0.007374628549158558,0.0,0.0,12.279999732971191,0.0,0.0567847323754539,-0.0268092889540611,0.0,0.26223069883950506,-1.3385306327383188,0.0,42240.1171875,398.9605712890625
2023-12-17,-0.02094342240847231,0.0,0.0,12.279999732971191,0.0,0.3119578399211132,0.21761892376439101,0.0,0.26223069883950506,-1.3385306327383188,0.0,41364.6640625,398.9605712890625
2023-12-18,0.029979669511789556,0.006278962292241807,-0.0003901386425697143,12.5600004196167,0.2800006866455078,-0.1459866751298111,-0.23568572086218967,0.05897181221476261,0.2486205471079097,-1.391827452042155,0.014577187549554092,42623.5390625,401.4735107421875
2023-12-19,-0.008316570718615267,0.005096646176585289,-0.0033223009528647574,12.529999732971191,-0.030000686645507812,0.0254000113665189,-0.0739354607625138,0.04237412889869319,0.23533006788614436,-1.4467662060911886,-0.00392737178226325,42270.52734375,403.52490234375
2023-12-20,0.032164737244750545,-0.014971333111126245,0.0023463251649552147,13.670000076293944,1.1400003433227521,-0.0061165232032713,-0.10377474754090583,0.0022358689092462276,0.2287928257906201,-1.4749383757783248,-0.018829245214741365,43652.25,397.5285949707031
2023-12-21,0.0049565656400486135,0.011568286542214442,-0.0055814815569299354,13.649999618530272,-0.020000457763671875,-0.0025035387996423,-0.08772344177811141,0.11264736660296519,0.2759140503635295,-1.2876658734900301,0.012976614292529696,43869.15234375,402.1540222167969
2023-12-22,0.0029305657871948458,0.0014947333385521356,-0.0013756452426479191,13.029999732971191,-0.6199998855590803,-0.0635218493637347,-0.14424502273266898,0.04660106718583709,0.27988648349342504,-1.2733711741111216,-0.0002456498571917214,43997.90234375,402.7555847167969
2023-12-23,-0.005889392398977758,0.0,0.0,13.029999732971191,0.0,0.0069841693411898,-0.07471862438075763,0.0,0.27988648349342504,-1.2733711741111216,0.0,43739.54296875,402.7555847167969
2023-12-24,-0.016677702596480784,0.0,0.0,13.029999732971191,0.0,0.2089122481889509,0.12451459506846967,0.0,0.27988648349342504,-1.2733711741111216,0.0,43016.1171875,402.7555847167969
2023-12-25,0.013783631646973108,0.0,0.0,13.029999732971191,0.0,0.0417835650880737,-0.04055634930415183,0.0,0.27988648349342504,-1.2733711741111216,0.0,43613.140625,402.7555847167969
2023-12-26,-0.025374479539831175,0.006103181219368865,-0.002264072725883564,12.989999771118164,-0.039999961853027344,-0.1045340090873655,-0.17651929807284067,0.04413369998192477,0.2946476397947046,-1.2219750779298397,0.004683384319138953,42520.40234375,405.22119140625
2023-12-27,0.021462391204340153,0.0020336600158266022,-0.004741719435604818,12.43000030517578,-0.5599994659423846,0.0337393654073764,-0.03984480294156075,0.12464635686198071,0.29562738518672455,-1.2186554514835848,0.0006103815448258373,43442.85546875,406.0461120605469
2023-12-28,-0.018938483263033618,-0.00048638996171975315,0.0023737078865357576,12.470000267028809,0.03999996185302912,-0.0317694993123169,-0.09315131866220161,-0.056210670828758635,0.2947976831518777,-1.2214659777484564,0.0026758290956458894,42627.85546875,405.8486633300781
2023-12-29,-0.01247437935200907,-0.004336983693306496,0.0009873467583289466,12.449999809265137,-0.020000457763671875,0.1654187675429997,0.10070488084615564,-0.1735266068196284,0.2865573184975007,-1.2498166982738865,0.0010115893113697356,42099.40234375,404.0923156738281
2023-12-30,0.001364883236683238,0.0,0.0,12.449999809265137,0.0,0.1488257177636335,0.08421296430918232,0.0,0.2865573184975007,-1.2498166982738865,0.0,42156.90234375,404.0923156738281
2023-12-31,0.0025653289520551383,0.0,0.0,12.449999809265137,0.0,0.117699924435447,0.05470808752520921,0.0,0.2865573184975007,-1.2498166982738865,0.0,42265.1875,404.0923156738281
2024-01-01,0.044021664837326654,0.0,0.0,12.449999809265137,0.0,-0.4041703263255674,-0.4562364794497466,0.0,0.2865573184975007,-1.2498166982738865,0.0,44167.33203125,404.0923156738281
2024-01-02,0.01774260401360504,-0.0170670260124311,0.008549112378520964,13.199999809265137,0.75,0.0993010833035022,0.036386915544088946,-0.022409447162317672,0.2773262929809551,-1.2825605130372444,-0.020783037807089913,44957.96875,397.2541809082031
2024-01-03,-0.04806495357875531,-0.010637900304634705,0.002540821666635359,14.039999961853027,0.8400001525878906,0.0649243654899617,0.002703619113709768,-0.031212769197215065,0.26574923619047996,-1.3252021359298547,-0.006620949504354416,42848.17578125,393.0506286621094
2024-01-04,0.030607357718285957,-0.0051596905664556235,-0.0003904814190925551,14.130000114440918,0.09000015258789062,0.1222486883358709,0.05785269968253254,0.04958400611851834,0.25326147959080175,-1.3733328077955755,0.0008873571102200593,44179.921875,391.02783203125
2024-01-05,-0.0003900828451526924,0.0011852617737993629,-9.758830986226425e-05,13.350000381469728,-0.7799997329711896,0.0604062623914823,-0.001718991672664226,-0.08094532316665819,0.24776240457024934,-1.395285038124338,0.011061041125891269,44162.69140625,391.4915771484375
2024-01-06,-0.00393630412750998,0.0,0.0,13.350000381469728,0.0,0.1079732469816363,0.04601244090216322,0.0,0.24776240457024934,-1.395285038124338,0.0,43989.1953125,391.4915771484375
2024-01-07,-0.0010484808007761193,0.0,0.0,13.350000381469728,0.0,0.1206748820140534,0.06142425488612889,0.0,0.24776240457024934,-1.395285038124338,0.0,43943.09765625,391.4915771484375
2024-01-08,0.06662426635587362,0.02045736923991898,-0.0019548884629722978,13.079999923706056,-0.2700004577636719,0.0854568887106594,0.034188929912315605,0.05573885687510818,0.24129754323799954,-1.421724487762287,0.0404974451463741,46970.50390625,399.58294677734375
2024-01-09,-0.01784541710643821,0.0019736826425881056,0.0035159779603586554,12.760000228881836,-0.3199996948242205,0.2354420856957013,0.1866532254581904,-0.028034536661096354,0.2338523636796158,-1.4530652871871064,0.009882161365680302,46139.73046875,400.3723754882813
2024-01-10,0.01052203275194838,0.006754579436496329,-0.0020494720896451044,12.6899995803833,-0.07000064849853516,-0.0779219669471766,-0.12613876900737614,0.00391510891510551,0.2512459648475994,-1.3813228800458817,0.020459141869505038,46627.77734375,403.08587646484375
2024-01-11,-0.005574241147522551,0.002078648099919697,-0.0006840918351543993,12.4399995803833,-0.25,-0.0048099644509457,-0.05282033237882127,-0.1039685708516667,0.2668156397409279,-1.3211973469401166,0.006747370409335771,46368.5859375,403.9246215820313
2024-01-12,-0.07884262883299366,0.0005127954818682939,0.001074802087341216,12.699999809265137,0.26000022888183594,0.2343347026834272,0.18149058334350293,-0.12654683186848903,0.2644787738973665,-1.3299942808194183,0.003944539195708025,42853.16796875,404.1318054199219
2024-01-13,-0.0002517086641866489,0.0,0.0,12.699999809265137,0.0,0.237414578328083,0.1777353624466178,0.0,0.2644787738973665,-1.3299942808194183,0.0,42842.3828125,404.1318054199219
2024-01-14,-0.024720775355358247,0.0,0.0,12.699999809265137,0.0,0.5437032031772423,0.4707681373131575,0.0,0.2644787738973665,-1.3299942808194183,0.0,41796.26953125,404.1318054199219
2024-01-15,0.01697856404641987,0.0,0.0,12.699999809265137,0.0,0.3325269427800847,0.2504004699025122,0.0,0.2644787738973665,-1.3299942808194183,0.0,42511.96875,404.1318054199219
2024-01-16,0.015011364505806485,-9.771979106916858e-05,0.009331318432827333,13.84000015258789,1.140000343322754,0.0389446965540051,-0.034081338211330504,-0.07824383820853477,0.2581699266835614,-1.3541372803059952,0.0173630921523055,43154.9453125,404.0923156738281
2024-01-17,-0.009599712825861542,-0.005656654852970281,0.0008703287523220105,14.789999961853027,0.9499998092651367,0.0189078550507447,-0.05961466405394278,-0.036129121021577594,0.25950971863047373,-1.3489611257076377,-0.003952184306989076,42742.65234375,401.8129577636719
2024-01-18,-0.03525390600438047,0.01409429675288676,0.0008696456242949234,14.130000114440918,-0.6599998474121094,-0.1111118369090399,-0.18508396107120875,-0.07070607525966206,0.2542067267911332,-1.3696074579839408,0.0149315247968505,41262.05859375,407.5163269042969
2024-01-19,0.008599127738074015,0.01963698902394876,-0.0024174454338117316,13.300000190734863,-0.8299999237060547,-0.0096321564452026,-0.08348709283264041,0.011161603374318972,0.2568338992211726,-1.35932570956542,0.02650586252755406,41618.40625,415.5978088378906
2024-01-20,0.0011329834535463317,0.0,0.0,13.300000190734863,0.0,-0.0232093519925673,-0.09637409460690759,0.0,0.2568338992211726,-1.35932570956542,0.0,41665.5859375,415.5978088378906
2024-01-21,-0.002879434924556738,0.0,0.0,13.300000190734863,0.0,0.0113267356298646,-0.0643329598175957,0.0,0.2568338992211726,-1.35932570956542,0.0,41545.78515625,415.5978088378906
2024-01-22,-0.05030891028125471,0.0013050370743065162,0.0003871930645179271,13.1899995803833,-0.1100006103515625,0.2043060402302339,0.12206894908647216,0.031282675463767486,0.25138443987972364,-1.380771878616898,-0.001348409084182421,39507.3671875,416.1405334472656
2024-01-23,0.008523584257922188,0.004140989942654433,0.0028026199462156134,12.550000190734863,-0.6399993896484375,-0.1838752189729464,-0.2530193945446449,-0.021853685190761623,0.24925550463612653,-1.389276785585152,0.004837067033195257,39845.55078125,417.8673400878906
2024-01-24,0.005793705727985713,0.005533830629147245,-0.00367403373440928,13.140000343322754,0.5900001525878906,-0.1129047145583056,-0.17689261414179147,-0.04748858428473742,0.2714766237537508,-1.3038792436695041,0.016849264889361185,40077.07421875,420.1861572265625
2024-01-25,-0.003581157289492955,0.00122043407983569,0.0031913554956967557,13.449999809265137,0.3099994659423828,-0.0552339784927304,-0.12086521242937077,0.024157260388826613,0.25697996956355634,-1.3587571365657682,0.004934358867705764,39933.80859375,420.69927978515625
2024-01-26,0.04607657449481696,-0.005975392495351313,-0.0009659822397101762,13.260000228881836,-0.18999958038330078,-0.1405211843044435,-0.20034373325068988,0.09067657349954993,0.2531577485946439,-1.3737424723258116,-0.005940105849951338,41816.87109375,418.1929321289063
2024-01-27,0.007224112855396914,0.0,0.0,13.260000228881836,0.0,-0.2258866814297746,-0.27923865763877237,0.0,0.2531577485946439,-1.3737424723258116,0.0,42120.0546875,418.1929321289063
2024-01-28,-0.002007256017307645,0.0,0.0,13.260000228881836,0.0,-0.2022292863414115,-0.2433263274209289,0.0,0.2531577485946439,-1.3737424723258116,0.0,42035.59375,418.1929321289063
2024-01-29,0.029364415736914624,0.010188340797796578,0.001352128740004161,13.600000381469728,0.3400001525878924,0.0670169650375106,0.028646882382197293,0.05598482940024624,0.25414507681451237,-1.369850006457206,0.018728395906174058,43288.24609375,422.4754028320313
2024-01-30,-0.007783744989935841,-0.006678941211695024,-0.002028879323138098,13.3100004196167,-0.2899999618530291,0.2618860102722222,0.21870972475568304,-0.026919427319169437,0.2471613363316363,-1.3977139720567813,0.0010863062156873573,42952.609375,419.6631164550781
2024-01-31,-0.008651552809046921,-0.01978032601181021,-0.0012580916544433322,14.350000381469728,1.0399999618530291,0.0654899892644324,0.006658359894893259,-0.05795806676962017,0.23255180592716918,-1.4586422575835554,-0.023690345306345603,42582.60546875,411.443603515625
2024-02-01,0.011514890294239742,0.011706674758121528,-0.0021325482261265382,13.880000114440918,-0.47000026702881037,0.0555003093204761,-0.001871294249628841,0.001645615424520755,0.2156299025053717,-1.5341917551981814,0.019780541905488662,43075.7734375,416.2885437011719
2024-02-02,0.002552374530244358,0.01675922092050431,0.008407017791686986,13.850000381469728,-0.02999973297118963,-0.0002387934418637,-0.05543829171424113,-0.001657764719080395,0.22685061902799109,-1.4834635440771609,0.03338555939144493,43185.859375,423.3240051269531
2024-02-03,-0.004493245492150753,0.0,0.0,13.850000381469728,0.0,0.0538003942571044,0.0008825057873525222,0.0,0.22685061902799109,-1.4834635440771609,0.0,42992.25,423.3240051269531
2024-02-04,-0.009551086228745845,0.0,0.0,13.850000381469728,0.0,0.1694788291812508,0.1129251884851733,0.0,0.22685061902799109,-1.4834635440771609,0.0,42583.58203125,423.3240051269531
2024-02-05,0.0017617075316479283,-0.0013059040316645285,0.005087104042675575,13.670000076293944,-0.1800003051757848,-0.0291620832115835,-0.08114454623455367,-0.06317925633619187,0.24035694294946708,-1.4256301982298973,0.016596492359497523,42658.66796875,422.77154541015625
2024-02-06,0.009936804708699247,-0.0020094702564177483,-0.002588283538812785,13.0600004196167,-0.6099996566772443,0.0613660818323221,0.011360578815409646,0.05950630401125029,0.24090784840849824,-1.4233407903631698,-0.008259697401063831,43084.671875,421.9228515625
2024-02-07,0.02822864621028068,0.010237697943409915,-0.0013447258661442025,12.829999923706056,-0.23000049591064275,0.024850457870171,-0.023134830785391847,0.03429786633907264,0.24286087845919616,-1.4152665162206353,0.024008477029933105,44318.22265625,426.2645568847656
2024-02-08,0.021945671282114807,0.0018501132182348527,0.0010567329775487348,12.789999961853027,-0.03999996185302912,0.1187862485094463,0.07468948776009196,0.14881236519091096,0.23775758372359207,-1.4365036801743356,-0.0032050130259729096,45301.56640625,427.0539245605469
2024-02-09,0.0399329954084116,0.009794942671616066,-0.0006723305607507946,12.93000030517578,0.14000034332275213,0.1585165078486319,0.10653846460608393,0.1303659812608541,0.22695171298767908,-1.4830180022443928,0.025295089454633768,47147.19921875,431.2574462890625
2024-02-10,0.013149960695064189,0.0,0.0,12.93000030517578,0.0,-0.0003208648763922,-0.05244854477142528,0.0,0.22695171298767908,-1.4830180022443928,0.0,47771.27734375,431.2574462890625
2024-02-11,0.010881064258583886,0.0,0.0,12.93000030517578,0.0,-0.1301823477869035,-0.17015945933292553,0.0,0.22695171298767908,-1.4830180022443928,0.0,48293.91796875,431.2574462890625
2024-02-12,0.03388147853165121,-0.003920225381034541,0.00086431062178317,13.93000030517578,1.0,0.1217282721774169,0.08560737083641705,0.11705708987864978,0.225487710866243,-1.489489618791649,-0.0055328449092197874,49958.22265625,429.5701293945313
2024-02-13,-0.004328588760117502,-0.015719857074881185,0.007555154054353008,15.850000381469728,1.9200000762939489,-0.0247132396449994,-0.04188692622525786,-0.05508862206433668,0.22401402946042928,-1.4960465975685953,-0.011713000896039934,49742.44140625,422.8701477050781
2024-02-14,0.041046849510408934,0.010838164870553921,-0.0022891832146745552,14.380000114440918,-1.4700002670288104,0.0378117153367359,0.030461869671255734,0.12198291517250913,0.22441430242752444,-1.4942613710566268,0.016944725739971335,51826.6953125,427.4782104492188
2024-02-15,0.0021560092291083846,0.0029733146952131643,-0.004018741992324183,14.010000228881836,-0.36999988555908203,0.0037995618320025,-0.0023787793427442463,-0.0369349965736982,0.22737741919540203,-1.4811440025285352,-0.012065190409967461,51938.5546875,428.7511291503906
2024-02-16,0.0042584326097615645,-0.009108990581862616,-0.00019181390686212653,14.239999771118164,0.22999954223632812,-0.0311048922894699,-0.03561614188620949,-0.023317061926137254,0.212734686785805,-1.5477094916241878,-0.003393891698168096,52160.203125,424.8633728027344
2024-02-17,-0.00957802949778828,0.0,0.0,14.239999771118164,0.0,0.0840843002430036,0.0730665127411959,0.0,0.212734686785805,-1.5477094916241878,0.0,51662.99609375,424.8633728027344
2024-02-18,0.008855834280713763,0.0,0.0,14.239999771118164,0.0,-0.0224578914535246,-0.03304815445505491,0.0,0.212734686785805,-1.5477094916241878,0.0,52122.546875,424.8633728027344
2024-02-19,-0.006610163694046543,0.0,0.0,14.239999771118164,0.0,0.0569778750056297,0.04371470443749283,0.0,0.212734686785805,-1.5477094916241878,0.0,51779.14453125,424.8633728027344
2024-02-20,0.009719679337319471,-0.0075767985978234175,-0.0019197255622753202,15.420000076293944,1.1800003051757795,-0.0447261277759581,-0.05612086956390089,-0.05197089448261754,0.22386621801392073,-1.4967066465558343,-0.02382792406038273,52284.875,421.6564331054688
2024-02-21,-0.00856090431522995,-0.004009885140025672,-0.000672782893267281,15.34000015258789,-0.07999992370605291,-0.2046744627125808,-0.20243652106909643,-0.07376874232276699,0.22558922435791234,-1.489039524869943,-0.015219445894715154,51839.1796875,419.9690246582031
2024-02-22,-0.010358547640014263,0.028855431268826462,-0.00048086793698953636,14.539999961853027,-0.8000001907348633,0.1719195561041879,0.1622976719117678,0.03222946460099083,0.20921924520781976,-1.5643725567213438,0.0875717742316574,51304.97265625,432.2639465332031
2024-02-23,-0.011231806115512574,-0.0029490454127820485,-0.00019236789784818074,13.75,-0.7899999618530273,0.0534722209923957,0.03830443894828555,-0.048835972936314476,0.20535552398458964,-1.583012538602494,0.00017937986745738708,50731.94921875,430.9910583496094
2024-02-24,0.016405594130217752,0.0,0.0,13.75,0.0,-0.1426589291695431,-0.15491254619109282,0.0,0.20535552398458964,-1.583012538602494,0.0,51571.1015625,430.9910583496094
2024-02-25,0.0031390133682369275,0.0,0.0,13.75,0.0,-0.1798209247877615,-0.1907645504598673,0.0,0.20535552398458964,-1.583012538602494,0.0,51733.23828125,430.9910583496094
2024-02-26,0.052511187656945416,-0.0005268080090128146,-0.0010588691184226502,13.739999771118164,-0.010000228881835938,0.1689428836412211,0.14483827246674877,0.14251901954020754,0.18816319452352928,-1.6704456367186662,-0.0016819802798002706,54522.40234375,430.7640686035156
2024-02-27,0.045936216440473146,0.0024023782711773047,0.0,13.43000030517578,-0.3099994659423846,0.1123851304122013,0.07779337201260855,0.01528849340249412,0.18764706394664157,-1.6731923999576117,-0.00255163763282929,57085.37109375,431.8001708984375
2024-02-28,0.09069529297704289,-0.005338827667360962,0.0014436412895014027,13.84000015258789,0.40999984741211115,-0.3138554508260804,-0.3357514620302201,-0.05880797947894752,0.18499073466232963,-1.6874495380643293,-0.00634400736529212,62504.7890625,429.5010070800781
2024-02-29,-0.02112241427001975,0.008532906305597714,0.0017296083787732286,13.399999618530272,-0.44000053405761896,0.3062075399510786,0.2828341444243103,-0.08794414102598393,0.2033838618536333,-1.592660140434621,0.016450593633598586,61198.3828125,433.18157958984375
2024-03-01,0.0200954657884248,0.014944803521502171,-0.002884369325909828,13.109999656677246,-0.28999996185302557,0.2660512153982264,0.23599244566699834,0.03885535785107935,0.19881955624810504,-1.615357618128478,0.021868856546318823,62440.6328125,439.7040100097656
2024-03-02,-0.006600547312091193,0.0,0.0,13.109999656677246,0.0,0.3472816545411826,0.3074968399692643,0.0,0.19881955624810504,-1.615357618128478,0.0,62029.84765625,439.7040100097656
2024-03-03,0.01817220465901261,0.0,0.0,13.109999656677246,0.0,0.1249307472886237,0.08097361469235584,0.0,0.19881955624810504,-1.615357618128478,0.0,63167.37109375,439.7040100097656
2024-03-04,0.0785670808490068,-0.0035745523612797222,-0.0002888803423648257,13.489999771118164,0.38000011444091797,0.0262698722761746,-0.016769576254062262,-0.04692247861200543,0.208587858526128,-1.5673949426821494,0.016961419265640515,68330.4140625,438.1350708007813
2024-03-05,-0.06858298181492034,-0.018112719270900367,-0.00028896381833204253,14.460000038146973,0.9700002670288086,-0.258841382720385,-0.28760349085390063,-0.08928176346866261,0.2098715939916069,-1.5612593924636746,-0.010739042784007388,63801.19921875,430.2706909179688
2024-03-06,0.03549970020086634,0.006264140135438409,-0.004151188981360928,14.5,0.039999961853027344,0.3000953357794222,0.26035798034620633,0.07368550819981953,0.21650588896428705,-1.5301375311506948,0.014969729857725284,66106.8046875,432.9744262695313
2024-03-07,0.012308140052515397,0.015064035890394815,-0.005334927491491049,14.4399995803833,-0.06000041961669922,0.2581107579768637,0.21181524667216314,-0.0013399660754264482,0.21787168643690796,-1.5238489838088003,0.03057784848514675,66925.484375,439.546142578125
2024-03-08,0.020331312236987975,-0.014540127899765064,-0.0007783794127663689,14.739999771118164,0.3000001907348633,0.2644048347298205,0.21012417752979828,0.04897569978093994,0.2031389364525996,-1.5938651180235266,-0.032118848230408954,68300.09375,433.2013244628906
2024-03-09,0.002906296632019191,0.0,0.0,14.739999771118164,0.0,0.2288125821395125,0.17086438048515473,0.0,0.2031389364525996,-1.5938651180235266,0.0,68498.8828125,433.2013244628906
2024-03-10,0.007575825657206857,0.0,0.0,14.739999771118164,0.0,0.1365192704583253,0.07930431005031108,0.0,0.2031389364525996,-1.5938651180235266,0.0,69019.7890625,433.2013244628906
2024-03-11,0.04399229858274628,-0.0037195879649899763,0.0012645775959482298,15.220000267028809,0.48000049591064453,0.0891954600698017,0.028996622163581016,-0.09925552672853369,0.21508210492262025,-1.536735440392342,-0.01221831068592229,72123.90625,431.5929870605469
2024-03-12,-0.008949836049347838,0.01423309548669311,0.0008744725533210704,13.84000015258789,-1.380000114440918,0.0535039490775831,-0.012817765390787134,-0.02560185304358154,0.21180123685832353,-1.5521070060853122,0.04768916430855195,71481.2890625,437.7798156738281
2024-03-13,0.02216689906407544,-0.007715551207717649,-0.001652473464197943,13.75,-0.09000015258789062,0.1365287650427251,0.06971370081217793,0.00218775768961628,0.20519159147689453,-1.5838111437332276,-0.0058239221800109806,73083.5,434.41510009765625
2024-03-14,-0.0233524614583823,-0.0025245902687059197,0.005529965007790918,14.399999618530272,0.6499996185302717,-0.3019629350314768,-0.3595363427491414,-0.06960779754135636,0.20622221893734402,-1.578800958901038,-0.004420300459086238,71396.59375,433.31976318359375
2024-03-15,-0.028308923292000562,-0.011957946277623562,0.0006770124008702463,14.40999984741211,0.010000228881837714,-0.0412842286245468,-0.0962211048768353,0.07254417141199192,0.20268872543943478,-1.5960838489782188,-0.011064872382512856,69403.7734375,428.16900634765625
2024-03-16,-0.060717725206296765,0.0,0.0,14.40999984741211,0.0,0.7073185464458063,0.6289310373730577,0.0,0.20268872543943478,-1.5960838489782188,0.0,65315.1171875,428.16900634765625
2024-03-17,0.046012240704610304,0.0,0.0,14.40999984741211,0.0,0.1358738862234407,0.05192041786692839,0.0,0.20268872543943478,-1.5960838489782188,0.0,68390.625,428.16900634765625
2024-03-18,-0.012388507554368627,0.009492062803933388,0.0014492203331648618,14.329999923706056,-0.07999992370605291,-0.065480637781597,-0.14444860820395597,0.002491681212811124,0.19792961350323876,-1.619843798845591,0.004585021555800891,67548.59375,432.2525634765625
2024-03-19,-0.08712073185700822,0.0024884904089846633,0.0022180030136974135,13.81999969482422,-0.5100002288818359,0.5198720225720788,0.4228263883488664,-0.01876520357569118,0.1980810191683659,-1.6190791442630463,0.010178769956538944,61912.7734375,433.3295593261719
2024-03-20,0.09251085296877404,0.011786866077352439,-0.0038605770767515184,13.039999961853027,-0.7799997329711932,-0.3399030248649768,-0.423719295759169,0.16976768400520825,0.20588235166806262,-1.5804503817445439,0.009929948893968837,67913.671875,438.4673767089844
2024-03-21,-0.03631867422621332,0.004721050448869265,0.0056891945309959875,12.920000076293944,-0.11999988555908381,-0.0139970687941091,-0.09883764165436293,0.011013070796206694,0.21089308809113858,-1.5564039654287845,0.010691252348538556,65491.390625,440.5422973632813
2024-03-22,-0.02649844665215931,0.0011432472280728898,0.004126094272384448,13.0600004196167,0.14000034332275568,0.0369223125620469,-0.05597148614069452,-0.04305107835278512,0.21046534352383153,-1.5584342782558183,0.01463403530972286,63778.76171875,441.0462341308594
2024-03-23,0.0044342886654000135,0.0,0.0,13.0600004196167,0.0,-0.0163347098437773,-0.10295336634825321,0.0,0.21046534352383153,-1.5584342782558183,0.0,64062.203125,441.0462341308594
2024-03-24,0.04832709315067971,0.0,0.0,13.0600004196167,0.0,-0.5816991778036977,-0.6471454543483038,0.0,0.21046534352383153,-1.5584342782558183,0.0,67234.171875,441.0462341308594
2024-03-25,0.0397250476948794,-0.0036358060284306043,-0.00191696545554607,13.1899995803833,0.12999916076660156,0.2008932041263564,0.12399518980522027,0.07753617497875484,0.2030287018688977,-1.5944079214180265,-0.0031381008441613775,69958.8125,439.4455871582031
2024-03-26,0.0004147786065640333,-0.0032428774264924476,0.0005754609535789789,13.239999771118164,0.05000019073486328,-0.093931054760297,-0.17369206474901527,-0.0203730052746633,0.20478245466270528,-1.5858070600789784,-0.014447803494528502,69987.8359375,438.0228271484375
2024-03-27,-0.007637444542951766,0.0034002288564444223,0.0005751299887180655,12.779999732971191,-0.46000003814697266,-0.1417331549813257,-0.21113829701595904,0.026750767557142088,0.19923371305471183,-1.6132767059089625,-0.012903148660464414,69455.34375,439.5147399902344
2024-03-28,0.018397189971880865,-0.0018449841600453878,0.001914836163591765,13.010000228881836,0.23000049591064453,0.093499602555571,0.024723978116158632,-0.009826382576558438,0.20649652728417514,-1.5774716837482436,-0.0002561266846321372,70744.953125,438.70458984375
2024-03-29,-0.012118158012204417,0.0,0.0,13.010000228881836,0.0,0.2409421030993657,0.15367322686243848,0.0,0.20649652728417514,-1.5774716837482436,0.0,69892.828125,438.70458984375
2024-03-30,-0.0035477570486820652,0.0,0.0,13.010000228881836,0.0,0.2844471187094338,0.19790358984722806,0.0,0.20649652728417514,-1.5774716837482436,0.0,69645.3046875,438.70458984375
2024-03-31,0.023952858696302474,0.0,0.0,13.010000228881836,0.0,-0.0063044406090349,-0.08376944760433193,0.0,0.20649652728417514,-1.5774716837482436,0.0,71333.6484375,438.70458984375
2024-04-01,-0.023137002333257977,0.0021147710439297584,0.004485321180905204,13.649999618530272,0.6399993896484357,0.1166996847635726,0.04692074342752925,-0.027905785386266164,0.24051857554788247,-1.424957955213628,0.004593411361146088,69702.1484375,439.6333312988281
2024-04-02,-0.06299090436988572,-0.008667736962923413,-0.001906185782411976,14.609999656677246,0.9600000381469744,0.2022450785389531,0.12988899282789876,-0.08285549812575033,0.24570701486812052,-1.4036154493207615,-0.008766110920658557,65446.97265625,435.8391723632813
2024-04-03,0.00812374307331999,0.0022419148819517553,-0.005452729783682321,14.329999923706056,-0.27999973297118963,0.0589603227453435,-0.014485444648016467,-0.014633918480069329,0.2472497542894102,-1.397356302253681,-0.003911059920080608,65980.8125,436.8173828125
2024-04-04,0.03759886271186141,-0.01540891804177317,-0.0012477541735411055,16.350000381469727,2.02000045776367,0.0580052849016299,-0.02600203807913057,-0.008928238943226167,0.2608305347469263,-1.3438843746982543,-0.020560548319039945,68508.84375,430.1380920410156
2024-04-05,-0.009845630418288566,0.011715059508886764,0.0017272847607793687,16.030000686645508,-0.31999969482421875,-0.0146185434938982,-0.08813540383221465,-0.013511041883728021,0.2577436068082988,-1.3557899602402197,0.02115168578787736,67837.640625,435.2068176269531
2024-04-06,0.015482496362565016,0.0,0.0,16.030000686645508,0.0,-0.1987530591236669,-0.25704112555863234,0.0,0.2577436068082988,-1.3557899602402197,0.0,68896.109375,435.2068176269531
2024-04-07,0.006747455363626304,0.0,0.0,16.030000686645508,0.0,-0.2781134048033616,-0.3183175299205543,0.0,0.2577436068082988,-1.3557899602402197,0.0,69362.5546875,435.2068176269531
2024-04-08,0.03218579409702191,0.00029524020907910326,-0.0015352493922715657,15.1899995803833,-0.840001106262207,0.0801839801745351,0.04493414178950832,-0.01522411821916137,0.2541512874955,-1.3698255692138022,-0.006090024457581757,71631.359375,435.3353271484375
2024-04-09,-0.035413761203788405,0.003692630443289953,9.604048388484259e-05,14.979999542236328,-0.21000003814697266,0.0374869742730734,0.00553821242755502,-0.02456094235684234,0.2401293110604687,-1.4265777046533537,-0.00832809096680109,69139.015625,436.9458312988281
2024-04-10,0.020739301242534747,-0.008766797094873937,0.010506290204728382,15.800000190734863,0.8200006484985352,-0.0302402291292691,-0.058207801334818454,-0.016594614104225497,0.24137116928409313,-1.4214194087515515,0.0062197223898725245,70587.8828125,433.1319580078125
2024-04-11,-0.00749778258451207,0.01584201097835836,0.00028498341969159397,14.90999984741211,-0.8900003433227539,0.1266430249344373,0.09623748353365948,-0.0011015270353466739,0.23391947784897238,-1.4527783346010004,0.025623729317992554,70060.609375,440.04827880859375
2024-04-12,-0.041748970181434676,-0.016070250235394913,0.007192934072434546,17.309999465942383,2.3999996185302734,-0.0046194247204795,-0.030320026462483836,-0.0595018416910174,0.24213678769743985,-1.4182524740933415,-0.020686978176983863,67195.8671875,433.0331115722656
2024-04-13,-0.05152204971523435,0.0,0.0,17.309999465942383,0.0,0.6296051540745036,0.5728522826956333,0.0,0.24213678769743985,-1.4182524740933415,0.0,63821.47265625,433.0331115722656
2024-04-14,0.02959850149495867,0.0,0.0,17.309999465942383,0.0,0.261265804010835,0.19442793154411858,0.0,0.24213678769743985,-1.4182524740933415,0.0,65738.7265625,433.0331115722656
2024-04-15,-0.03581099949650861,-0.016587921598407714,0.0016018676588580145,19.229999542236328,1.9200000762939453,0.0253123862559285,-0.01879194753779198,-0.051762227896695566,0.2369174737496854,-1.440043410513535,-0.022430841970660927,63426.2109375,425.90924072265625
2024-04-16,0.0060619201772289105,9.292932845894036e-05,0.0004706834131283424,18.399999618530277,-0.8299999237060511,-0.1677173933603769,-0.2017020178346368,-0.037424374421592126,0.24098007123695436,-1.423041040873496,0.009289056686064924,63811.86328125,425.9488220214844
2024-04-17,-0.04053958534994488,-0.012276380663792068,-0.0029216852160503983,18.209999084472656,-0.19000053405762074,-0.0287270222102829,-0.0639367672035866,0.01523594184668916,0.24413646296607736,-1.4100279355734673,-0.023032279868262,61276.69140625,420.7516784667969
2024-04-18,0.03584120208614769,-0.005722654219799327,0.001885946613454383,18.0,-0.20999908447265625,0.0278204457581569,0.009012419991983926,0.05867245314497371,0.24500632728559932,-1.4064712431153792,-0.005506161331584859,63512.75390625,418.3507385253906
2024-04-19,0.005195142876912206,-0.020906275903261173,0.0,18.709999084472656,0.7099990844726562,0.0961280238551821,0.06278562979833716,0.07036665219790071,0.24141955320882455,-1.4212189743909094,-0.0591161614613751,63843.5703125,409.69537353515625
2024-04-20,0.017865871886504233,0.0,0.0,18.709999084472656,0.0,-0.118060817340329,-0.1479344197789666,0.0,0.24141955320882455,-1.4212189743909094,0.0,64994.44140625,409.69537353515625
2024-04-21,-0.0010436624765665994,0.0,0.0,18.709999084472656,0.0,-0.105653609924325,-0.13077468161341688,0.0,0.24141955320882455,-1.4212189743909094,0.0,64926.64453125,409.69537353515625
2024-04-22,0.029008901759275917,0.010006381480948795,-0.0006596588253817294,16.940000534057617,-1.769998550415039,-0.0408774850170474,-0.06518046420036361,0.1179306743196082,0.23725982315436034,-1.4385994381158895,0.023610756937514483,66837.6796875,413.8155212402344
2024-04-23,-0.006460398489914604,0.014812711785475264,-0.0036832395776800484,15.6899995803833,-1.2500009536743164,0.0050102757239859,-0.038849685243586424,0.060096583236372327,0.22664359588819344,-1.484376557506525,0.026116079580828958,66407.2734375,419.9908752441406
2024-04-24,-0.03260630131627199,0.0033819448650214794,0.0016071680745443683,15.970000267028809,0.2800006866455078,-0.0740978697755791,-0.10879146161308692,-0.03647226734810025,0.22049260782152358,-1.5118911092761396,-0.015117272769240978,64276.8984375,421.4136657714844
2024-04-25,0.0031812827691917772,-0.004841417992676716,-0.0024591153729399125,15.369999885559082,-0.6000003814697266,0.0406241668467383,0.0014454009556626526,-0.008464322485917506,0.21950256510337812,-1.5163913604150194,0.005808066656666486,64481.70703125,419.37835693359375
2024-04-26,-0.011328935219016097,0.015313673615072718,0.0032145623390089535,15.029999732971191,-0.3400001525878906,0.1029053825287374,0.05557199872065965,-0.0018998246841749175,0.21802727689506715,-1.5231351006484566,0.03900161282835814,63755.3203125,425.8500061035156
2024-04-27,-0.005286917956356649,0.0,0.0,15.029999732971191,0.0,0.1670618959920666,0.11727643573610566,0.0,0.21802727689506715,-1.5231351006484566,0.0,63419.140625,425.8500061035156
2024-04-28,-0.004835296290154387,0.0,0.0,15.029999732971191,0.0,0.2260357082666464,0.17674712783844276,0.0,0.21802727689506715,-1.5231351006484566,0.0,63113.23046875,425.8500061035156
2024-04-29,0.011467091787556437,0.004052189608377875,-0.00340394242327154,14.670000076293944,-0.35999965667724787,-0.0735177115406183,-0.11087413096048687,-0.07821613725410637,0.21575269414500525,-1.5336224617500758,-0.004908373849543995,63841.12109375,427.5791320800781
2024-04-30,-0.051494629716542104,-0.019036421250640884,0.006043449748181029,15.649999618530272,0.9799995422363281,-0.2447730099171972,-0.27418047702679366,-0.08831811590616091,0.22185665514644481,-1.5057238032008295,-0.024103582274875003,60636.85546875,419.51654052734375
2024-05-01,-0.040089923480657194,-0.007256719530924918,-0.004340030184241551,15.390000343322754,-0.25999927520751775,-0.1851913766400342,-0.20453580836951046,-0.012025277616403254,0.22749157522619462,-1.4806420732496033,-0.012685015061125363,58254.01171875,416.4832458496094
2024-05-02,0.014814392549697799,0.012682689128736106,-0.004358948180742074,14.68000030517578,-0.7100000381469744,0.1302156591225758,0.1132722080403121,0.04732290378423392,0.22950820637750274,-1.4718164924846486,0.02009947095206967,59123.43359375,421.7990112304688
2024-05-03,0.06175720649824811,0.01989914737709131,-0.0025674361092244144,13.489999771118164,-1.1900005340576154,-0.0572116494877761,-0.07028270149560246,0.02744917690105058,0.23293263654760293,-1.4570059807474112,0.02798653834765514,62889.8359375,430.2765197753906
2024-05-04,0.015801344389047563,0.0,0.0,13.489999771118164,0.0,-0.244440630739981,-0.24743015222642034,0.0,0.23293263654760293,-1.4570059807474112,0.0,63891.47265625,430.2765197753906
2024-05-05,0.002183511056964741,0.0,0.0,13.489999771118164,0.0,-0.2700810213781504,-0.2645551269351146,0.0,0.23293263654760293,-1.4570059807474112,0.0,64031.1328125,430.2765197753906
2024-05-06,-0.013667364763724113,0.010893896261141164,0.0001904443292748239,13.489999771118164,0.0,0.0803744887197524,0.0765961315680075,0.08408440398374309,0.22815633604071198,-1.4777242006127436,0.02691154548600941,63161.94921875,434.9895324707031
2024-05-07,-0.01318192999564668,0.0001588930719263343,0.003421086667136307,13.229999542236328,-0.26000022888183594,0.1983193957680527,0.1786599452639273,-0.05631593876641762,0.22975277477151757,-1.4707514404677258,-0.013785457912653662,62334.81640625,435.05865478515625
2024-05-08,-0.018569986258493817,-0.0005907327267659401,0.0013272601985687353,13.0,-0.22999954223632812,0.2494724086834664,0.22417001056237665,0.005459074556183976,0.23371073993308264,-1.453671082425311,0.000679002943058751,61187.94140625,434.8017272949219
2024-05-09,0.02997730860417905,0.0021791168182158545,-0.0030363405536023547,12.6899995803833,-0.3100004196166992,-0.0399608693254791,-0.06268167265995045,0.021795004380275013,0.24441101128941708,-1.408903998323931,-0.007130581088196985,63049.9609375,435.750244140625
2024-05-10,-0.036456454635488925,0.002355567361407661,0.0007598955558245079,12.550000190734863,-0.1399993896484375,0.0310344741174087,0.006271180674714761,-0.08003727731320606,0.25423325186502693,-1.3695031189270952,0.0092578761191867,60792.77734375,436.7778930664063
2024-05-11,1.5356866757304103e-05,0.0,0.0,12.550000190734863,0.0,0.0308497165426882,0.009279533379719228,0.0,0.25423325186502693,-1.3695031189270952,0.0,60793.7109375,436.7778930664063
2024-05-12,0.01071136415279376,0.0,0.0,12.550000190734863,0.0,-0.0973293837963245,-0.11580923499009863,0.0,0.25423325186502693,-1.3695031189270952,0.0,61448.39453125,436.7778930664063
2024-05-13,0.02337149423787631,0.002304582497537631,-0.0008549503053653293,13.600000381469728,1.050000190734865,0.1103728047799971,0.10920069856270652,0.007451655642447664,0.25348616871343743,-1.3724460187276357,0.001658724133830099,62901.44921875,437.78564453125
2024-05-14,-0.021674038111579395,0.006411655390147384,-0.0019978038430807895,13.420000076293944,-0.1800003051757848,0.0550183233218133,0.060721133127490105,-0.0063905527972190545,0.2427678776528302,-1.4156495281668282,0.008686099428839682,61552.7890625,440.6015930175781
2024-05-15,0.07380429766149847,0.015509436690268148,-0.006304985160508463,12.449999809265137,-0.9700002670288068,0.0411980846094999,0.04637137113672432,0.08078111093826365,0.23375260413558355,-1.4534919701884093,0.026271594407465737,66267.4921875,447.48834228515625
2024-05-16,-0.015755724397151206,-0.0020333961453832725,0.001053595343262585,12.420000076293944,-0.029999732971193183,0.0392603635425109,0.03753439150630573,-0.013424588191175467,0.25043365611032714,-1.3845612394020352,-0.003909922723904365,65231.58203125,446.579345703125
2024-05-17,0.027522834905047706,-0.00048687793856236653,-9.575545859982148e-05,11.989999771118164,-0.4300003051757795,0.0560387013785967,0.05148720522276221,-0.013063805662586454,0.2561484295797092,-1.3619981994776786,-0.010989815630560252,67051.875,446.3619689941406
2024-05-18,-0.001657856805292211,0.0,0.0,11.989999771118164,0.0,0.0760424642901033,0.06988356751653726,0.0,0.2561484295797092,-1.3619981994776786,0.0,66940.8046875,446.3619689941406
2024-05-19,-0.0099451595532183,0.0,0.0,11.989999771118164,0.0,0.1967398157699221,0.18722719259919807,0.0,0.2561484295797092,-1.3619981994776786,0.0,66278.3671875,446.3619689941406
2024-05-20,0.07510908882529838,0.006948610241262566,0.0011482419069391472,12.149999618530272,0.1599998474121076,-0.1701700609346654,-0.17794570931891157,0.08490991979114484,0.24055050430220992,-1.4248252143840396,0.018355575847507376,71448.1953125,449.474365234375
2024-05-21,-0.01852885718229531,0.001954312908529214,0.0008603352424861966,11.859999656677246,-0.28999996185302557,-0.1089072251488057,-0.11657441969223584,0.010718002676976554,0.267566494411531,-1.3183871662969104,0.007517346738724593,70136.53125,450.3536376953125
2024-05-22,-0.014565869510184994,-0.00019741481535234768,0.002671745588751682,12.289999961853027,0.43000030517578125,0.1202501136176247,0.1072119991197055,0.024466075714415204,0.27877947960447397,-1.2773342053710193,-0.0005689814081696158,69122.3359375,450.2647399902344
2024-05-23,-0.017406596587757724,-0.004508505309261067,0.0016186451187040834,12.770000457763672,0.48000049591064453,-0.1279965552553058,-0.13660110872058193,-0.06268834831441644,0.2806533763499655,-1.2706349072014251,0.040448180105833426,67929.5625,448.2392883300781
2024-05-24,0.008743394668047938,0.009411920601804553,-0.0037172933835784216,11.93000030517578,-0.8400001525878924,0.166167066130481,0.14955368146833617,0.0655907920714567,0.2991262058064912,-1.2068897016493427,0.016385356759649757,68526.1015625,452.4779968261719
2024-05-25,0.010738658385428567,0.0,0.0,11.93000030517578,0.0,0.0362177436355189,0.019751239747081397,0.0,0.2991262058064912,-1.2068897016493427,0.0,69265.9453125,452.4779968261719
2024-05-26,-0.010855523058038129,0.0,0.0,11.93000030517578,0.0,0.1675889443436245,0.1489663217280241,0.0,0.2991262058064912,-1.2068897016493427,0.0,68518.09375,452.4779968261719
2024-05-27,0.01271054899375939,0.0,0.0,11.93000030517578,0.0,0.0139109437959097,0.00039335292018119125,0.0,0.2991262058064912,-1.2068897016493427,0.0,69394.5546875,452.4779968261719
2024-05-28,-0.015953999045957543,0.0037705690680689156,-0.0010509780682607466,12.920000076293944,0.9899997711181641,0.027898689486378,0.020985665903325106,-0.0011965146678370915,0.30598851041509756,-1.1842077253977672,0.03392375020770302,68296.21875,454.1873168945313
2024-05-29,-0.010570529093847765,-0.007073357448239461,0.004673108174339602,14.279999732971191,1.3599996566772479,-0.0698025756312488,-0.07683943707794734,-0.004512545711330828,0.3214965117612778,-1.1347685852504843,0.002701829843025652,67578.09375,450.9860229492188
2024-05-30,0.011577009906272178,-0.010771156462552802,-0.0036221301060789537,14.470000267028809,0.1900005340576172,0.0544151857693065,0.03740538446639116,-0.02132384257308358,0.3136832945294447,-1.159371418217699,-0.03638185778866979,68364.9921875,446.1544494628906
2024-05-31,-0.012860492770805693,-0.0018619076874313877,-0.0004776068852768196,12.920000076293944,-1.550000190734865,0.0253032185459701,0.0012769307368546215,-0.01637346919666415,0.3247297607188428,-1.1247619480253195,-0.003384231023624662,67491.4140625,445.3245239257813
2024-06-01,0.0031882581048550507,0.0,0.0,12.920000076293944,0.0,-0.012975498264118,-0.03222874749367702,0.0,0.3247297607188428,-1.1247619480253195,0.0,67706.9375,445.3245239257813
2024-06-02,0.0006594499605225849,0.0,0.0,12.920000076293944,0.0,-0.0208777352472641,-0.041342114951506845,0.0,0.3247297607188428,-1.1247619480253195,0.0,67751.6015625,445.3245239257813
2024-06-03,0.015425138658129584,0.00535480438849657,-0.005076384499318825,13.109999656677246,0.18999958038330256,0.1491556954844617,0.11557143823940419,-0.008765906332367793,0.3324050368452722,-1.101401063151533,0.021953864903288434,68804.78125,447.7155456542969
2024-06-04,0.025300225248925362,0.002732797389813129,-0.0002881035246518874,13.15999984741211,0.05000019073486328,0.0879553496561483,0.04243654670994751,0.11123116735750109,0.39390665486209664,-0.9316413143470362,0.009282975850663351,70567.765625,448.9407348632813
2024-06-05,0.007272217816602819,0.019959374964056045,0.0015356182576500479,12.630000114440918,-0.5299997329711914,0.1362657841573666,0.08888393802991199,0.03709732926522697,0.4035684050048213,-0.9074092765084261,0.034587177955583866,71082.8203125,457.9913330078125
2024-06-06,-0.0045918902720176475,-0.0003453545680073859,-0.0016316956437711864,12.579999923706056,-0.050000190734861505,0.0343997852690932,-0.0075180738417294155,0.05899065984394225,0.45104675085432405,-0.7961842844209561,-0.005322539556859685,70757.1640625,457.8331909179688
2024-06-07,-0.020194557079892095,-0.000885123911941808,0.007560215191439793,12.220000267028809,-0.35999965667724787,0.0713698325940802,0.03538872601957045,-0.02991493326831322,0.48014358415024544,-0.7336700861654047,-0.0012445027275978541,69342.5859375,457.4281311035156
2024-06-08,-0.0005310196389050046,0.0,0.0,12.220000267028809,0.0,0.0777816692986097,0.037875811436630324,0.0,0.48014358415024544,-0.7336700861654047,0.0,69305.7734375,457.4281311035156
2024-06-09,0.004925659126589219,0.0,0.0,12.220000267028809,0.0,0.0184369098041344,-0.021049029247402498,0.0,0.48014358415024544,-0.7336700861654047,0.0,69647.9921875,457.4281311035156
2024-06-10,-0.0019504270460231217,0.004031091642102993,0.0024757405056136084,12.739999771118164,0.5199995040893555,0.0626166329421105,0.022071796677259538,0.014936506557928766,0.47963601560262425,-0.7347277635635682,0.008436765188504773,69512.28125,459.2757873535156
2024-06-11,-0.03186737491787959,0.00683935521635266,0.0007605459934801095,12.850000381469728,0.11000061035156428,0.0718176016708243,0.025634532557068358,0.05804171490633738,0.5361590715441813,-0.6233243866714093,0.002004697036105246,67332.03125,462.4277038574219
2024-06-12,0.013412234174301008,0.013012521251807857,-0.0055269991808469445,12.039999961853027,-0.810000419616701,-0.0643929298563276,-0.10475047448220604,0.07660834794720095,0.5593360976434292,-0.5810047384837657,0.027024241937147725,68241.1875,468.484375
2024-06-13,-0.021998155421161833,0.005405622242501027,0.005241807821713123,11.9399995803833,-0.10000038146972656,0.0186232148393078,-0.020521159503820458,0.03466114067210383,0.5643068859864958,-0.5721570513763811,0.01789785001352097,66756.3984375,471.023681640625
2024-06-14,-0.011227334405387725,0.005167936427616814,0.0033215319127361123,12.65999984741211,0.7200002670288086,-0.0674602517095847,-0.10298268150874347,-0.016669212667053106,0.5757703069222306,-0.5520464705216853,0.0098010426549191,66011.09375,473.4642028808594
2024-06-15,0.0027216870164859935,0.0,0.0,12.65999984741211,0.0,-0.099892734661812,-0.13077672785416,0.0,0.5757703069222306,-0.5520464705216853,0.0,66191.0,473.4642028808594
2024-06-16,0.00674619312119944,0.0,0.0,12.65999984741211,0.0,-0.1799029707385802,-0.20292224152702232,0.0,0.5757703069222306,-0.5520464705216853,0.0,66639.046875,473.4642028808594
2024-06-17,-0.0022346697987336212,0.012175428281616232,-0.002181471476737121,12.75,0.09000015258789062,0.0676254688477806,0.04488676457408258,0.0420662974761102,0.5686665180934467,-0.5644611008645767,0.0030861241567569793,66490.296875,479.2640686035156
2024-06-18,-0.020505771883152002,0.0003090351354374775,-0.0005698315100723235,12.300000190734863,-0.4499998092651367,-0.1226414126958627,-0.13473407602070123,-0.012578590471398162,0.5428401397093151,-0.6109404044016081,0.014989773899761805,65140.74609375,479.4122009277344
2024-06-19,-0.002773987515326679,0.0,0.0,12.300000190734863,0.0,-0.0896480277977485,-0.1044247588938176,0.0,0.5428401397093151,-0.6109404044016081,0.0,64960.296875,479.4122009277344
2024-06-20,-0.002028534277712279,-0.0077378028645568395,0.0031301349156408857,13.279999732971191,0.9799995422363281,0.050226631066412,0.030145438096502317,0.009615195772753186,0.5496517390161011,-0.5984704031014467,-0.018740067370268246,64828.65625,475.7169189453125
2024-06-21,-0.011362664075990998,-0.0026828500304393287,0.0019869131327182963,13.199999809265137,-0.07999992370605469,0.0306665511989516,0.013571476976331015,-0.08116174450610274,0.5735070518572056,-0.5559850463118389,-0.01180441556651645,64096.19921875,474.4423522949219
2024-06-22,0.002436781820078235,0.0,0.0,13.199999809265137,0.0,0.001386131149893,-0.020021699286234207,0.0,0.5735070518572056,-0.5559850463118389,0.0,64252.578125,474.4423522949219
2024-06-23,-0.016821441362000096,0.0,0.0,13.199999809265137,0.0,0.2049742665579509,0.18227286277424135,0.0,0.5735070518572056,-0.5559850463118389,0.0,63180.796875,474.4423522949219
2024-06-24,-0.047042933993412646,-0.011449966277002378,-0.0031239844063306143,13.329999923706056,0.13000011444091975,-0.2254404732079244,-0.23941993643018583,-0.03407842777073651,0.5759963743626665,-0.5516539128153158,-0.03694059920161915,60277.4140625,469.0409851074219
2024-06-25,0.025020978589857558,0.011370717141931126,0.001326505675220534,12.84000015258789,-0.48999977111816584,0.0486098207127953,0.038596328278228176,0.03490399416751024,0.6005326268891074,-0.5099383060669561,0.03633974171814415,61804.640625,474.4047546386719
2024-06-26,-0.016203198264060435,0.002062932819865495,0.004157640249604933,12.550000190734863,-0.28999996185302734,0.0254010759594537,0.015004579119435108,-0.011847891378594837,0.6027428084692025,-0.5062646931920298,0.002567628855140041,60811.27734375,475.3844299316406
2024-06-27,0.01296454786345771,0.002578042367436915,-0.0013209983541478904,12.239999771118164,-0.3100004196166992,-0.0467107975110249,-0.05462031145113006,-0.014684810135448591,0.5743921613117488,-0.5544429080826248,-0.008862822335288272,61604.80078125,476.611572265625
2024-06-28,-0.021073812008611803,-0.005204391119040899,-0.0003777591348809547,12.4399995803833,0.19999980926513672,0.1400713834485335,0.12516607087243561,-0.009266502303084682,0.5571873534553378,-0.5848537339325187,-0.008375111501511988,60320.13671875,474.1375427246094
2024-06-29,0.009359920064692571,0.0,0.0,12.4399995803833,0.0,0.0269714147578691,0.01298089454881911,0.0,0.5571873534553378,-0.5848537339325187,0.0,60887.37890625,474.1375427246094
2024-06-30,0.028989272731724976,0.0,0.0,12.4399995803833,0.0,-0.3166766205629777,-0.3192678128017294,0.0,0.5571873534553378,-0.5848537339325187,0.0,62678.29296875,474.1375427246094
2024-07-01,0.0027672625269042988,0.005847944549495889,0.0002833147177815295,12.220000267028809,-0.2199993133544922,0.1609533112489556,0.15256449202643474,0.11207769061581196,0.5488796482475398,-0.5998760814546484,0.01388936679776271,62851.98046875,476.91839599609375
2024-07-02,-0.01318017605629068,0.010444976005510226,-0.0017011657333817745,12.029999732971191,-0.1900005340576172,0.0301764018200151,0.020085778028584945,0.001545348155644987,0.6089809289194307,-0.4959683271658112,-0.0038162885792160503,62029.015625,481.9259033203125
2024-07-03,-0.030363202506616574,0.008302514339314166,-0.003031450698364612,12.09000015258789,0.06000041961669922,-0.0695826758424992,-0.07238202058969734,-0.012256462676241612,0.6355460606531163,-0.4532707115879189,0.023978248596909793,60173.921875,485.9437561035156
2024-07-04,-0.05457904895434864,0.0,0.0,12.09000015258789,0.0,0.599665494150261,0.5798091445865925,0.0,0.6355460606531163,-0.4532707115879189,0.0,56977.703125,485.9437561035156
2024-07-05,-0.005549607840752044,0.010372805953189275,-0.004945837316700424,12.479999542236328,0.3899993896484375,0.0047915393592308,-0.010682335377833228,0.014852108529922527,0.6737897917544187,-0.39483709838503467,-0.00232744438194484,56662.375,491.0105895996094
2024-07-06,0.028552385625087485,0.0,0.0,12.479999542236328,0.0,-0.3331267546071187,-0.33634974468164236,0.0,0.6737897917544187,-0.39483709838503467,0.0,58303.5390625,491.0105895996094
2024-07-07,-0.043009217189319104,0.0,0.0,12.479999542236328,0.0,0.1796033564769805,0.17277258227302686,0.0,0.6737897917544187,-0.39483709838503467,0.0,55849.109375,491.0105895996094
2024-07-08,0.015210533790654032,0.0023754451159784568,0.001238790793425641,12.369999885559082,-0.1099996566772461,0.010560393152484,0.005970328153401219,-0.02232987038921524,0.687274363065192,-0.37502170248845035,0.00791619592824773,56705.09765625,492.1783447265625
2024-07-09,0.022737964112148894,0.0008641639135754475,0.0010469768033470517,12.510000228881836,0.1400003433227539,0.0311895427195646,0.026174389956634146,-0.05963206492995914,0.6317123647135326,-0.4593211075575796,0.005014127979295996,58009.2265625,492.6038513183594
2024-07-10,-0.0046086733698468725,0.010372528711580021,-0.0006661245228282404,12.850000381469728,0.3400001525878924,-0.024417945540678,-0.026531945687515504,0.0004973526923188022,0.637288930892033,-0.4505321455683635,0.020504866564954132,57742.49609375,497.739990234375
2024-07-11,-0.006909245978268808,-0.02217415773212302,-0.005823689134446796,12.920000076293944,0.0699996948242152,0.0491940967410879,0.047834213425241606,-0.0259856057793691,0.5927465766859877,-0.5229883293616288,-0.041180093948043395,57344.9140625,486.8244934082031
2024-07-12,0.009623984558104185,0.00585771245832326,-0.0033568928618563387,12.460000038146973,-0.4600000381469709,-0.0112881548519278,-0.01441819733458742,0.07339458036351089,0.5970920853106797,-0.5156839307327847,0.005903496545979073,57899.46484375,489.6845397949219
2024-07-13,0.022753003242582143,0.0,0.0,12.460000038146973,0.0,-0.2809874843207781,-0.27413050349810153,0.0,0.5970920853106797,-0.5156839307327847,0.0,59231.953125,489.6845397949219
2024-07-14,0.025927850263005585,0.0,0.0,12.460000038146973,0.0,-0.5809310373080019,-0.5569583636320448,0.0,0.5970920853106797,-0.5156839307327847,0.0,60787.79296875,489.6845397949219
2024-07-15,0.06499862039498035,0.002684169891890405,0.0009603045111108622,13.119999885559082,0.6599998474121094,-0.2164605387481085,-0.18860227160260815,0.12821505144888462,0.5335724946004945,-0.6281603325599552,-0.002652879427650412,64870.15234375,491.0007019042969
2024-07-16,0.0034931297826731934,0.00038285649752908016,0.0007674777505326775,13.1899995803833,0.06999969482421875,0.065044611809153,0.08473795953639558,0.07697954899537465,0.5137645677536798,-0.6659901578487843,-0.013077840283536283,65097.1484375,491.188720703125
2024-07-17,-0.01514324245482322,-0.02979424256605265,-0.0049994974960680914,14.479999542236328,1.2899999618530273,0.114388996352047,0.13252355982914737,-0.04518158774184057,0.4974579412732562,-0.6982442661114687,-0.04098619345015426,64118.79296875,476.7699890136719
2024-07-18,-0.0022597141603525025,-0.004743933346117026,0.004040003307987271,15.93000030517578,1.4500007629394513,-0.0607870828517488,-0.044714330369452215,-0.1041194380567564,0.4981614037421723,-0.6968311505678632,0.00940322752309688,63974.06640625,474.5135803222656
2024-07-19,0.041879420109635544,-0.008903057989953608,0.00220552764544159,16.520000457763672,0.5900001525878924,0.1384815374345641,0.1469499710757836,0.05425152377642551,0.49963371744575485,-0.6938800141253708,-0.016936557624316374,66710.15625,470.3077087402344
2024-07-20,0.006774946348331885,0.0,0.0,16.520000457763672,0.0,0.056521925748757,0.06478051623389833,0.0,0.49963371744575485,-0.6938800141253708,0.0,67163.6484375,470.3077087402344
2024-07-21,0.014645375370143716,0.0,0.0,16.520000457763672,0.0,-0.1187636688182953,-0.10552407099924574,0.0,0.49963371744575485,-0.6938800141253708,0.0,68154.5234375,470.3077087402344
2024-07-22,-0.008387766690112852,0.014787813143766588,-0.0008624787816512754,14.90999984741211,-1.6100006103515625,0.1340085299677074,0.14282738115949647,0.021875556870437927,0.5219072176713183,-0.6502654508224993,0.029861615177052558,67585.25,477.314208984375
2024-07-23,-0.024831503546284737,-0.0035307636998246268,0.0013412475025854679,14.720000267028809,-0.18999958038330078,-0.0660126829330722,-0.04816093342491569,-0.05072174640368294,0.5391595997751218,-0.6177436484242328,-0.0017083941458658184,65927.671875,475.63189697265625
2024-07-24,-0.008462196557576013,-0.036529464768880616,-0.0005745792118031772,18.040000915527344,3.320000648498535,0.0601847619272977,0.06851567026428015,-0.05914338822965774,0.5231672160702765,-0.6478541412185322,-0.05348493173816042,65372.1328125,458.5708312988281
2024-07-25,0.006177613679945953,-0.011088944290924755,-0.0002874134563198047,18.459999084472656,0.4199981689453125,-0.1974348787366448,-0.18090248041801435,-0.057298182768039344,0.4952320427614706,-0.7027288529978079,-0.02108947912818256,65777.2265625,453.5138549804688
2024-07-26,0.03193999219319689,0.01020371279762687,-0.0003833708640863391,16.389999389648438,-2.0699996948242188,-0.0878677664958268,-0.06755974009535366,0.04062219646636013,0.484465823009938,-0.7247083908825933,0.011604505803278164,67912.0625,458.1650695800781
2024-07-27,-0.001454798896138238,0.0,0.0,16.389999389648438,0.0,-0.0705253979012009,-0.049423551487721894,0.0,0.484465823009938,-0.7247083908825933,0.0,67813.3359375,458.1650695800781
2024-07-28,0.006504525639670648,0.0,0.0,16.389999389648438,0.0,-0.1478691563946368,-0.11716929198638545,0.0,0.484465823009938,-0.7247083908825933,0.0,68255.8671875,458.1650695800781
2024-07-29,-0.021262245664086656,0.0020067570237607413,0.0022979507136719713,16.600000381469727,0.21000099182128906,0.1867861014955192,0.2121588096791822,-0.04452669860625192,0.4944057349948754,-0.7043987729972059,-0.004829911741800984,66819.9140625,459.0854187011719
2024-07-30,-0.009305346230673276,-0.013826566511513982,-9.559090253360601e-05,17.690000534057617,1.0900001525878906,0.0333501303440161,0.047055280164112645,-0.041391580139687044,0.49017468690122057,-0.7129934475298317,-0.04100428193357121,66201.015625,452.7815246582031
2024-07-31,-0.024183450577486682,0.02916424658345478,-0.004313494100995252,16.360000610351562,-1.3299999237060547,0.1979131605520027,0.210386315395331,0.02678666390379412,0.5228957636667759,-0.6483731394334619,0.05484439823215553,64619.25,466.1809997558594
2024-08-01,0.011359846111043197,-0.024519581192916844,0.0030692494838229197,18.59000015258789,2.229999542236328,-0.2878017060016065,-0.26472928089755743,-0.06160710096625536,0.5372503065429813,-0.6212911728817715,-0.03602036641401984,65357.5,454.8894348144531
2024-08-02,-0.06221701386487153,-0.024021242819514576,-0.011655471739615158,23.38999938964844,4.79999923706055,0.2989364694903537,0.3097249230833076,-0.08714582182588436,0.5397553626074408,-0.6166392742823545,-0.019403086840428355,61415.06640625,444.0926208496094
2024-08-03,-0.012039486792085179,0.0,0.0,23.38999938964844,0.0,0.4479043014003254,0.46375146141827717,0.0,0.5397553626074408,-0.6166392742823545,0.0,60680.09375,444.0926208496094
2024-08-04,-0.04315788272420938,0.0,0.0,23.38999938964844,0.0,0.9968908342589764,0.97966801778027,0.0,0.5397553626074408,-0.6166392742823545,0.0,58116.9765625,444.0926208496094
2024-08-05,-0.07363198582120066,-0.0302695887937359,-0.005050973722581502,38.56999969482422,15.180000305175778,-0.0492204604417669,-0.07590682005931836,-0.049104665927507306,0.5388517995744855,-0.6183147002872957,-0.049445520227969275,53991.45703125,430.8515319824219
2024-08-06,0.03713846509911699,0.00950964978117821,0.002722930538867963,27.709999084472656,-10.860000610351562,0.2378578696020888,0.20922969288036705,0.01950311743250965,0.5603902942311607,-0.5791217840283663,0.02417789446859793,56034.31640625,434.9683227539063
2024-08-07,-0.018131945621423673,-0.010888756064441195,0.0022311279525666044,27.850000381469727,0.1400012969970703,-0.0059884872822731,-0.0340650346561696,-0.07614793007681651,0.5763888851521007,-0.5509726982625051,-0.027769447916952638,55027.4609375,430.25775146484375
2024-08-08,0.11461585743295792,0.030132361920140637,9.691523114703233e-05,23.790000915527344,-4.059999465942383,-0.391858484047932,-0.4058334305295786,0.0975069297992081,0.5702981005881159,-0.5615960713738208,0.0350497107298788,61710.13671875,443.4197387695313
2024-08-09,-0.013541633552667406,0.00520871764631221,-0.0006784560021994059,20.3700008392334,-3.4200000762939453,0.0216596283076581,0.0061487626977336195,-0.036536124774838925,0.5745553855669916,-0.5541587797831486,0.0030686701862789826,60880.11328125,445.73541259765625
2024-08-10,0.0010785754296191252,0.0,0.0,20.3700008392334,0.0,0.0087003516443397,-0.005460722462359841,0.0,0.5745553855669916,-0.5541587797831486,0.0,60945.8125,445.73541259765625
2024-08-11,-0.03721354652343721,0.0,0.0,20.3700008392334,0.0,0.4640059051949057,0.4340016957533117,0.0,0.5745553855669916,-0.5541587797831486,0.0,58719.484375,445.73541259765625
2024-08-12,0.01075659964060797,0.002151340636523873,0.0,20.709999084472656,0.3399982452392578,-0.0312391985761403,-0.06956835087588889,-0.04473146282053424,0.6086186642425849,-0.49656337448607885,0.020949299609807112,59354.515625,446.69537353515625
2024-08-13,0.02092453927711503,0.024509845447026193,-0.005639313337416406,18.1200008392334,-2.589998245239258,0.0980901774672147,0.03712698467495889,-0.024905505650148842,0.5556524257583526,-0.5876123137371321,0.04040451521259437,60609.56640625,457.7790832519531
2024-08-14,-0.0313783013916643,0.00032426983333313917,9.751997633008525e-05,16.190000534057617,-1.9300003051757812,0.0700196937620991,-0.0004928401138303007,-0.012741727136915118,0.5743043213402483,-0.5545958466055474,0.011713082334818568,58737.26953125,457.9275512695313
2024-08-15,-0.02024486209713598,0.02494938199597925,0.003989337871885919,15.229999542236328,-0.9600009918212891,-0.0709027962282627,-0.13688374983627824,0.037722465249728145,0.5897882230185247,-0.527991750554601,0.025718807088221676,57560.09765625,469.4962768554688
2024-08-16,0.022911430101342656,0.001284887665320007,-0.0050623576403176105,14.800000190734863,-0.42999935150146484,0.2232945771114217,0.15368343747809365,0.055870017700630846,0.6124203032848278,-0.4903364621152129,0.003901864747523771,58894.10546875,470.0999145507813
2024-08-17,0.009881840637262366,0.0,0.0,14.800000190734863,0.0,0.1031007741246791,0.028026705925470144,0.0,0.6124203032848278,-0.4903364621152129,0.0,59478.97265625,470.0999145507813
2024-08-18,-0.01687023792647201,0.0,0.0,14.800000190734863,0.0,0.3090149910883024,0.2282564744339688,0.0,0.6124203032848278,-0.4903364621152129,0.0,58483.96484375,470.0999145507813
2024-08-19,0.017113663556006083,0.013050405726629306,-0.005578675579700073,14.649999618530272,-0.15000057220459162,-0.0591903363316499,-0.1360917775833032,0.028092920677372225,0.626301357156901,-0.4679236225093191,0.024936140920944323,59493.453125,476.2751159667969
2024-08-20,-0.008112024604757306,-0.002100678325998052,-0.004426279239489019,15.880000114440918,1.2300004959106463,0.1336402494824513,0.048325344287439745,0.0029463965605920355,0.6370431977238551,-0.45091781138609754,-0.006826713125686293,59012.79296875,475.2756652832031
2024-08-21,0.035987487774751865,0.004653198341019038,-0.003951027653131777,16.270000457763672,0.3900003433227539,0.1088301151489296,0.024354490447877297,0.044714729492806256,0.6256837936871776,-0.46891015740455183,0.004110216795118362,61175.19140625,477.4923706054688
2024-08-22,-0.013052114105543453,-0.015981919345792156,0.00464084973759752,17.549999237060547,1.279998779296875,-0.0063424413741438,-0.09280707412716038,-0.046261156173986503,0.6196302341822694,-0.47863237533833347,-0.02910351453861492,60381.9140625,469.9217834472656
2024-08-23,0.05966667778992524,0.010787089153650467,-0.007812934985011283,15.859999656677246,-1.6899995803833008,-0.0523020412715506,-0.1350171139179389,0.0634326974002408,0.6108040157356261,-0.492979131108476,0.02373673541322291,64094.35546875,475.018310546875
2024-08-24,0.0013196308130850045,0.0,0.0,15.859999656677246,0.0,-0.0680581932050146,-0.15508582203579058,0.0,0.6108040157356261,-0.492979131108476,0.0,64178.9921875,475.018310546875
2024-08-25,0.0024052261605437084,0.0,0.0,15.859999656677246,0.0,-0.0967227256242141,-0.18345518915071052,0.0,0.6108040157356261,-0.492979131108476,0.0,64333.54296875,475.018310546875
2024-08-26,-0.022842512079134417,-0.009755760501851776,0.0012898474141776791,16.149999618530273,0.28999996185302734,0.0857509783071839,-0.006190697759591995,-0.019788858267453302,0.6079836574187019,-0.4976072766227796,-0.015349815962467678,62880.66015625,470.40667724609375
2024-08-27,-0.05519287756090793,0.002982905321168486,-0.0029791027007281044,15.43000030517578,-0.719999313354494,0.5144248777888195,0.4004067339159284,-0.05167102328175294,0.613954747203537,-0.4878340551739965,0.0076457071502906825,59504.1328125,471.81195068359375
2024-08-28,-0.00804021450926693,-0.011412430378178427,0.005356026370427675,17.110000610351562,1.680000305175783,-0.0157807467266385,-0.12304666232545768,-0.05142693581735059,0.6129760346482126,-0.4894294390006803,-0.014524664344309365,59027.625,466.4580383300781
2024-08-29,0.006089656742738993,-0.0014648702902522294,0.0024699909711655365,15.649999618530272,-1.4600009918212908,-0.022869134180347,-0.12826107429502073,0.025543218465757644,0.646843286271916,-0.43565122978329607,-0.02992972645488903,59388.1796875,465.7752380371094
2024-08-30,-0.004534788620027655,0.011848980620298979,0.003546109136159269,15.0,-0.6499996185302717,0.009370325689781,-0.08973685326281869,-0.014111652780124587,0.646907196962378,-0.43555243068510496,0.01235379289097662,59119.4765625,471.3270263671875
2024-08-31,-0.0025333050495830443,0.0,0.0,15.0,0.0,0.039832292614333,-0.07019601962546468,0.0,0.646907196962378,-0.43555243068510496,0.0,58969.8984375,471.3270263671875
2024-09-01,-0.028281771257721453,0.0,0.0,15.0,0.0,0.3852008728937859,0.27229708054054047,0.0,0.646907196962378,-0.43555243068510496,0.0,57325.48828125,471.3270263671875
2024-09-02,0.030696731082648924,0.0,0.0,15.0,0.0,0.010791661421436,-0.08754170959917976,0.0,0.646907196962378,-0.43555243068510496,0.0,59112.48046875,471.3270263671875
2024-09-03,-0.028857442236703133,-0.030831390668220417,0.0012775011179969073,20.71999931335449,5.719999313354489,0.169032661599084,0.09829456300046467,-0.11708903910520527,0.6477784631821314,-0.43420651888875506,-0.05936402818117316,57431.0234375,457.01708984375
2024-09-04,0.009367548966836616,-0.0026018866277302257,-0.004626232130554243,21.31999969482422,0.6000003814697301,0.0793756958054713,0.004351058665277352,-0.011601067317650085,0.6742311994777861,-0.39418220095834067,-0.009016332332967156,57971.5390625,455.82952880859375
2024-09-05,-0.031738730145491646,0.000933175817368677,-0.0024695028946871414,19.899999618530277,-1.4200000762939418,0.0116477018811532,-0.055836596335009564,-0.002397702444149185,0.7287087749351074,-0.31648111247486665,0.004061678653823835,56160.48828125,456.2550964355469
2024-09-06,-0.04017885990554018,-0.02715252747032655,0.0006920727401390275,22.3799991607666,2.4799995422363246,-0.0564433217547816,-0.12224579215519409,-0.06787657886251157,0.7000718270221149,-0.35657233917118886,-0.02911476428305861,53948.75390625,444.0332946777344
2024-09-07,0.003532917856170691,0.0,0.0,22.3799991607666,0.0,-0.0985644773069663,-0.17414341459874427,0.0,0.7000718270221149,-0.35657233917118886,0.0,54139.6875,444.0332946777344
2024-09-08,0.012880905395702242,0.0,0.0,22.3799991607666,0.0,-0.2508826384184384,-0.3173768334860132,0.0,0.7000718270221149,-0.35657233917118886,0.0,54841.56640625,444.0332946777344
2024-09-09,0.03894551366544674,0.01277753279843718,0.0036502061982117153,19.450000762939453,-2.9299983978271484,0.0821749618294881,0.013231613089075042,0.08146698647598778,0.6979511003647836,-0.3596062354578334,0.022371978529401308,57019.53515625,449.7433471679688
2024-09-10,0.010973955159393974,0.009199479412691567,0.0007874220461980366,19.07999992370605,-0.370000839233402,0.1137140561062523,0.05644710233546102,0.0534377817147648,0.6695358250413066,-0.40117060513867797,0.017939549231183707,57648.7109375,453.89984130859375
2024-09-11,-0.005314110423381013,0.02148287326201177,0.0004918897581672112,17.690000534057617,-1.389999389648434,0.1081547688627923,0.04624134951070325,-0.0003537983376749737,0.6813801834363047,-0.38363485630862404,0.049732660571018515,57343.171875,463.7564086914063
2024-09-12,0.013576697629400721,0.00976816419559823,-0.0030534133936020295,17.06999969482422,-0.6200008392333984,0.0935169246494493,0.03175594705795244,-0.0025882089757371246,0.6885910186027877,-0.37310777114449395,0.014148846153012543,58127.01171875,468.30865478515625
2024-09-13,0.0411907229072504,0.0044699940071329805,-0.002568177349113929,16.559999465942383,-0.5100002288818359,-0.1260598546921683,-0.18128484733518957,0.019650395944930517,0.7027522777650168,-0.3527508279840757,0.004018345992953998,60571.30078125,470.40667724609375
2024-09-14,-0.009391286288541528,0.0,0.0,16.559999465942383,0.0,-0.014023021863173,-0.0711440069850306,0.0,0.7027522777650168,-0.3527508279840757,0.0,60005.12109375,470.40667724609375
2024-09-15,-0.013798343779418605,0.0,0.0,16.559999465942383,0.0,0.1525099060736438,0.09774840998637878,0.0,0.7027522777650168,-0.3527508279840757,0.0,59182.8359375,470.40667724609375
2024-09-16,-0.016874951656180977,-0.0044277676401749694,-0.0034675664542329937,17.139999389648438,0.5799999237060547,-0.0427906244910984,-0.09268907395783749,-0.022930729825816714,0.716300960962911,-0.333654863797769,-0.00896573827118683,58192.5078125,468.3284301757813
2024-09-17,0.035717088660707746,0.0005282653511894131,0.0012893356850292408,17.610000610351562,0.470001220703125,-0.0404995509420113,-0.0787475156744066,0.016528274094250308,0.7341220386344696,-0.3090799990185658,-0.0007240815600589876,60308.5390625,468.5758972167969
2024-09-18,0.02199433056839477,-0.004339002761826898,-0.0028785658727580672,18.229999542236328,0.6199989318847656,-0.2938564537858127,-0.3242822146030693,-0.011552627244882815,0.7594896068969725,-0.2751086411782232,-0.014708121841515157,61649.6796875,466.5471496582031
2024-09-19,0.020721119053916288,0.024969892048782756,9.941987261286984e-05,16.329999923706055,-1.8999996185302734,0.0904746468900387,0.06148773949252924,0.01615816501828196,0.7526813930330057,-0.28411325754346145,0.028525689372722256,62940.45703125,478.3434448242188
2024-09-20,0.0040040116474054175,-0.0019051132202340649,0.001092739485391407,16.149999618530273,-0.18000030517578125,-0.0489883357043362,-0.07271462807340345,-0.0013416473771711514,0.7563051680263967,-0.2793103228413757,-0.011909360122344299,63192.9765625,477.4330139160156
2024-09-21,0.0031893030164782386,0.0,0.0,16.149999618530273,0.0,-0.0870430170436658,-0.10807929022374899,0.0,0.7563051680263967,-0.2793103228413757,0.0,63394.83984375,477.4330139160156
2024-09-22,0.003996604788029707,0.0,0.0,16.149999618530273,0.0,-0.1345593826465702,-0.15285374444748606,0.0,0.7563051680263967,-0.2793103228413757,0.0,63648.7109375,477.4330139160156
2024-09-23,-0.005023067643079772,0.0026471967615146483,0.0019837037733707805,15.890000343322754,-0.25999927520751953,0.0057222764090439,-0.015031434379007256,0.04034719783444992,0.7770954775281886,-0.2521920564619233,-0.0009063849964526193,63329.80078125,478.6985473632813
2024-09-24,0.015234244172186632,0.004811942768046128,-0.00546472043895139,15.390000343322754,-0.5,0.0294917097697727,0.004530851135255316,0.06950090084289588,0.8114387736617654,-0.20894634322658412,0.014412406700858145,64301.96875,481.007568359375
2024-09-25,-0.01818596455888868,0.0009266938801938381,0.005464720438951408,15.40999984741211,0.01999950408935547,0.0108050625299844,-0.01165759891195967,-0.008400126002368195,0.7964763095144237,-0.22755789330799,0.014216740411728613,63143.14453125,481.4535217285156
2024-09-26,0.03176403065562404,0.0074849740375311615,-0.003573565625344722,15.369999885559082,-0.039999961853027344,-0.0821133884294945,-0.08469144099749477,0.04374619177593021,0.7512719037968515,-0.28598763708940655,0.00121449082390456,65181.01953125,485.0707092285156
2024-09-27,0.009309629648678252,-0.005572536350557885,-0.0013931676312915248,16.959999084472656,1.5899991989135742,0.0740972343031668,0.06852324903417302,-0.011802343974410892,0.7359614128130062,-0.3065775898708673,-0.014585149816841243,65790.6640625,482.3751525878906
2024-09-28,0.0014730503557602514,0.0,0.0,16.959999084472656,0.0,0.0563245743019693,0.048110798750231644,0.0,0.7359614128130062,-0.3065775898708673,0.0,65887.6484375,482.3751525878906
2024-09-29,-0.0038372626776130244,0.0,0.0,16.959999084472656,0.0,0.1026767344508642,0.09135274527375711,0.0,0.7359614128130062,-0.3065775898708673,0.0,65635.3046875,482.3751525878906
2024-09-30,-0.03576247704956806,0.0027082569882357493,0.0035785387673035155,16.729999542236328,-0.22999954223632812,0.0787310810917502,0.06611046563206253,-0.05525568418482525,0.7574287268684816,-0.2778258359679477,0.002820974662431928,63329.5,483.6833190917969
2024-10-01,-0.04015297041725014,-0.01403047727000605,0.00406005072872122,19.26000022888184,2.5300006866455114,0.2224946087374602,0.21529753541631672,-0.06482703117814925,0.7743823385217123,-0.2556895499408576,-0.02991637269972652,60837.0078125,476.94439697265625
2024-10-02,-0.0033625289659382266,0.0014119968862908157,0.004830668013914111,18.899999618530277,-0.3600006103515625,-0.0401337637505699,-0.04563332289931318,0.023213943724854254,0.7731200103759766,-0.25732098969488304,0.00359506738523431,60632.78515625,477.6183166503906
2024-10-03,0.0020860853737759526,-0.0007472794019159985,0.003044118434402922,20.489999771118164,1.590000152587887,0.1057806961075404,0.10238953580851524,0.014678208608572217,0.7785171322257808,-0.25036428123760035,0.015843155755470375,60759.40234375,477.2615356445313
2024-10-04,0.021300283559387175,0.011827857193616035,0.005183120434750279,19.209999084472656,-1.2800006866455078,0.1251908677514152,0.1202725350541919,0.04675801554148979,0.7489626707019471,-0.2890661355561171,0.0077782425939080194,62067.4765625,482.9400329589844
2024-10-05,0.0003620026165009027,0.0,0.0,19.209999084472656,0.0,0.1208023113140984,0.11224549163577693,0.0,0.7489626707019471,-0.2890661355561171,0.0,62089.94921875,482.9400329589844
2024-10-06,0.011672701783517451,0.0,0.0,19.209999084472656,0.0,-0.0198576613895139,-0.029634003080010952,0.0,0.7489626707019471,-0.2890661355561171,0.0,62818.953125,482.9400329589844
2024-10-07,-0.00931261159307203,-0.010769328205799691,0.00019510653235701533,22.63999938964844,3.430000305175785,0.2551563352713951,0.233589299828286,-0.02344746680637812,0.7443609165966062,-0.2952292588210163,0.003185946941236587,62236.66015625,477.7669982910156
2024-10-08,-0.0016835665376192953,0.01482416638944893,9.753899307532961e-05,21.420000076293945,-1.2199993133544957,0.051766828972404,0.02011147794960015,-0.016568824564648935,0.7326462710640178,-0.31109227056639166,0.02611307386744599,62131.96875,484.9022521972656
2024-10-09,-0.025261155468464205,0.007837593884272596,0.0036986342262352134,20.86000061035156,-0.5599994659423864,0.1055556193177414,0.07312091304532911,-0.0345130087377389,0.7266500878162745,-0.3193102270591089,0.0024008884751995233,60582.1015625,488.7176513671875
2024-10-10,-0.005090366975952731,-0.0011362553421910922,0.0005827268922399175,20.93000030517578,0.0699996948242223,-0.0954632556056043,-0.1209253848209547,-0.010414242830744715,0.7344293668621472,-0.3086614529179474,0.0061320043967578244,60274.5,488.1626586914063
2024-10-11,0.03537847936044716,0.0015619716471963279,-0.0009714249399542658,20.459999084472656,-0.470001220703125,0.1652479306350585,0.13788269602729922,0.08491726624661755,0.7385563419202265,-0.30305788754407254,0.0005397723587692053,62445.08984375,488.9257507324219
2024-10-12,0.01190629833225701,0.0,0.0,20.459999084472656,0.0,0.0212637198998554,-0.0036930745495840807,0.0,0.7385563419202265,-0.30305788754407254,0.0,63193.0234375,488.9257507324219
2024-10-13,-0.005421094129359057,0.0,0.0,20.459999084472656,0.0,0.0866090837312628,0.054563324667708954,0.0,0.7385563419202265,-0.30305788754407254,0.0,62851.375,488.9257507324219
2024-10-14,0.049580549288290116,0.008356411580060485,0.0039769552126221125,19.700000762939453,-0.7599983215332031,0.0179647178392373,-0.015147299214396889,0.05510569901515701,0.7114700235724379,-0.3404219936504772,0.01535975335222031,66046.125,493.0285339355469
2024-10-15,0.014952642422039789,-0.013456931918899016,-0.0003873055288795636,20.63999938964844,0.9399986267089879,0.0320204650551399,0.0029247627021225034,0.014478355473755441,0.7126218821346372,-0.3388043188237726,-0.02447429530764116,67041.109375,486.4383239746094
2024-10-16,0.008490108547449185,0.00012220379631145242,0.0031906645786688075,19.57999992370605,-1.05999946594239,0.0554241135289357,0.023054586575250495,0.07124710649209184,0.7128205177111504,-0.3385256185720887,0.012275043348071306,67612.71875,486.4977722167969
2024-10-17,-0.0031535287872272158,0.000692289819403582,0.002314199232432408,19.11000061035156,-0.4699993133544922,-0.0881015683110319,-0.11888436135241641,-0.018131226448018505,0.6943231440513162,-0.36481780141104325,0.005158508078283406,67399.8359375,486.8346862792969
2024-10-18,0.01500489704966544,0.006533404741940624,-0.0032799949123049964,18.030000686645508,-1.0799999237060511,0.0642298893361826,0.021510884857398237,0.04514326478663284,0.6620192541349577,-0.4124606386720748,0.005616722933601574,68418.7890625,490.0257873535156
2024-10-19,-0.000819623721527923,0.0,0.0,18.030000686645508,0.0,0.0741220717153328,0.03194815307570532,0.0,0.6620192541349577,-0.4124606386720748,0.0,68362.734375,490.0257873535156
2024-10-20,0.009303330181939204,0.0,0.0,18.030000686645508,0.0,-0.0376865697834904,-0.08023721395381275,0.0,0.6620192541349577,-0.4124606386720748,0.0,69001.703125,490.0257873535156
2024-10-21,-0.023963262921302488,0.0019194795930556796,0.005012099865565311,18.3700008392334,0.3400001525878906,0.0751958260877632,0.027237220479726557,0.03281088932493105,0.6966456231644116,-0.3614784291316982,0.02101267819059885,67367.8515625,490.96728515625
2024-10-22,-9.56779931777652e-05,0.0010893481753069415,0.0006727828932673006,18.200000762939453,-0.1700000762939453,0.022908147051933,-0.030299376212720424,0.014083094183439223,0.7181420471027922,-0.3310878923105908,0.009898206379963363,67361.40625,491.5024108886719
2024-10-23,-0.013890438213698968,-0.015442533645906666,0.003357141616745338,19.239999771118164,1.039999008178711,-0.0130410224428784,-0.06562310241246774,-0.04021869038415944,0.7246009796001406,-0.32213414860358025,-0.01764869524069694,66432.1953125,483.9706726074219
2024-10-24,0.02569154796745315,0.008076072803816543,-0.0035493610131244195,19.07999992370605,-0.15999984741211293,0.0094972672146564,-0.042418331336429076,0.029081794996950343,0.7215754492238456,-0.32631833350673534,0.0031891145357734836,68161.0546875,487.8950805664063
2024-10-25,-0.02253213347279499,0.00607520287799824,0.0019201674287809163,20.32999992370605,1.25,0.3219740056216544,0.25968610896751326,-0.026795605717768154,0.7613546832193882,-0.2726559545100216,0.008017805261563201,66642.4140625,490.8681640625
2024-10-26,0.00557070573324996,0.0,0.0,20.32999992370605,0.0,0.2535227522974497,0.18004698428574376,0.0,0.7613546832193882,-0.2726559545100216,0.0,67014.6953125,490.8681640625
2024-10-27,0.013555484057566741,0.0,0.0,20.32999992370605,0.0,0.0885410496897624,0.01458382116516993,0.0,0.7613546832193882,-0.2726559545100216,0.0,67929.296875,490.8681640625
2024-10-28,0.028709215102556977,0.00016144406748778165,0.0005752954235477243,19.799999237060547,-0.5300006866455043,0.0673302419829344,-0.006993842131023581,0.08915714500758976,0.7598097137430384,-0.2746872537051244,-0.005441390142936802,69907.7578125,490.9474182128906
2024-10-29,0.03944659057776213,0.009562542879411271,-0.0003835178936744607,19.34000015258789,-0.45999908447265625,0.102228320056363,0.027919183088888397,-0.011949381229271834,0.7477477527381622,-0.2906895868418085,0.008833991463768284,72720.4921875,495.6646423339844
2024-10-30,-0.00525236341818716,-0.007586360556731887,-0.002784857229798792,20.350000381469727,1.010000228881836,0.0324239175476844,-0.040341647301654675,-0.02109028721071261,0.7591866438498183,-0.27550762424130104,-0.006136364574379315,72339.5390625,491.9185791015625
2024-10-31,-0.029806220896924952,-0.025566773062797178,-9.611488950285604e-05,23.15999984741211,2.809999465942383,0.0426937548233421,-0.024078448228859697,-0.0891206103948602,0.7900054592776509,-0.23571542306690804,-0.05540529961702184,70215.1875,479.501220703125
2024-11-01,-0.010490161236778449,0.007371807281767685,0.0028809721193016552,21.8799991607666,-1.2800006866455078,0.042749992241748,-0.0267850026768644,-0.008694941920729208,0.7882926754835176,-0.23788584249373315,0.01476731948652274,69482.46875,483.049072265625
2024-11-02,-0.00278436278553029,0.0,0.0,21.8799991607666,0.0,0.0763281022822458,0.007774860491143232,0.0,0.7882926754835176,-0.23788584249373315,0.0,69289.2734375,483.049072265625
2024-11-03,-0.00794258611024876,0.0,0.0,21.8799991607666,0.0,0.1726273042323763,0.10249284789190834,0.0,0.7882926754835176,-0.23788584249373315,0.0,68741.1171875,483.049072265625
2024-11-04,-0.013615611362265724,-0.002917468246951359,-0.0037469361518257123,21.979999542236328,0.10000038146972656,-0.0232717690685105,-0.08860375606289148,-0.044681865527817,0.7902567339686803,-0.23539740660834682,6.191233982040002e-05,67811.5078125,481.641845703125
2024-11-05,0.022572112490931908,0.012676215657202864,-0.004534291944420599,20.489999771118164,-1.489999771118164,0.0865814284800311,0.017701471823331955,0.053339379571374246,0.7715694302847361,-0.2593286173399417,0.01764733009506018,69359.5625,487.7861022949219
2024-11-06,0.08666903126846402,0.026800798708190725,0.016018741767100834,16.270000457763672,-4.219999313354492,0.1960767220812819,0.1291660858642532,0.20018504002371948,0.7414721803824482,-0.29911763613568554,0.03045201942493835,75639.078125,501.0359191894531
2024-11-07,0.0035076496874788744,0.015621581202060609,-0.005534309983288496,15.199999809265137,-1.0700006484985352,0.2015903543724864,0.12968560064212162,0.03907850384306608,0.7925778562804152,-0.23246453669276812,0.01731302801891367,75904.859375,508.9243469238281
2024-11-08,0.008404323339316332,0.0011677332660289255,0.004677569110670288,14.9399995803833,-0.26000022888183594,0.1276924736632767,0.05504982478806075,0.010708137269497165,0.7933376893447408,-0.2315063102291189,-0.007624023384089571,76545.4765625,509.51898193359375
2024-11-09,0.0030444063813357424,0.0,0.0,14.9399995803833,0.0,0.090826994529236,0.011974670649525343,0.0,0.7933376893447408,-0.2315063102291189,0.0,76778.8671875,509.51898193359375
2024-11-10,0.04700704537184314,0.0,0.0,14.9399995803833,0.0,-0.4643756111237531,-0.5222404836115033,0.0,0.7933376893447408,-0.2315063102291189,0.0,80474.1875,509.51898193359375
2024-11-11,0.09734014312496264,-0.0005835463582870467,0.005129686494693812,14.970000267028809,0.030000686645507812,-0.1307510531725529,-0.18354876655788954,0.13716997289021546,0.6778954377191979,-0.38876222458822385,-0.013481275033059218,88701.484375,509.22174072265625
2024-11-12,-0.008442066269106777,-0.001811641099153745,0.004537687244231887,14.710000038146973,-0.26000022888183594,0.2911717744634557,0.2315553047203793,-0.017328896748285815,0.6628860548532647,-0.41115216653282477,0.01629116728222651,87955.8125,508.300048828125
2024-11-13,0.02944485048776148,-0.0012875739376203245,0.004329481716830417,14.020000457763672,-0.6899995803833008,-0.043605510862524,-0.10116963964887501,-0.12648352702489948,0.6962512444628433,-0.36204470036293257,-0.004299435253518143,90584.1640625,507.64599609375
2024-11-14,-0.03749692231881138,-0.006973956163055725,0.0017827338585109027,14.3100004196167,0.28999996185302734,0.0920894461927345,0.032523018035130316,-0.051400244729489196,0.7016189375526248,-0.35436484633772036,0.0036554832530141324,87250.4296875,504.1180114746094
2024-11-15,0.04280211829142622,-0.02411447686293561,0.0001875166147571136,16.139999389648438,1.8299989700317383,0.1210979432930217,0.059342387476614654,0.025814730323644734,0.7095007439543737,-0.34319373382110435,-0.03068020503727919,91066.0078125,492.10687255859375
2024-11-16,-0.00558881224411838,0.0,0.0,16.139999389648438,0.0,0.1890301372084767,0.11803685787475268,0.0,0.7095007439543737,-0.34319373382110435,0.0,90558.4765625,492.10687255859375
2024-11-17,-0.007900350440318173,0.0,0.0,16.139999389648438,0.0,0.2857091429774382,0.20733322185567235,0.0,0.7095007439543737,-0.34319373382110435,0.0,89845.8515625,492.10687255859375
2024-11-18,0.007725465406075372,0.006923789891099488,-0.00385034668066231,15.579999923706056,-0.559999465942381,0.201102070519605,0.11849348277103006,-0.04366119577306232,0.7534936978733151,-0.2830346247550559,-0.005571601559490836,90542.640625,495.5259399414063
2024-11-19,0.019697543183651734,0.006855996079750586,-0.0006588516924100278,16.350000381469727,0.7700004577636701,0.0930710266197011,0.006103852324353107,0.04210216835355722,0.7407567258111752,-0.300083012838093,0.02632904668483624,92343.7890625,498.9349365234375
2024-11-20,0.021381444998432572,-0.0005760385563636426,0.004415444461003719,17.15999984741211,0.8099994659423828,0.0509446641969184,-0.035214138035401424,0.011193478032849289,0.7084871112027292,-0.34462341168556787,-0.006584062708862969,94339.4921875,498.6476135253906
2024-11-21,0.04320463738221239,0.0035908605070731365,0.0027147305552004653,16.8700008392334,-0.28999900817871094,0.02805227065167,-0.05827800236730772,-0.0206960170973513,0.7005418422284757,-0.3559011830425249,0.0005031168020614872,98504.7265625,500.44140625
2024-11-22,0.004991722095061175,0.0016025849028457155,0.004849367381532416,15.239999771118164,-1.6300010681152344,0.0590724165603339,-0.029661637758750907,0.08116718720049801,0.6822604429163924,-0.38234381292762754,-0.011378459595609382,98997.6640625,501.2440490722656
2024-11-23,-0.012404002529793906,0.0,0.0,15.239999771118164,0.0,0.2095847290701796,0.11418109268924403,0.0,0.6822604429163924,-0.38234381292762754,0.0,97777.28125,501.2440490722656
2024-11-24,0.0024162403264788948,0.0,0.0,15.239999771118164,0.0,0.1801190504942343,0.08944391261754607,0.0,0.6822604429163924,-0.38234381292762754,0.0,98013.8203125,501.2440490722656
2024-11-25,-0.05140963729329047,0.001580447341974704,-0.0062526280565036495,14.600000381469728,-0.6399993896484357,0.2375068955569201,0.14736561957158284,-0.02439858846741868,0.664607898672274,-0.40855803828081694,-0.01919481962943155,93102.296875,502.036865234375
2024-11-26,-0.012069852534281012,0.005354877460662373,0.0017771359471066138,14.100000381469728,-0.5,-0.1291928289169102,-0.21207630894869167,-0.08712843347386369,0.6762253818144875,-0.39122885345526937,0.014162599927976725,91985.3203125,504.732421875
2024-11-27,0.04232881330495687,-0.007904514415604871,-0.008728764303189137,14.100000381469728,0.0,0.1028487355579212,0.018781305740306828,0.11042007979771065,0.7036688416422262,-0.35144742888928066,-0.011678966626714912,95962.53125,500.7584838867188
2024-11-28,-0.003236310003132818,0.0,0.0,14.100000381469728,0.0,0.1420807552340357,0.056684910910498904,0.0,0.7036688416422262,-0.35144742888928066,0.0,95652.46875,500.7584838867188
2024-11-29,0.018736162907207532,0.00874834108704509,-0.0032103130939932843,13.510000228881836,-0.5900001525878924,0.1081330573162887,0.020213575000465084,0.041133742940718795,0.7217934436064969,-0.32601627020830676,0.011192019043287961,97461.5234375,505.1585083007813
2024-11-30,-0.010442730465097628,0.0,0.0,13.510000228881836,0.0,0.235237531083241,0.14089992289208741,0.0,0.7217934436064969,-0.32601627020830676,0.0,96449.0546875,505.1585083007813
2024-12-01,0.008576311620290235,0.0,0.0,13.510000228881836,0.0,0.1307530076142325,0.03348196557732942,0.0,0.7217934436064969,-0.32601627020830676,0.0,97279.7890625,505.1585083007813
2024-12-02,-0.014647119798360832,0.010829126549233454,0.0066921320663934115,13.34000015258789,-0.1700000762939453,0.0963470963776568,-0.0015912454624266298,-0.058889395317089956,0.6889952061849347,-0.37252096563428716,0.010173808721330616,95865.3046875,510.6586608886719
2024-12-03,0.0014266034685602644,0.0030615963160023994,-0.000751754586431302,13.300000190734863,-0.039999961853027344,0.066602990801721,-0.027801207257340588,-0.004925890643655897,0.7149551123255947,-0.33553551822307703,0.006099820748735995,96002.1640625,512.2244873046875
2024-12-04,0.028408310872006196,0.01228698659306591,-0.00028213444614367595,13.449999809265137,0.14999961853027344,0.1392915823074973,0.03946860586923545,0.07436752345954747,0.7437954889442381,-0.29598916238689404,0.02426130259196361,98768.53125,518.5570068359375
2024-12-05,-0.022266865312221884,-0.0027749028283027455,-0.0059419865186241755,13.539999961853027,0.09000015258789062,0.3952349636367004,0.2851235360265496,-0.03338161410545899,0.760188077875429,-0.2741894054289074,0.005667733800701623,96593.5703125,517.1200561523438
2024-12-06,0.03386480176780916,0.008909972023431606,0.0024565595862451857,12.770000457763672,-0.7699995040893555,0.301954104078304,0.18831343040158574,0.050875474689982006,0.7451701879621,-0.29414264647348715,-0.008041303768596395,99920.7109375,521.7481689453125
2024-12-07,2.62704848226063e-05,0.0,0.0,12.770000457763672,0.0,0.3016309300247135,0.184655570492921,0.0,0.7451701879621,-0.29414264647348715,0.0,99923.3359375,521.7481689453125
2024-12-08,0.013051327819741106,0.0,0.0,12.770000457763672,0.0,0.1421214812848379,0.024665154832326716,0.0,0.7451701879621,-0.29414264647348715,0.0,101236.015625,521.7481689453125
2024-12-09,-0.03829250346621322,-0.007818209940332357,0.0016971558179353912,14.1899995803833,1.419999122619629,-0.0791584705728023,-0.19094861485524553,-0.09686994720436597,0.7781205074057134,-0.2508738729608795,-0.010153431313810676,97432.71875,517.6849365234375
2024-12-10,-0.007802793553987951,-0.0034133704339085924,0.002352388724503724,14.18000030517578,-0.009999275207521308,0.03718466793083,-0.09132415232009933,-0.04599580705900872,0.7654215500067836,-0.26732855116506266,-0.016681038858312514,96675.4296875,515.9208984375
2024-12-11,0.04547294957076326,0.017744124572174842,0.0029092748003790225,13.579999923706056,-0.600000381469723,0.1158769768499943,-0.020852777735019937,0.03092137872375197,0.7662418781793543,-0.2662573912275585,0.021797410529244065,101173.03125,525.1571655273438
2024-12-12,-0.011232138149604486,-0.006474876695987869,0.0023400581852674692,13.920000076293944,0.3400001525878871,0.0434213288286036,-0.08505007756858222,-0.0012867539898649774,0.7726503101965027,-0.25792871283159846,-0.006486752621985668,100043.0,521.767822265625
2024-12-13,0.014057223472297039,0.00762539991597818,0.00037391022774861226,13.8100004196167,-0.10999965667724432,0.0994380056341889,-0.03380151797955404,-0.016360694908754282,0.7478005861001907,-0.29061893267346306,-0.01393143515785563,101459.2578125,525.76171875
2024-12-14,-0.0008508417934171539,0.0,0.0,13.8100004196167,0.0,0.1097370939923272,-0.024090684548068814,0.0,0.7478005861001907,-0.29061893267346306,0.0,101372.96875,525.76171875
2024-12-15,0.02845237769652882,0.0,0.0,13.8100004196167,0.0,-0.2299582336877566,-0.3520841396621267,0.0,0.7478005861001907,-0.29061893267346306,0.0,104298.6953125,525.76171875
2024-12-16,0.016460567443030164,0.01429790528730887,-0.0013092622205874702,14.6899995803833,0.8799991607666016,0.0600150134794165,-0.05781038837065158,0.09407059625169446,0.7579792449315627,-0.27709927507141907,-0.0036448187967825334,106029.71875,533.3330078125
2024-12-17,0.0010452246330361938,-0.004413528958255958,0.0009353519928387434,15.869999885559082,1.1800003051757812,0.11864245222489,0.006385940066573531,-0.012089712398850396,0.7453367329803309,-0.29391917214192387,-0.0029683252114064127,106140.6015625,530.9843139648438
2024-12-18,-0.059179154653770175,-0.036743903050600414,0.009954030795068042,27.6200008392334,11.750000953674316,0.099374033458133,-0.009491544131467744,-0.12881397369953215,0.7477718328253976,-0.2906573838703865,-0.024850030243003057,100041.5390625,511.8279724121094
2024-12-19,-0.025825905125142587,-0.004463013533223299,0.0035114144241547456,24.09000015258789,-3.530000686645508,-0.1213593376693125,-0.22307723644927946,-0.054951826412516655,0.7625382404423791,-0.2711026203582684,0.006406784152142641,97490.953125,509.54876708984375
2024-12-20,0.002714273553183173,0.00869449565720624,-0.007313839870995422,18.36000061035156,-5.729999542236332,-0.1418958041148239,-0.23718568728439943,0.00833174035096758,0.7631887680821907,-0.2702498758297944,0.014657151072076702,97755.9296875,513.9983520507812
2024-12-21,-0.00544879117211963,0.0,0.0,18.36000061035156,0.0,-0.0771071209460363,-0.16889169106235496,0.0,0.7631887680821907,-0.2702498758297944,0.0,97224.7265625,513.9983520507812
2024-12-22,-0.022044180382015402,0.0,0.0,18.36000061035156,0.0,0.1886416254676577,0.09253808172109491,0.0,0.7631887680821907,-0.2702498758297944,0.0,95104.9375,513.9983520507812
2024-12-23,-0.0044121754491209825,0.009695583919310854,0.0038950078159964195,16.780000686645508,-1.5799999237060511,-0.1794865426842716,-0.26262104403901937,-0.06629185511211713,0.7717687871413379,-0.25907027233758306,0.016567739276031352,94686.2421875,519.006103515625
2024-12-24,0.041273994068279446,0.013468764146713998,0.002034223702858206,14.270000457763672,-2.510000228881836,0.0515512400894973,-0.02729766758509254,0.0566734512818624,0.7768361777882424,-0.2525257902416114,0.006630227440547266,98676.09375,526.0437622070312
2024-12-25,0.006294761562737073,0.0,0.0,14.270000457763672,0.0,-0.0240721361585807,-0.09420174277598718,0.0,0.7768361777882424,-0.2525257902416114,0.0,99299.1953125,526.0437622070312
2024-12-26,-0.035921593296803764,-0.0006796836714989067,-0.001201579544534389,14.729999542236328,0.45999908447265625,-0.0338866331980245,-0.10719311300606052,-0.03183025246107597,0.7745692983604299,-0.2554481481628114,-0.0024256094971069385,95795.515625,525.6863403320312
2024-12-27,-0.01716880486495554,-0.01338219590719227,-0.001202954432485464,15.949999809265137,1.2200002670288086,0.0514124911578778,-0.020179447170156753,-0.05935562296725257,0.7725070239536185,-0.2581141777549795,-0.019270664280140983,94164.859375,518.6983642578125
2024-12-28,0.010553910906912645,0.0,0.0,15.949999809265137,0.0,-0.0751082240242844,-0.13946052971037495,0.0,0.7725070239536185,-0.2581141777549795,0.0,95163.9296875,518.6983642578125
2024-12-29,-0.017316317368601404,0.0,0.0,15.949999809265137,0.0,0.1331852194506972,0.06799784169345968,0.0,0.7725070239536185,-0.2581141777549795,0.0,93530.2265625,518.6983642578125
2024-12-30,-0.00952898919172895,-0.01338922421552245,0.0012029544324855157,17.399999618530273,1.4499998092651367,0.2994441629264692,0.23211656410779075,-0.043645980633153794,0.7812332164191723,-0.24688156114574783,-0.004915354174807573,92643.2109375,511.7996826171875
2024-12-31,0.00844829005287248,-0.008530946056411871,0.0033238015870788733,17.350000381469727,-0.049999237060546875,0.0887256042300746,0.02279891885753474,-0.0047030580583129755,0.8159712433599208,-0.20337616561949723,-0.015709443640291552,93429.203125,507.4521179199219
2025-01-01,0.010546386456946345,0.0,0.0,17.350000381469727,0.0,-0.038096833049955,-0.09954205410824113,0.0,0.8159712433599208,-0.20337616561949723,0.0,94419.7578125,507.4521179199219
2025-01-02,0.02579371069354611,-0.0019579912934443054,0.008261489408323308,17.93000030517578,0.5799999237060547,0.1613995703752443,0.09679446333117406,0.02475071572197534,0.818965530530168,-0.1997132832795136,0.011272038501018648,96886.875,506.4595031738281
2025-01-03,0.01251903875349227,0.01623271104635888,-0.004030439172105861,16.1299991607666,-1.8000011444091797,0.1373070703504154,0.07276811370491455,0.12069198409467384,0.7699859808982913,-0.26138297092574586,0.027452804251950964,98107.4296875,514.747802734375
2025-01-04,0.001311953703357832,0.0,0.0,16.1299991607666,0.0,0.1213939263272992,0.0659830042587784,0.0,0.7699859808982913,-0.26138297092574586,0.0,98236.2265625,514.747802734375
2025-01-05,0.0008011590284728617,0.0,0.0,16.1299991607666,0.0,0.1116866512003235,0.06261797756106871,0.0,0.7699859808982913,-0.26138297092574586,0.0,98314.9609375,514.747802734375
2025-01-06,0.03756185651681786,0.01142725947320954,-0.006353272278761988,16.040000915527344,-0.08999824523925781,0.1260110691914393,0.08279639091329367,0.03697724308062749,0.7441497755400922,-0.2955129531996264,0.022164851481662407,102078.0859375,520.6636962890625
2025-01-07,-0.05182428297869528,-0.018005337948356275,0.0025830159689495505,17.81999969482422,1.779998779296875,-0.0170490240853979,-0.054958018851202356,-0.06005481815213955,0.749703731429939,-0.2880771752546961,-0.03853856758865291,96922.703125,511.3728637695313
2025-01-08,-0.019578857696565647,0.00017466149831565905,0.005054418969859988,17.700000762939453,-0.11999893188476562,-0.1027137978151621,-0.13983761500622122,-0.055268973774923714,0.7433868994150641,-0.29653864379906325,0.0024787538261558956,95043.5234375,511.4621887207031
2025-01-09,-0.027298849179035745,0.0,0.000824703108724359,17.700000762939453,0.0,-0.0446397972217672,-0.07903613224107309,0.0,0.7433868994150641,-0.29653864379906325,0.0,92484.0390625,511.4621887207031
2025-01-10,0.02369326562915915,-0.015805115459675764,0.004295589631027971,19.540000915527344,1.8400001525878906,0.0644400090877697,0.031758239660537965,-0.002493458562014586,0.7619524274317119,-0.27187115643637794,-0.02186827763648104,94701.453125,503.4420166015625
2025-01-11,-0.0014250624978636736,0.0,0.0,19.540000915527344,0.0,0.0816448461748681,0.047688959502760885,0.0,0.7619524274317119,-0.27187115643637794,0.0,94566.59375,503.4420166015625
2025-01-12,-0.0008268095689983134,0.0,0.0,19.540000915527344,0.0,0.0916381964724519,0.057942303439069254,0.0,0.7619524274317119,-0.27187115643637794,0.0,94488.4375,503.4420166015625
2025-01-13,0.000297197889065057,-0.003219134843165699,0.002823166191240025,19.190000534057617,-0.35000038146972656,-0.077640194360857,-0.10509017778246685,-0.028911011826928172,0.7473818595460155,-0.29117903363818626,-0.012062894759088732,94516.5234375,501.823974609375
2025-01-14,0.02112109307155958,-0.0009498684149931034,-0.0062948021098447925,18.709999084472656,-0.48000144958496094,0.046112616678798,0.009460271578303009,0.033163844979712864,0.7622027460472528,-0.27154268775792945,-0.007372550309132596,96534.046875,501.3475341796875
2025-01-15,0.04030666140622702,0.02274558072565385,-0.0016486568211475621,16.1200008392334,-2.589998245239258,-0.0530713218275769,-0.08595412241783879,0.06777539475747357,0.7535622554190688,-0.28294364267087885,0.029355578817102528,100504.4921875,512.8816528320312
2025-01-16,-0.007466135920999606,-0.0070305626562748086,-0.0011923620412638027,16.600000381469727,0.4799995422363281,0.1134470326459227,0.08073741270829304,-0.010091955138029973,0.7465513256619446,-0.2922909092934805,-0.011929358705619206,99756.90625,509.2884521484375
2025-01-17,0.046087453886957834,0.016737490533500772,0.003572899169909148,15.970000267028809,-0.630000114440918,0.093962661825195,0.06143342094199662,0.050843028615207446,0.7392074343610482,-0.30217670139862424,0.02047541766909779,104462.0390625,517.8843994140625
2025-01-18,-0.0005167685444558994,0.0,0.0,15.970000267028809,0.0,0.1002140564295758,0.06029903574308115,0.0,0.7392074343610482,-0.30217670139862424,0.0,104408.0703125,517.8843994140625
2025-01-19,-0.032299629277246486,0.0,0.0,15.970000267028809,0.0,0.4974268652425486,0.43620108891080817,0.0,0.7392074343610482,-0.30217670139862424,0.0,101089.609375,517.8843994140625
2025-01-20,0.009128828074566006,0.0,0.0,15.970000267028809,0.0,0.3838591627149149,0.3072678435944761,0.0,0.7392074343610482,-0.30217670139862424,0.0,102016.6640625,517.8843994140625
2025-01-21,0.03968183425876291,0.005848028294415602,-0.011867127345836495,15.0600004196167,-0.9099998474121094,0.0286850647271652,-0.04257436903525716,-0.044520218800048535,0.7406380363461911,-0.30024325299590926,0.010583583019367343,106146.265625,520.921875
2025-01-22,-0.023768546993042258,0.012704631309804443,0.0010174408917753878,15.100000381469728,0.03999996185302912,0.0899457799165229,0.009705268734074068,0.03438116426264819,0.7700704842730716,-0.26127323030678007,0.04191602147573343,103653.0703125,527.5822143554688
2025-01-23,0.002958402684215798,0.0021238649043408392,-0.001109935517798021,15.020000457763672,-0.07999992370605646,-0.0629285464039639,-0.1393530647032974,0.013694552918218481,0.7846674050636042,-0.2424953387978368,0.0010807332946140614,103960.171875,528.7039184570312
2025-01-24,0.00823181116278129,-0.00566719303658972,-0.00566153625841495,14.850000381469728,-0.17000007629394354,0.0275348377947981,-0.05060991296964801,0.02858794672671496,0.7905015497313648,-0.2350876618900478,-0.018847077133812416,104819.484375,525.7161254882812
2025-01-25,-0.0010006574570037008,0.0,0.0,14.850000381469728,0.0,0.0395763039062631,-0.041017211428325914,0.0,0.7905015497313648,-0.2350876618900478,0.0,104714.6484375,525.7161254882812
2025-01-26,-0.019597313563924395,0.0,0.0,14.850000381469728,0.0,0.2778467606456796,0.18970543632816386,0.0,0.7905015497313648,-0.2350876618900478,0.0,102682.5,525.7161254882812
2025-01-27,-0.005809577851448121,-0.02954681102040562,-0.0009312423066506077,17.899999618530273,3.049999237060545,-0.0696680488526101,-0.157990712342515,-0.23126608256072048,0.644275166695336,-0.43962936665758107,-0.10378588364385938,102087.6875,510.4101257324219
2025-01-28,-0.007425167615395995,0.014671707143366268,0.004925491217531532,16.40999984741211,-1.489999771118164,-0.0150960363537202,-0.09847599131681116,-0.003973391520073281,0.6630157936336241,-0.4109564676114883,0.05708457331928057,101332.4765625,517.9539184570312
2025-01-29,0.023126120746530303,-0.0018797653169430962,0.0012044032749184798,16.559999465942383,0.14999961853027344,0.0707930707606012,-0.004965181130294163,0.01120051896034964,0.6558897048660073,-0.42176263700016453,-0.02641269860189529,103703.2109375,516.981201171875
2025-01-30,0.009903181107726793,0.004253286953251823,-0.0018535403398817262,15.84000015258789,-0.7199993133544922,0.0257443634507496,-0.047914513747501594,0.05231698008658541,0.655648050498064,-0.42213114239726746,-0.028075576058656508,104735.3046875,519.1847534179688
2025-01-31,-0.022500491172309005,-0.0014539757096206972,0.005273636495052543,16.43000030517578,0.5900001525878906,0.3345978434438069,0.2485158103624303,0.006585148423589049,0.6704377965572967,-0.39982435229059343,-0.018633149898338846,102405.0234375,518.430419921875
2025-02-01,-0.017227936971828707,0.0,0.0,16.43000030517578,0.0,0.5489385403054776,0.4499385415597599,0.0,0.6704377965572967,-0.39982435229059343,0.0,100655.90625,518.430419921875
2025-02-02,-0.029919108206548826,0.0,0.0,16.43000030517578,0.0,0.930064636738936,0.8046393857802676,0.0,0.6704377965572967,-0.39982435229059343,0.0,97688.9765625,518.430419921875
2025-02-03,0.03733783666464687,-0.008035410245138885,0.0057047920215867,18.6200008392334,2.190000534057617,0.0662187225874109,-0.05736735491326121,0.01650951766530199,0.691339747916564,-0.36912390033598363,-0.0194177482408397,101405.421875,514.2813110351562
2025-02-04,-0.03546789334061943,0.012200628806163176,-0.009495335631419067,17.209999084472656,-1.4100017547607422,0.1610081042703095,0.0357779783339712,0.007580103329101288,0.6883276202909436,-0.37349036210900965,0.010218236985094307,97871.8203125,520.5942993164062
2025-02-05,-0.012920048753753386,0.00452755991574517,-0.0035260058040612044,15.770000457763672,-1.4399986267089844,0.1359477897919563,0.010386439835600753,-0.0134997245766114,0.7382292542713591,-0.3035008599769828,0.02650164081928418,96615.4453125,522.9566650390625
2025-02-06,-0.00022926951799646017,0.005206121519608399,0.0010219781459791803,15.5,-0.2700004577636719,0.0859318168914089,-0.04306222776417355,0.008623894915418056,0.7545759404313224,-0.28159935583072615,0.018239371646000643,96593.296875,525.6863403320312
2025-02-07,-0.0006649766736617645,-0.012693358596354393,0.003244785386905564,16.540000915527344,1.0400009155273438,-0.0670163939414957,-0.19720035205953368,0.021979344953434343,0.7564167173681104,-0.279162841215053,-0.0028655678571096986,96529.0859375,519.0557861328125
2025-02-08,-0.00048321269944663663,0.0,0.0,16.540000915527344,0.0,-0.0612488313532399,-0.19087915500022878,0.0,0.7564167173681104,-0.279162841215053,0.0,96482.453125,519.0557861328125
2025-02-09,0.00018282093727943363,0.0,0.0,16.540000915527344,0.0,-0.0634312855266008,-0.188799232686444,0.0,0.7564167173681104,-0.279162841215053,0.0,96500.09375,519.0557861328125
2025-02-10,0.009667728227994938,0.012032266741720803,0.002588268948229605,15.8100004196167,-0.7300004959106445,0.0298585464232019,-0.0937831907449191,0.007787261714140134,0.7786201405359708,-0.2502319765113027,0.017166534426320115,97437.5546875,525.3389282226562
2025-02-11,-0.01749792436938306,-0.0023835326483586427,-0.003329026677052903,16.020000457763672,0.21000003814697266,-0.0404100273253092,-0.15965015703350482,-0.053009929965452944,0.7863247893727263,-0.24038535387253127,-0.0038376735292903917,95747.4296875,524.0882568359375
2025-02-12,0.022088315919347463,0.0005867846489472008,-0.0001852398608825437,15.890000343322754,-0.13000011444091797,-0.0601753157974969,-0.17999760812447121,0.014803792466028422,0.7898206810612807,-0.23594934528466946,-0.00921459960182279,97885.859375,524.3958740234375
2025-02-13,-0.012976316589520155,0.014283592271018653,-0.005853720620606285,15.100000381469728,-0.7899999618530256,-0.0141414982630375,-0.13195532009195063,0.03289756456243525,0.7663903582351491,-0.2660636329955032,0.01740775931287169,96623.8671875,531.9398803710938
2025-02-14,0.009118577917229297,0.004189688079312486,-0.006919775818822465,14.770000457763672,-0.32999992370605646,0.0056648635205671,-0.11410683115328416,-0.0017081926625490934,0.7660700853258443,-0.2664816182235245,0.01041041138404697,97508.96875,534.1732177734375
2025-02-15,0.0007317962415499838,0.0,0.0,14.770000457763672,0.0,-0.0031176230166085,-0.11900382916837539,0.0,0.7660700853258443,-0.2664816182235245,0.0,97580.3515625,534.1732177734375
2025-02-16,-0.014506383627455663,0.0,0.0,14.770000457763672,0.0,0.1721821639647244,0.053688641074973203,0.0,0.7660700853258443,-0.2664816182235245,0.0,96175.03125,534.1732177734375
2025-02-17,-0.004184968400662239,0.0,0.0,14.770000457763672,0.0,0.2232291020967219,0.1006350776847325,0.0,0.7660700853258443,-0.2664816182235245,0.0,95773.3828125,534.1732177734375
2025-02-18,-0.0024445399934847232,0.002264372249544458,0.00449400017422422,15.350000381469728,0.5799999237060565,-0.1864627066245964,-0.28626041197434765,-0.03213064679256974,0.7978243826818512,-0.22586677757894041,0.0034556589173781443,95539.546875,535.3841552734375
2025-02-19,0.01140703518992484,0.00027801355788663996,0.0011202980959194296,15.270000457763672,-0.07999992370605646,-0.0410543538314599,-0.12668827529633198,-0.005963752541441541,0.7988181534196319,-0.22462195183537054,0.005612646328795049,96635.609375,535.5330200195312
2025-02-20,0.01742191135803241,-0.004253650515881379,-0.007774868000939421,15.65999984741211,0.3899993896484375,0.0452819251746122,-0.040905224971841445,-0.010310487554800782,0.7630949041081885,-0.2703728725909218,0.005788695868499677,98333.9375,533.2598876953125
2025-02-21,-0.02271409470424543,-0.02097283007129648,0.002535848049020328,18.209999084472656,2.549999237060547,-0.1810815445620839,-0.25823445055925065,-0.09875143061609391,0.7494908441854599,-0.2883611774107506,-0.030300153881387275,96125.546875,522.1923828125
2025-02-22,0.00469334730219672,0.0,0.0,18.209999084472656,0.0,-0.2364218663507295,-0.3077916616830041,0.0,0.7494908441854599,-0.2883611774107506,0.0,96577.7578125,522.1923828125
2025-02-23,-0.0031509830703417255,0.0,0.0,18.209999084472656,0.0,-0.1992965709334254,-0.2631053193080925,0.0,0.7494908441854599,-0.2883611774107506,0.0,96273.921875,522.1923828125
2025-02-24,-0.05175320553649131,-0.011874539410884339,-9.382426978808298e-05,18.979999542236328,0.7700004577636719,0.3375908407159886,0.26384827444766396,-0.06156054598456674,0.7312385523805622,-0.31301553542279786,-0.02086211706954779,91418.171875,516.0282592773438
2025-02-25,-0.029776669354997204,-0.01267926876165077,-0.002724166082142097,19.43000030517578,0.4500007629394531,-0.1069920225246363,-0.1679066293539504,-0.0982459120459095,0.7433924550799925,-0.2965311703768481,-0.021815507824785876,88736.171875,509.5267028808594
2025-02-26,-0.05072808622097089,0.002412730705613563,0.0010341806267557525,19.100000381469727,-0.3299999237060547,-0.0088240369329867,-0.07176677749295492,-0.007323259718225381,0.7594807186240737,-0.27512034420197495,0.020325891279022682,84347.0234375,510.7575378417969
2025-02-27,0.00422598066095089,-0.028164248193084777,0.007675781485371319,21.1299991607666,2.029998779296875,-0.1883107773639911,-0.24547969322361696,-0.01680085828901571,0.7569965843812819,-0.2783965376007303,-0.05338392081058023,84704.2265625,496.5731201171875
2025-02-28,-0.003917962993897036,0.015668131110012428,0.003444292436517912,19.6299991607666,-1.5,-0.1109726201868655,-0.1620826796815758,0.06488923305659998,0.7563321575222935,-0.279274637491763,0.0251153069785862,84373.0078125,504.4147644042969
2025-03-01,0.019470783362415745,0.0,0.0,19.6299991607666,0.0,-0.3402222194979425,-0.3791333928943631,0.0,0.7563321575222935,-0.279274637491763,0.0,86031.9140625,504.4147644042969
2025-03-02,0.09121501495686515,0.0,0.0,19.6299991607666,0.0,-1.3567050948918289,-1.3392395036770617,0.0,0.7563321575222935,-0.279274637491763,0.0,94248.3515625,504.4147644042969
2025-03-03,-0.09082270482945609,-0.022125505915205172,-0.008023933775452064,22.780000686645508,3.1500015258789062,0.0347634246595486,0.06936818639584687,-0.06460509826451857,0.7023653379107194,-0.35330158595588057,-0.05629628138513066,86065.671875,493.37689208984375
2025-03-04,0.013348200634372372,-0.0030224437583397912,-0.009506421504101472,23.51000022888184,0.7299995422363317,0.0148317322828791,0.07994425750104592,-0.026032852213090502,0.6838088884786747,-0.3800768032087786,0.008544057200073328,87222.1953125,491.887939453125
2025-03-05,0.03825541905303624,0.012951845526300044,0.0,21.93000030517578,-1.5799999237060582,0.0412392748298766,0.1071844483066279,0.06648667082346936,0.6563748264085689,-0.4210232714940494,0.02133297290601461,90623.5625,498.30023193359375
2025-03-06,-0.007329931515325766,-0.027894819529733363,-0.016015598203999802,24.8700008392334,2.940000534057617,-0.0669253356961437,0.006617619112822715,-0.08415610949817068,0.6005421770114454,-0.509922403439897,-0.03471903397803057,89961.7265625,484.5923156738281
2025-03-07,-0.0364383782693103,0.007326587567482651,-0.0021164147117003207,23.3700008392334,-1.5,0.070183882608239,0.14591896765666268,0.0382007653751932,0.5743527926049763,-0.5545114502018369,0.004965413592492402,86742.671875,488.15576171875
2025-03-08,-0.006802656950121629,0.0,0.0,23.3700008392334,0.0,0.1525731180178654,0.22608682636207383,0.0,0.5743527926049763,-0.5545114502018369,0.0,86154.59375,488.15576171875
2025-03-09,-0.06663174322153219,0.0,0.0,23.3700008392334,0.0,0.9899069810766437,1.0281899102535808,0.0,0.5743527926049763,-0.5545114502018369,0.0,80601.0390625,488.15576171875
2025-03-10,-0.026005355987276976,-0.03952741399120446,0.0006739574187112884,27.86000061035156,4.4899997711181605,0.0753323485967503,0.10906257177535442,-0.12793756900858697,0.6113989694058313,-0.4920055551568019,-0.04300236392090917,78532.0,469.2366027832031
2025-03-11,0.05367293406512474,-0.0023931534175432624,-0.004533417041893521,26.920000076293945,-0.9400005340576136,0.0771578344056299,0.106201753586493,0.03574100707212925,0.6433447291990488,-0.4410745721272977,0.00863216453148608,82862.2109375,468.114990234375
2025-03-12,0.010326959815815329,0.011217623260085395,0.00164209808876602,24.229999542236328,-2.690000534057617,-0.0813201222567672,-0.048570247453238465,0.00589385104293961,0.6613902211987853,-0.41341126354709234,0.034839809098810195,83722.359375,473.3956909179688
2025-03-13,-0.032233767760911476,-0.018154377034524567,0.0021211077959679683,24.65999984741211,0.43000030517578125,-0.1216336315638221,-0.08617630328567627,-0.05789120174115662,0.6774668615729783,-0.3893946402319636,-0.00659707191345798,81066.703125,464.8790283203125
2025-03-14,0.03517658147592443,0.023883080946358194,-0.001059991510803993,21.770000457763672,-2.8899993896484375,0.1244598436273759,0.15376266659135931,0.0509430861873199,0.6655160604250938,-0.40719250856800027,0.038434030284539594,83969.1015625,476.1154174804688
2025-03-15,0.00444422215127116,0.0,0.0,21.770000457763672,0.0,0.0706956092108146,0.09717052859233627,0.0,0.6655160604250938,-0.40719250856800027,0.0,84343.109375,476.1154174804688
2025-03-16,-0.021129378542194648,0.0,0.0,21.770000457763672,0.0,0.3284554691491173,0.34417070167635394,0.0,0.6655160604250938,-0.40719250856800027,0.0,82579.6875,476.1154174804688
2025-03-17,0.017953698574085318,0.006462804794188541,-0.0033801612888889193,20.51000022888184,-1.2600002288818324,0.0762616422256434,0.089330899244805,0.004913882414862409,0.6714038082446251,-0.3983845223572261,-0.0086924149669914,84075.6875,479.2024230957031
2025-03-18,-0.01627415768219446,-0.01719438726559797,-0.0012584569922658136,21.700000762939453,1.1900005340576136,-0.0708668556610673,-0.04969596465437931,-0.08062573648966852,0.6492978819531285,-0.43186368151963817,-0.024159581903150314,82718.5,471.03326416015625
2025-03-19,0.048787879453061046,0.013292629557824332,0.0018387041817408138,19.899999618530277,-1.8000011444091761,-0.168451430967171,-0.13422452219168657,0.06882643726846331,0.677259885257692,-0.38970020195115296,0.014546909837302982,86854.2265625,477.3363342285156
2025-03-20,-0.0314259156183106,-0.0033953613211431884,0.004052477288750489,19.799999237060547,-0.10000038146973012,0.0039642077743137,0.031843552736501114,-0.013494002522019896,0.6786861861314851,-0.38759642890303664,0.003013680671193635,84167.1953125,475.7183532714844
2025-03-21,-0.0014737866362900664,0.0032913368029757035,0.0023083387162157326,19.280000686645508,-0.5199985504150391,-0.0125995406940344,0.014331310496905501,-0.010591565007713143,0.6791501759051763,-0.38691300370582815,0.002167025853299468,84043.2421875,477.2866821289063
2025-03-22,-0.0025108802510379665,0.0,0.0,19.280000686645508,0.0,0.017537205427714,0.04539288061021717,0.0,0.6791501759051763,-0.38691300370582815,0.0,83832.484375,477.2866821289063
2025-03-23,0.02615878981767563,0.0,0.0,19.280000686645508,0.0,-0.2927509496176109,-0.2611729609332568,0.0,0.6791501759051763,-0.38691300370582815,0.0,86054.375,477.2866821289063
2025-03-24,0.016647018673748026,0.021706931315997352,0.0016319254841815093,17.479999542236328,-1.8000011444091797,0.1256362020921509,0.14514558849507564,0.10857738400614084,0.6372976518798356,-0.4505184611503403,0.01783754940372013,87498.9140625,487.7603759765625
2025-03-25,-0.0003110343685901033,0.0056904910365608375,-0.0007676245830556807,17.149999618530273,-0.3299999237060547,0.0937396004314966,0.10348111445559059,-0.039227957741019885,0.6141632281594195,-0.48749454225737554,-0.0003351535984739604,87471.703125,490.54388427734375
2025-03-26,-0.006547157036869115,-0.01857219601128231,0.0035452798177417547,18.32999992370605,1.1800003051757777,-0.051905039442835,-0.029180329413446882,-0.09283806863836795,0.5786648866665565,-0.5470317484717391,-0.036177635444322724,86900.8828125,481.5174865722656
2025-03-27,0.0031735085032361422,-0.00571422390242405,-0.004601708346740537,18.690000534057617,0.36000061035156605,-0.0209369056470803,-0.0010806995136107243,-0.016359484981374395,0.5903264451132316,-0.5270795982925218,-0.009565726363361074,87177.1015625,478.7738342285156
2025-03-28,-0.032929565500329085,-0.026680604321197246,-0.00028829733714552295,21.649999618530277,2.95999908447266,-0.0216444944121176,-0.0013609396960103277,-0.07194844253396802,0.6010343596664465,-0.5091031752550848,-0.023272611259537456,84353.1484375,466.1687622070313
2025-03-29,-0.02103168000812764,0.0,0.0,21.649999618530277,0.0,0.2329483184237281,0.23918990328024473,0.0,0.6010343596664465,-0.5091031752550848,0.0,82597.5859375,466.1687622070313
2025-03-30,-0.0031899515997126566,0.0,0.0,21.649999618530277,0.0,0.2720331376788993,0.26550786393989045,0.0,0.6010343596664465,-0.5091031752550848,0.0,82334.5234375,466.1687622070313
2025-03-31,0.002600512811616096,-4.261839986240741e-05,0.001632635838714539,22.280000686645508,0.6300010681152308,0.0234167980518368,0.0047702237278352995,-0.03183071244989655,0.6337805899085411,-0.45605245714134923,-0.010437582351215731,82548.9140625,466.1488952636719
2025-04-01,0.03124852053156838,0.00802875533817109,0.000479714610485497,21.770000457763672,-0.5100002288818359,0.0254779687559337,-0.039241374356326554,0.07303704547730358,0.6503340736345248,-0.4302690886866382,0.017076064337756297,85169.171875,469.9065551757813
2025-04-02,-0.03201445832298525,0.007271958824238602,-0.004325518142285579,21.51000022888184,-0.2600002288818324,0.7112925145842022,0.6240222018077868,0.04945979976714547,0.6380885344827644,-0.44927823648308157,0.001158611372574493,82485.7109375,473.3361511230469
2025-04-03,0.007453656492041082,-0.05501966703422548,-0.016903432261588695,30.020000457763672,8.510000228881832,-0.1354218352601944,-0.217683695785174,-0.1149548160403954,0.6106399540795148,-0.49324776669250997,-0.05259742351906042,83102.828125,447.996826171875
2025-04-04,0.008876865806506007,-0.06412142262066911,0.009264262126638117,45.310001373291016,15.290000915527344,0.0724483314257994,-0.010853830985710952,-0.022147715844665242,0.6102484336380772,-0.4938891364668439,-0.05631834149906777,83843.8046875,420.1722412109375
2025-04-05,-0.004051522069073574,0.0,0.0,45.310001373291016,0.0,0.1214593398171175,0.03187768822183179,0.0,0.6102484336380772,-0.4938891364668439,0.0,83504.796875,420.1722412109375
2025-04-06,-0.06544922522509501,0.0,0.0,45.310001373291016,0.0,0.941336992608666,0.8227169040133661,0.0,0.6102484336380772,-0.4938891364668439,0.0,78214.484375,420.1722412109375
2025-04-07,0.012967507560798076,0.0024101893041747506,0.0023269885872053077,46.97999954223633,1.6699981689453125,-0.1499839826434761,-0.25851883455006464,0.008728824495222722,0.6034883742850816,-0.5050285024493523,0.014591108069456182,79235.3359375,421.1861572265625
2025-04-08,-0.03811707626174969,-0.018172551493845265,-0.0029095457435797823,52.33000183105469,5.350002288818359,0.0854385161649156,0.007052613088717977,-0.09290149668275283,0.5911764830807559,-0.5256406884195047,-0.011541542632106765,76271.953125,413.6012573242188
2025-04-09,0.07938900944238107,0.1133562673491759,-0.0005828967270440143,33.619998931884766,-18.710002899169922,0.0059651074141304,-0.07010855428931324,0.13390856839463686,0.5853926390379618,-0.5354724790467258,0.13407274081360107,82573.953125,463.2461853027344
2025-04-10,-0.0363518545774045,-0.04346332862830613,-0.019925071373086554,40.720001220703125,7.100002288818359,0.0103774023645265,-0.06347024493754702,-0.08717136626586074,0.5670303990194177,-0.5673423629006928,-0.042315936531955645,79626.140625,443.5432434082031
2025-04-11,0.04636385379527456,0.01825546442688671,-0.010864836096727167,37.560001373291016,-3.1599998474121094,0.0992984238492615,0.019430158343653692,0.05159710139450118,0.5570742632033645,-0.5850567208265673,0.024602280521978256,83404.8359375,451.7146911621094
2025-04-12,0.022317029488567466,0.0,0.0,37.560001373291016,0.0,-0.1677312386928344,-0.24606291729414181,0.0,0.5570742632033645,-0.5850567208265673,0.0,85287.109375,451.7146911621094
2025-04-13,-0.018963852136872177,0.0,0.0,37.560001373291016,0.0,0.0587952754736723,-0.017347584189178318,0.0,0.5570742632033645,-0.5850567208265673,0.0,83684.9765625,451.7146911621094
2025-04-14,0.010193602875445013,0.00675523246228023,-0.0014040659305332658,30.88999938964844,-6.670001983642575,0.0883735655541145,0.011641440679820564,0.018448073516203096,0.5508291216585709,-0.5963306419592564,-0.0018171233796928704,84542.390625,454.7764587402344
2025-04-15,-0.010384627625774925,0.0011141872628237068,0.00580409744340135,30.1200008392334,-0.7699985504150426,0.0704214739051233,0.002290482205629149,-0.05330908723090917,0.5524422376608006,-0.5934063982759412,0.0039954592980665565,83668.9921875,455.283447265625
2025-04-16,0.004351453244225117,-0.030617407663755834,-0.008416923174810033,32.63999938964844,2.519998550415039,0.0715615495426648,0.0035872275992699515,-0.011263292948355168,0.5531587008472456,-0.5921103369905677,-0.054242191710192275,84033.8671875,441.5550842285156
2025-04-17,0.010204134780153822,-0.00018005782565960139,0.0,29.649999618530277,-2.9899997711181605,0.0302842015059646,-0.04106182234299799,0.020336745823749978,0.5471273041324682,-0.6030737721343329,-0.01974565503183282,84895.75,441.4755859375
2025-04-18,-0.005254861395886236,0.0,0.0,29.649999618530277,0.0,0.0936680684011392,0.013584727906566271,0.0,0.5471273041324682,-0.6030737721343329,0.0,84450.8046875,441.4755859375
2025-04-19,0.007227854353502602,0.0,0.0,29.649999618530277,0.0,0.0065719352574921,-0.0735983294865201,0.0,0.5471273041324682,-0.6030737721343329,0.0,85063.4140625,441.4755859375
2025-04-20,0.0013027740444132617,0.0,0.0,29.649999618530277,0.0,-0.0090597305470372,-0.08934798896261599,0.0,0.5471273041324682,-0.6030737721343329,0.0,85174.3046875,441.4755859375
2025-04-21,0.027155041278542923,-0.025058082768250427,-0.0111303233046916,33.81999969482422,4.170000076293942,0.0022066660596549,-0.07757057437698858,-0.024168511098156854,0.5431861900489154,-0.6103031263875678,-0.03500287466963544,87518.90625,430.5505065917969
2025-04-22,0.06548491099549585,0.02591329330790693,0.006490888910444057,30.56999969482422,-3.25,-0.2288340631485377,-0.3107418664674836,0.13074281114763797,0.5218697734986938,-0.6503371982799684,0.020720014399800722,93441.890625,441.8533020019531
2025-04-23,0.0027489316822658697,0.022424825355543732,0.009257443798579927,28.450000762939453,-2.1199989318847656,-0.0120525425218322,-0.08937072102031202,0.02824514123531585,0.5249180246572026,-0.6445131720922705,0.029164098618531666,93699.109375,451.8737182617188
2025-04-24,0.0026080137382399186,0.027748656362776476,-0.00552399767509208,26.46999931335449,-1.9800014495849645,-0.0407218212085916,-0.11355795231906848,0.035733691208383614,0.5502283250604834,-0.5974219504273196,0.03473971318129094,93943.796875,464.5881958007813
2025-04-25,0.008233751969906927,0.011086190238466216,0.001811233170152248,24.84000015258789,-1.629999160766598,0.0514988835574136,-0.024784044986404893,0.026247143858489398,0.5743243291965255,-0.5545610087904366,0.026906274978321335,94720.5,469.7673645019531
2025-04-26,-0.0007770112983303527,0.0,0.0,24.84000015258789,0.0,0.0608666733196822,-0.018143041189695043,0.0,0.5743243291965255,-0.5545610087904366,0.0,94646.9296875,469.7673645019531
2025-04-27,-0.009470108357138424,0.0,0.0,24.84000015258789,0.0,0.1756269259421596,0.0900414974209731,0.0,0.5743243291965255,-0.5545610087904366,0.0,93754.84375,469.7673645019531
2025-04-28,0.012969852186459676,-0.0003174604438855153,-0.004635226726066359,25.149999618530277,0.30999946594238637,0.0664885566508297,-0.013548213144593493,-0.017181467068199827,0.5842436145727622,-0.5374372348950176,-0.011257493366792378,94978.75,469.6182556152344
2025-04-29,-0.0073333094254447225,0.006582784254847471,0.002320260587368922,24.170000076293945,-0.9799995422363317,0.21575623652841,0.1375953634380031,-0.009768988525694524,0.5811170233846142,-0.5428031252267213,0.00499967579935559,94284.7890625,472.7198486328125
2025-04-30,-0.0008220669855229902,-0.00012615317349098346,0.002314966138697308,24.700000762939453,0.5300006866455078,0.0621209738893676,-0.01733003839562365,-0.04206943466998493,0.5903405366230657,-0.5270557278700356,0.0010868011348713993,94207.3125,472.66021728515625
2025-05-01,0.023965778896188162,0.012976092269243152,0.00781096275028283,24.600000381469727,-0.10000038146972656,0.0886284767273048,0.007072447509934507,0.07391862260134248,0.5956051144029921,-0.5181773912330058,0.04894152071671995,96492.3359375,478.8334655761719
2025-05-02,0.004319853436324106,0.014734810626455902,-0.0024968801985871545,22.68000030517578,-1.9200000762939453,0.0736678471801619,0.013365973542926284,0.024965990172737273,0.5833333283161074,-0.5389965093336457,0.02426196735961339,96910.0703125,485.9412231445313
2025-05-03,-0.010562998380901132,0.0,0.0,22.68000030517578,0.0,0.2018779304473222,0.1303327312865027,0.0,0.5833333283161074,-0.5389965093336457,0.0,95891.796875,485.9412231445313
2025-05-04,-0.016569841900567834,0.0,0.0,22.68000030517578,0.0,0.4057454807207653,0.3230903765834469,0.0,0.5833333283161074,-0.5389965093336457,0.0,94315.9765625,485.9412231445313
2025-05-05,0.004570714740087168,-0.005950223554123499,-0.001701428298030056,23.63999938964844,0.9599990844726598,-0.0022866564460302,-0.08081689404124363,-0.06119013430431131,0.6165749594151405,-0.4835753750989026,-0.001957009508475544,94748.0546875,483.058349609375
2025-05-06,0.021451265529472022,-0.009345213754663762,-0.005927620392362942,24.76000022888184,1.1200008392333984,-0.1726166451868765,-0.21401509485557185,0.019702423433688738,0.6395188906414612,-0.4470391186943504,-0.004520865668826006,96802.4765625,478.5650939941406
2025-05-07,0.002371543824223951,0.00391818353702428,0.0037214299867884006,23.549999237060547,-1.2100009918212926,-0.0466632533924545,-0.09150572736951725,-0.0035769430509583642,0.634246570667153,-0.4553174874276463,0.015311821519290301,97032.3203125,480.4438781738281
2025-05-08,0.062026403533745514,0.01027203705763693,0.01028721960294191,22.479999542236328,-1.0699996948242188,-0.1698690728584015,-0.20620129386802033,0.06285729265330235,0.6252785648989798,-0.4695580247038202,0.006853041738600624,103241.4609375,485.4044494628906
2025-05-09,-0.002624571996284568,-0.0006556389379481974,-0.002985404328326501,21.899999618530277,-0.5799999237060511,0.0773984203205564,0.038685088880723355,0.004374011883632188,0.5792464081998197,-0.5460273164660544,-0.002438050342214895,102970.8515625,485.0863037109375
2025-05-10,0.016618093181868365,0.0,0.0,21.899999618530277,0.0,-0.1216464581718108,-0.1559589942604326,0.0,0.5792464081998197,-0.5460273164660544,0.0,104696.328125,485.0863037109375
2025-05-11,-0.005650983970075977,0.0,0.0,21.899999618530277,0.0,-0.0543320555435569,-0.08352357565241808,0.0,0.5792464081998197,-0.5460273164660544,0.0,104106.359375,485.0863037109375
2025-05-12,-0.012501714607270616,0.03993224958021594,0.014347493899422074,18.38999938964844,-3.510000228881836,-0.0814628628536439,-0.1135299954904781,0.057969396350609034,0.6089874719696413,-0.4959575829622573,0.03836190787377214,102812.953125,504.8488464355469
2025-05-13,0.013111031807523908,0.015125954810408843,-0.007791359617264837,18.21999931335449,-0.17000007629395242,0.1261617899139446,0.09184910679576799,0.05716466107133307,0.6263053568150929,-0.4679172363736753,0.027272195861526547,104169.8125,512.543212890625
2025-05-14,-0.006070027639406428,0.005975081981296822,0.00039597026201491843,18.6200008392334,0.4000015258789098,0.0093397404143726,-0.022338481865812616,-0.025624717771392132,0.6382669369122937,-0.4489986867264668,0.024609585183650064,103539.4140625,515.6148681640625
2025-05-15,0.0019801487371228356,0.001098140004291446,-0.0015848226728401341,17.829999923706055,-0.7900009155273438,-0.0282972448727396,-0.056684843193662716,-0.022031648679314408,0.645524610478874,-0.4376919431962399,-0.0007608861235541796,103744.640625,516.181396484375
2025-05-16,-0.002464381118651062,0.00434322039835961,0.002079508509303649,17.239999771118164,-0.5900001525878906,0.1084994529551631,0.0788805911871567,0.07593499613510157,0.656801386241942,-0.42037361024635606,0.0033656848443780005,103489.2890625,518.4281616210938
2025-05-17,-0.0028856472892223486,0.0,0.0,17.239999771118164,0.0,0.1434907736019773,0.11009835943077047,0.0,0.656801386241942,-0.42037361024635606,0.0,103191.0859375,518.4281616210938
2025-05-18,0.031055414958406476,0.0,0.0,17.239999771118164,0.0,-0.2278346952449265,-0.25051035062793114,0.0,0.656801386241942,-0.42037361024635606,0.0,106446.0078125,518.4281616210938
2025-05-19,-0.007920998372646527,0.000958225707273547,-0.006550202495798609,18.13999938964844,0.899999618530277,0.031114123810966,0.007620395476178907,0.0042386437012534575,0.665812703305623,-0.4067468742611035,0.005664985999433438,105606.1796875,518.9251708984375
2025-05-20,0.011157568710076757,-0.0033388737294311964,-0.0030914764474649953,18.09000015258789,-0.04999923706055043,0.0639282641436525,0.038001602652509084,-0.0057586271692885065,0.6734635086882549,-0.3953214662057492,-0.005171527340742118,106791.0859375,517.1954345703125
2025-05-21,0.026675054496876065,-0.013994236889575152,-0.005609041019042132,20.8700008392334,2.780000686645508,-0.0785657229531254,-0.10179997147717615,-0.0070820228337455425,0.6777809769468217,-0.3889310860826187,-0.01584198881989157,109678.078125,510.0080871582031
2025-05-22,0.01802796394236439,0.001869607281535052,0.0040096438303826925,20.280000686645508,-0.5900001525878906,-0.025067544972849,-0.05509401076942269,0.012300080887341592,0.7022635070286297,-0.3534465792509207,0.006415815937263671,111673.28125,510.9624938964844
2025-05-23,-0.04006256233899459,-0.009303971765663478,-0.008539746230872808,22.290000915527344,2.010000228881836,0.1786450841406561,0.14226203078866612,-0.03684271085370908,0.7270220803073263,-0.31879843009782866,-0.011001800558505526,107287.796875,506.2305603027344
2025-05-24,0.004680702474076876,0.0,0.0,22.290000915527344,0.0,0.1217736728749488,0.07997410305350747,0.0,0.7270220803073263,-0.31879843009782866,0.0,107791.15625,506.2305603027344
2025-05-25,0.011476897551184374,0.0,0.0,22.290000915527344,0.0,-0.0165513920723847,-0.05608261937283274,0.0,0.7270220803073263,-0.31879843009782866,0.0,109035.390625,506.2305603027344
2025-05-26,0.0037072948540294247,0.0,-0.0018178181570457912,22.290000915527344,0.0,-0.0608953206323049,-0.09636781480102004,0.0,0.7270220803073263,-0.31879843009782866,0.0,109440.3671875,506.2305603027344
2025-05-27,-0.00408109657520394,0.023252932613049563,0.005946062839726759,18.959999084472656,-3.3300018310546875,0.1134396372986802,0.08004005275141438,0.046754845708788725,0.6901805641284884,-0.3708020284822032,0.027320417338318866,108994.640625,518.1398315429688
2025-05-28,-0.010999457493792041,-0.004441951273045786,0.0036108426531303267,19.309999465942383,0.35000038146972656,-0.0887544607469487,-0.11697927804762191,-0.06524630946347462,0.7242658351137464,-0.3225967784174018,-0.006179906020209353,107802.328125,515.8433837890625
2025-05-29,-0.020245528009254558,0.001963857113855504,-0.006025309311960677,19.18000030517578,-0.12999916076660156,0.0003682847654717,-0.020676934143103565,-0.026696400466807577,0.7263224671654492,-0.3197611931221007,0.017427795098872496,105641.7578125,516.857421875
2025-05-30,-0.015676574887611795,-0.0015784412544863678,0.0005035300605269822,18.56999969482422,-0.6100006103515625,0.1688595929466278,0.1442564200694772,-0.02355185358990119,0.7323166825674274,-0.3115422321184353,-0.012973352431673628,103998.5703125,516.042236328125
2025-05-31,0.006130518270315466,0.0,0.0,18.56999969482422,0.0,0.0944863829765629,0.06968794655777034,0.0,0.7323166825674274,-0.3115422321184353,0.0,104638.09375,516.042236328125
2025-06-01,0.009643965283822335,0.0,0.0,18.56999969482422,0.0,-0.0215917971934568,-0.04321491213312872,0.0,0.7323166825674274,-0.3115422321184353,0.0,105652.1015625,516.042236328125
2025-06-02,0.0021692037754339633,0.007867174164292038,-0.006362743141415789,18.36000061035156,-0.2099990844726598,-0.0993409792607244,-0.11092346387679476,0.027571309821535918,0.7399046292293031,-0.30123398050944833,0.010002406969288408,105881.53125,520.1180419921875
2025-06-03,-0.004250198055930138,0.007786785255047574,0.005557004047396201,17.690000534057617,-0.6700000762939418,0.1613390561908852,0.1579034523924775,0.055957260825978836,0.728924656773832,-0.3161849037908357,0.014865241739042223,105432.46875,524.1838989257812
2025-06-04,-0.006666084188030525,0.002783890544711962,-0.004645525243508145,17.610000610351562,-0.07999992370605469,0.0862791586918215,0.0798913610554854,0.06116075359312102,0.7559077994261848,-0.2798358686711107,0.003443282023780522,104731.984375,525.6452026367188
2025-06-05,-0.030597731847037197,-0.007555492919490313,-0.0005062831279796945,18.479999542236328,0.8699989318847656,0.0754958458579563,0.06083763185345911,-0.06072843406598142,0.7512921793922551,-0.28596064909517493,-0.002756268193644539,101575.953125,521.6886596679688
2025-06-06,0.02733035306445883,0.009727960489831784,0.004547116175521301,16.770000457763672,-1.7099990844726562,0.0436426860602228,0.025974274073969707,0.08088059659662061,0.7422360087065996,-0.29808801535547086,0.009019388491707924,104390.34375,526.7883911132812
2025-06-07,0.011669145986995247,0.0,0.0,16.770000457763672,0.0,-0.0960795336864218,-0.11620759697840756,0.0,0.7422360087065996,-0.29808801535547086,0.0,105615.625,526.7883911132812
2025-06-08,0.0016841596083658347,0.0,0.0,16.770000457763672,0.0,-0.1161107630885508,-0.12978852026689963,0.0,0.7422360087065996,-0.29808801535547086,0.0,105793.6484375,526.7883911132812
2025-06-09,0.041659964564867834,0.001470953965959644,-0.002523596896147004,17.15999984741211,0.3899993896484375,-0.1271982685497475,-0.14069096538216513,0.041652161143802775,0.7554094830907616,-0.28049531504844827,0.005713328518265471,110294.1015625,527.5638427734375
2025-06-10,-0.00033431842692466013,0.006591900499795981,0.001111173479648963,16.950000762939453,-0.20999908447265625,-0.0301731901662348,-0.04447118251122982,0.0062709285895362985,0.7493930520233332,-0.28849166405152754,0.00270155191193524,110257.234375,531.052978515625
2025-06-11,-0.01434738860972619,-0.0033752758954137935,-0.004249356836262151,17.260000228881836,0.3099994659423828,0.0522649406033171,0.03350935480975671,-0.013499654754363528,0.731217776633702,-0.3130439475489577,-0.002103834735536151,108686.625,529.2635498046875
2025-06-12,-0.02569916684533185,0.0023452967678877067,-0.007224647054053422,18.020000457763672,0.7600002288818359,0.1320822109786185,0.11312927781623565,-0.029869632832450147,0.7434247570972289,-0.2964877191483085,0.01410803233458691,105929.0546875,530.5062866210938
2025-06-13,0.0015273471943905203,-0.012634161024951114,0.00265173167371636,20.81999969482422,2.799999237060547,-0.0804180139037518,-0.09637902192219718,-0.041061833212748755,0.7557251888091724,-0.2800774757534143,-0.014658265082476156,106090.96875,523.845947265625
2025-06-14,-0.005847555254663668,0.0,0.0,20.81999969482422,0.0,-0.0105134133127829,-0.02706721571656016,0.0,0.7557251888091724,-0.2800774757534143,0.0,105472.40625,523.845947265625
2025-06-15,0.0007545779547483326,0.0,0.0,20.81999969482422,0.0,-0.0195570031039936,-0.031842256972465635,0.0,0.7557251888091724,-0.2800774757534143,0.0,105552.0234375,523.845947265625
2025-06-16,0.011723623976989297,0.013814115596434234,-0.0018350530676638712,19.11000061035156,-1.7099990844726598,0.2385737804394079,0.22311909300968819,0.04270770217445996,0.7636001061835281,-0.26971104807407414,0.01387000083865602,106796.7578125,531.1326293945312
2025-06-17,-0.020773336361813687,-0.009799205940947645,0.008332531658833468,21.600000381469727,2.4899997711181676,0.0354355082398961,0.011205147360682288,-0.05835963717198727,0.7706891724816025,-0.26047013523731727,-0.003122874690176969,104601.1171875,525.953369140625
2025-06-18,0.0026943395038619066,-0.00017013894450680823,0.0009103724470059521,20.13999938964844,-1.4600009918212855,-0.1050685337412866,-0.12475947270209199,0.008226167283096216,0.7598928885546851,-0.27457779174644387,0.006992009828736332,104883.328125,525.8638916015625
2025-06-19,-0.0018995217392710328,0.0,0.0,20.13999938964844,0.0,-0.0824523796961235,-0.0972639638622697,0.0,0.7598928885546851,-0.27457779174644387,0.0,104684.2890625,525.8638916015625
2025-06-20,-0.013218729770939191,-0.0040915768853702385,-0.002024133621534633,20.6200008392334,0.4800014495849574,0.0128234087632071,-0.005034479793483513,-0.005638388843866846,0.7928832068888234,-0.23207934828382262,-0.008599425603378338,103309.6015625,523.7166748046875
2025-06-21,-0.010237095073649533,0.0,0.0,20.6200008392334,0.0,0.1364314381873929,0.11319025019202755,0.0,0.7928832068888234,-0.23207934828382262,0.0,102257.40625,523.7166748046875
2025-06-22,-0.012500036871865046,0.0,0.0,20.6200008392334,0.0,0.2890894060305017,0.2621667406388082,0.0,0.7928832068888234,-0.23207934828382262,0.0,100987.140625,523.7166748046875
2025-06-23,0.0444546821160779,0.010229907948158078,-0.0029422323215424445,19.82999992370605,-0.7900009155273473,-0.2594606834194727,-0.2736755369346855,-0.028713347275181426,0.7919504413563245,-0.2332564631705932,0.010037986669383034,105577.7734375,529.1017456054688
2025-06-24,0.004421629398587352,0.015176331351862958,-0.005706124735369579,17.479999542236328,-2.350000381469723,-0.0340192580714625,-0.04765184938670605,0.08059788715690176,0.789639367271219,-0.23617893487264235,0.016982232423098986,106045.6328125,537.1928100585938
2025-06-25,0.012329889288552448,0.002553272308033465,-0.0018410591712752086,16.760000228881836,-0.7199993133544922,0.0535100497800904,0.036063946117767004,0.012006346644206054,0.7861157978804414,-0.24065117185663787,0.023412338271915082,107361.2578125,538.566162109375
2025-06-26,-0.00374445620028651,0.009306765262739864,-0.00544064139681836,16.59000015258789,-0.1700000762939453,0.0723635003739715,0.056286601275805065,0.10029869692407578,0.9253894263402858,-0.07754062861699906,0.007529189961594759,106960.0,543.6018676757812
2025-06-27,0.00120000602760066,0.0034177686451054173,0.0025700347847261887,16.31999969482422,-0.2700004577636719,-0.0447588620356759,-0.062302281090884766,0.005035477322339161,0.9619310181716392,-0.038812537569765375,0.007208583034228373,107088.4296875,545.4629516601562
2025-06-28,0.002231861322037002,0.0,0.0,16.31999969482422,0.0,-0.0714115487133229,-0.08656230665257195,0.0,0.9619310181716392,-0.038812537569765375,0.0,107327.703125,545.4629516601562
2025-06-29,0.009808164803266642,0.0,0.0,16.31999969482422,0.0,-0.1878372157040911,-0.19109808002164952,0.0,0.9619310181716392,-0.038812537569765375,0.0,108385.5703125,545.4629516601562
2025-06-30,-0.011602107852204922,0.006456217252822179,-0.0053531554201121405,16.729999542236328,0.4099998474121094,0.1231710213490924,0.11895400241911633,0.05162887045819675,0.9476453377319272,-0.053774963042615975,0.0022400668296148818,107135.3359375,548.9959716796875
2025-07-01,-0.013504224993731051,-0.008465313800201778,-0.0006194895349278512,16.829999923706055,0.10000038146972656,0.0058716659595635,0.0007391982578200925,0.013761656057972915,0.9703022185121242,-0.03014769053473574,-0.02048468210264789,105698.28125,544.3681640625
2025-07-02,0.02946777720135706,0.006941264675562816,-0.0004132326075602726,16.639999389648438,-0.1900005340576172,0.1571583967352359,0.14347594983362716,0.09199093641338829,0.9006591465732593,-0.1046283986395052,0.01174358830223405,108859.3203125,548.159912109375
2025-07-03,0.007218611789243165,0.009792172415583215,0.004124583366074667,16.3799991607666,-0.26000022888183594,0.0839439225287801,0.07284131341590817,0.024725658926222947,0.9524714828035614,-0.048695111743317504,0.014430754371665416,109647.9765625,553.553955078125
2025-07-04,-0.014825919147368482,0.0,0.0,16.3799991607666,0.0,0.0100705830286161,0.001508259771184366,0.0,0.9524714828035614,-0.048695111743317504,0.0,108034.3359375,553.553955078125
2025-07-05,0.0018203901235928528,0.0,0.0,16.3799991607666,0.0,-0.0117725433066415,-0.017425920258586643,0.0,0.9524714828035614,-0.048695111743317504,0.0,108231.1796875,553.553955078125
2025-07-06,0.009205212306969758,0.0,0.0,16.3799991607666,0.0,-0.1216203603208621,-0.12176496906010441,0.0,0.9524714828035614,-0.048695111743317504,0.0,109232.0703125,553.553955078125
2025-07-07,-0.008570920982479692,-0.007561405121540097,0.0030823310760854585,17.790000915527344,1.4100017547607422,0.017190986166085,0.013270693431759127,-0.07210367891085483,0.9230381219214494,-0.08008474314211084,-0.004587644080129839,108299.8515625,549.3840942382812
2025-07-08,0.005987787747688724,0.0005613287934679895,0.00030769556067963697,16.809999465942383,-0.9800014495849609,0.0291575105758898,0.02039494205274924,0.007897903294957131,0.878102716886607,-0.129991702569491,0.004424171084687083,108950.2734375,549.6925659179688
2025-07-09,0.021576245274881944,0.007053992277089933,-0.0004103078818326255,15.9399995803833,-0.869999885559082,0.0990001332650376,0.08269761801473753,0.028859661129551024,0.8181607583003301,-0.20069643564857903,0.015809188069810833,111326.5546875,553.5838012695312
2025-07-10,0.04101205071842649,-0.0014391960464579527,0.0018450220756838643,15.779999732971191,-0.15999984741210938,-0.2190451775323813,-0.2290519598704765,0.016117576004902767,0.7943358347509833,-0.23024894147843106,0.0017112382648057879,115987.203125,552.7876586914062
2025-07-11,0.013103070357299034,-0.002252981659072396,0.0020460052993358695,16.399999618530273,0.619999885559082,0.1034411579442467,0.0917285016947872,-0.03359283244694418,0.7606876347892806,-0.27353247215335114,0.004323496678895614,117516.9921875,551.5436401367188
2025-07-12,-0.000696019205401959,0.0,0.0,16.399999618530273,0.0,0.1118683178339867,0.10082945802268159,0.0,0.7606876347892806,-0.27353247215335114,0.0,117435.2265625,551.5436401367188
2025-07-13,0.014211873752884076,0.0,0.0,16.399999618530273,0.0,-0.0590466379871059,-0.07079787699563254,0.0,0.7606876347892806,-0.27353247215335114,0.0,119116.1171875,551.5436401367188
2025-07-14,0.00613969178492453,0.0036203993900153176,0.0023478126088687427,17.200000762939453,0.8000011444091797,0.038578005447187,0.02519038581332804,0.03158492859285318,0.8111462429449188,-0.20930691690010148,-0.002881790858871174,119849.703125,553.5440673828125
2025-07-15,-0.017443885857792257,0.0009164127059560349,0.005490617789239819,17.3799991607666,0.17999839782714844,-0.1056762371745377,-0.11619321567271186,-0.022427466450364288,0.8248547994861544,-0.1925479087602264,0.022582690528367668,117777.1875,554.0515747070312
2025-07-16,0.008129063950949825,0.0010232072265066014,-0.0023349419718483337,17.15999984741211,-0.2199993133544922,0.0900963507718411,0.0845286199292525,0.0378985438083392,0.8183041634066393,-0.20052117358854457,0.0017609245686999702,118738.5078125,554.6187744140625
2025-07-17,0.0046325315439855776,0.008060310351167341,0.0034497189502243992,16.520000457763672,-0.6399993896484375,1.571801874373735e-05,-0.004371353149806452,0.02443949282476234,0.7968885179422658,-0.22704048708697278,0.010709879879366418,119289.84375,559.1072387695312
2025-07-18,-0.010844225617985717,-0.0009616634535936332,-0.0025353696608453294,16.40999984741211,-0.1100006103515625,-0.0445641945833975,-0.05096807705721065,-0.009735965255146454,0.7891657926546288,-0.23677885010324068,-0.0033230108894944667,118003.2265625,558.56982421875
2025-07-19,-0.000536145993420385,0.0,0.0,16.40999984741211,0.0,-0.0381526169594875,-0.04603315819118852,0.0,0.7891657926546288,-0.23677885010324068,0.0,117939.9765625,558.56982421875
2025-07-20,-0.005434339336073631,0.0,0.0,16.40999984741211,0.0,0.0270290700969682,0.01867500682080847,0.0,0.7891657926546288,-0.23677885010324068,0.0,117300.7890625,558.56982421875
2025-07-21,0.0011821574696331473,0.005171377249224138,-0.006417837715639151,16.649999618530273,0.23999977111816406,-0.0633046485821394,-0.06500084229931472,-0.013497030952355629,0.8048187282070192,-0.21713820927245514,-0.002986178821062998,117439.5390625,561.4658813476562
2025-07-22,0.021529885923986695,-0.00518918848541577,-0.004712148542002449,16.5,-0.14999961853027344,-0.0490432804951595,-0.03946838466147944,0.04352613440257671,0.7944243478513588,-0.23013751736113966,-0.01757272158703547,119995.4140625,558.5598754882812
2025-07-23,-0.010391307548023082,0.0045508759228694105,-0.00184995229108039,15.369999885559082,-1.130000114440918,-0.0202057348262095,-0.01860600394563822,-0.025299801743578182,0.8494138783391474,-0.1632087222452201,0.011694789967436975,118754.9609375,561.1076049804688
2025-07-24,-0.0032638027078905844,0.0021260535859649885,0.0017472451348277392,15.390000343322754,0.020000457763671875,0.0676196269261962,0.0658313949735122,-0.002189162759566323,0.8387897758792144,-0.17579516901385822,0.013519401373932587,118368.0,562.3018188476562
2025-07-25,-0.0062043007703418435,0.002404205653785371,0.002768850398919376,14.93000030517578,-0.46000003814697443,-0.2194108900524811,-0.2121017573440794,-0.01832325452161945,0.8404035750300377,-0.17387305605789605,0.002070954026601602,117635.8828125,563.6553344726562
2025-07-26,0.002644369296284202,0.0,0.0,14.93000030517578,0.0,-0.2505219654714897,-0.23244998390157262,0.0,0.8404035750300377,-0.17387305605789605,0.0,117947.3671875,563.6553344726562
2025-07-27,0.012646766556765231,0.0,0.0,14.93000030517578,0.0,-0.3981792099588951,-0.3683265501248707,0.0,0.8404035750300377,-0.17387305605789605,0.0,119448.4921875,563.6553344726562
2025-07-28,-0.012840860304521964,0.003120326701210159,0.010289959975385099,15.029999732971191,0.09999942779541193,0.1104629134656032,0.13425309122699672,-0.017143560888176267,0.8106407292566398,-0.2099303202364402,0.008100246991714938,117924.4765625,565.4168701171875
2025-07-29,-1.9742703547879838e-05,-0.0015501349141367104,0.0025307498523383116,15.979999542236328,0.9499998092651367,0.0379421407198274,0.05420633993375697,-0.03864335400671582,0.8154506174756883,-0.20401441365871303,-0.003451926704399944,117922.1484375,564.5410766601562
2025-07-30,-0.0007716619716275345,0.0013388599672936779,0.010359647568366966,15.479999542236328,-0.5,-0.0215074638028238,-0.0004206484171636951,-0.015294710523496244,0.8244155245215665,-0.1930805988457519,0.011251742282357254,117831.1875,565.2974243164062
2025-07-31,-0.01774942596736902,-0.005313257408152593,0.0009000984489408567,16.719999313354492,1.239999771118164,0.173824074292791,0.18931247606734353,0.0035119047011134066,0.851933448656506,-0.16024686710922448,0.015437599161752344,115758.203125,562.3018188476562
2025-08-01,-0.0212871264623786,-0.019895277076308532,-0.013486479871671642,20.3799991607666,3.6599998474121094,0.0264645823835152,0.04630944463645842,-0.08761633922204315,0.8874763341986481,-0.11937342367976614,-0.020682759397891805,113320.0859375,551.2252197265625
2025-08-02,-0.0070240041801152295,0.0,0.0,20.3799991607666,0.0,0.111235888358653,0.1301710184172671,0.0,0.8874763341986481,-0.11937342367976614,0.0,112526.9140625,551.2252197265625
2025-08-03,0.014913601071925728,0.0,0.0,20.3799991607666,0.0,-0.0680460595318888,-0.046507041387924525,0.0,0.8874763341986481,-0.11937342367976614,0.0,114217.671875,551.2252197265625
2025-08-04,0.007450970809323143,0.01828338518703332,0.0009114938326349665,17.520000457763672,-2.8599987030029297,0.022224423442928,0.04263020936190663,0.04404130510938833,0.9196428104090244,-0.08376993388283159,0.02863634048856998,115071.8828125,561.3961791992188
2025-08-05,-0.008118573366820805,-0.006812736281335481,0.0,17.850000381469727,0.3299999237060547,0.0014250410931338,0.017729313631645902,-0.0006577402771421563,0.9470463198956612,-0.054407274747597205,-0.012276654482637678,114141.4453125,557.5845336914062
2025-08-06,0.007737149330479471,0.012504864244626082,-0.006092611016446497,16.770000457763672,-1.0799999237060547,0.0836665855270021,0.09775500475348363,0.035114779270436484,0.9748378537207091,-0.025484125690508654,0.0005738237680590307,115028.0,564.600830078125
2025-08-07,0.021236359971131914,0.0033784572456342526,0.0022382878268711326,16.56999969482422,-0.20000076293945312,0.0682334500451906,0.08101933795602878,-0.01537101081594778,0.9898039250592001,-0.010248410964838622,-0.00017242840328152284,117496.8984375,566.5115356445312
2025-08-08,-0.006902004196733544,0.009284983749656302,-0.0022382878268711833,15.149999618530272,-1.420000076293947,0.0273829473002995,0.042556074743295605,-0.021754895710271244,1.0372297042740246,0.03655341317898215,0.0064605738426340535,116688.7265625,571.7960815429688
2025-08-09,-0.0016155749975506003,0.0,0.0,15.149999618530272,0.0,0.0468297911634661,0.053140419649933955,0.0,1.0372297042740246,0.03655341317898215,0.0,116500.359375,571.7960815429688
2025-08-10,0.02380361527108938,0.0,0.0,15.149999618530272,0.0,-0.2365422903734563,-0.21889888027639837,0.0,1.0372297042740246,0.03655341317898215,0.0,119306.7578125,571.7960815429688
2025-08-11,-0.004833792329587668,-0.002963191602949367,0.003457007440475086,16.25,1.1000003814697283,0.074139215831421,0.09304026266189781,0.007957018179941017,1.0343886400937183,0.03381056629389809,-0.002013207323840716,118731.4453125,570.104248046875
2025-08-12,0.012067410412961721,0.01249036443167345,-0.004272188161714821,14.729999542236328,-1.5200004577636719,-0.0017880486268093,0.015204378558324298,0.004421595491349242,1.0296655725474302,0.029234062672202445,0.010119362851905556,120172.90625,577.2697143554688
2025-08-13,0.02604611531030144,0.000499875728557352,-0.002653897067652444,14.489999771118164,-0.23999977111816406,0.0083607591569314,0.02636042788507352,0.0018255397705971327,0.9898449996347902,-0.010206914136705474,-0.01255343569108144,123344.0625,577.558349609375
2025-08-14,-0.04125044324166835,-0.0007755537732451258,0.004181796800026985,14.829999923706056,0.3400001525878924,0.0056190002578213,0.019908827738218116,0.09542505593510478,1.096837950176686,0.09243144948492057,0.0030040171313102325,118359.578125,577.110595703125
2025-08-15,-0.008154397097906272,-0.004407193879322038,-0.004079572501346859,15.09000015258789,0.26000022888183416,-0.0166971573613316,0.0011524537235043063,-0.0060543050137979336,1.1643537664089074,0.15216622616570447,-0.006546863561146865,117398.3515625,574.57275390625
2025-08-16,0.000791861061786004,0.0,0.0,15.09000015258789,0.0,-0.0261825122367716,-0.007459626810085183,0.0,1.1643537664089074,0.15216622616570447,0.0,117491.3515625,574.57275390625
2025-08-17,-0.000325941461445338,0.0,0.0,15.09000015258789,0.0,-0.0222791125603898,-0.0042990632011369705,0.0,1.1643537664089074,0.15216622616570447,0.0,117453.0625,574.57275390625
2025-08-18,-0.01027584894774574,-0.000398536988864251,0.003264972804530051,14.989999771118164,-0.10000038146972656,0.0358896086475699,0.05140158381992081,0.055965753378414376,1.1664052227743311,0.1539265599494156,0.0013441343220258833,116252.3125,574.3438110351562
2025-08-19,-0.029870220205219213,-0.013660504569420443,0.0010181071614717902,15.56999969482422,0.5799999237060565,0.0429477362854945,0.057929089251561205,-0.05235474647202792,1.1471636042543754,0.13729246464026082,-0.02495082455655212,112831.1796875,566.5513305664062
2025-08-20,0.012712851606869349,-0.005954859621499014,-0.0005088851746730002,15.6899995803833,0.11999988555908025,0.0199789884124519,0.03218422014536556,0.028602797154468933,1.1510944965736336,0.14071322591245033,-0.004671951352690598,114274.7421875,563.1876220703125
2025-08-21,-0.016372327846506683,-0.0046405075895972515,0.004064235606779656,16.600000381469727,0.9100008010864258,-0.0143069637063786,-0.003259609199757634,-0.011562036464291242,1.1471301265069134,0.1372632811516643,-0.0018428771120358712,112419.03125,560.5802001953125
2025-08-22,0.03886392642477823,0.015309536306763022,-0.009167849764747205,14.220000267028809,-2.380000114440918,-0.0024730139934917,0.007983249818705337,0.04599822942177561,1.1222984835657284,0.11537879985474286,0.011484066192157829,116874.0859375,569.2284545898438
2025-08-23,-0.012915297318543016,0.0,0.0,14.220000267028809,0.0,0.1534835590185587,0.16107769176101033,0.0,1.1222984835657284,0.11537879985474286,0.0,115374.328125,569.2284545898438
2025-08-24,-0.01674535783150271,0.0,0.0,14.220000267028809,0.0,0.3587115021959791,0.3470348885301487,0.0,1.1222984835657284,0.11537879985474286,0.0,113458.4296875,569.2284545898438
2025-08-25,-0.029826315528831894,-0.0028889331100971373,0.007239379860169711,14.789999961853027,0.5699996948242188,0.0856103224784879,0.06272929921432494,0.0014152328261297135,1.1993181866271398,0.18175321750905862,0.002150375528188397,110124.3515625,567.5863647460938
2025-08-26,0.01512512333952803,0.004007300915653361,-0.002033936880557363,14.619999885559082,-0.1700000762939453,-0.0614643267923252,-0.09556917949537383,0.029554645065160978,1.1800560943400609,0.1655619749240214,0.003214640256478481,111802.65625,569.8654174804688
2025-08-27,-0.00520655346926939,0.0015357698187021074,0.0,14.850000381469728,0.2300004959106463,0.1076697350402039,0.07365798828466857,-0.009587627368283268,1.1720112592285665,0.15872129795898812,0.004191223564983461,111222.0625,570.7412719726562
2025-08-28,0.011822640333317674,0.006240337051093053,-0.004284905519297801,14.43000030517578,-0.42000007629394887,-0.0554237600511185,-0.08632331011428895,0.014346361343219318,1.191299933286467,0.17504509182256164,-0.0010994891449927816,112544.8046875,574.3140258789062
2025-08-29,-0.03742335971466304,-0.011643085015967294,-0.0004090491591267758,15.359999656677246,0.9299993515014666,0.0269158403287494,-0.005597819872140163,0.030684045082912538,1.2823259292031202,0.24867556113408207,-0.0198084472687656,108410.8359375,567.666015625
2025-08-30,0.0036574608046354446,0.0,0.0,15.359999656677246,0.0,-0.0169917887955375,-0.04314492022681612,0.0,1.2823259292031202,0.24867556113408207,0.0,108808.0703125,567.666015625
2025-08-31,-0.005264910692760397,0.0,0.0,15.359999656677246,0.0,0.04626405132443,0.019450937595120885,0.0,1.2823259292031202,0.24867556113408207,0.0,108236.7109375,567.666015625
2025-09-01,0.00932367209897638,0.0,0.0,15.359999656677246,0.0,-0.065529392145752,-0.0864503298582476,0.0,1.2823259292031202,0.24867556113408207,0.0,109250.59375,567.666015625
2025-09-02,0.017691382281182146,-0.008415378648370053,0.00642307238253446,17.170000076293945,1.8100004196166992,0.0199006932503376,-0.003951802888232225,0.03151686208669878,1.32545867744043,0.28175857118775777,-0.011408229624183095,111200.5859375,562.908935546875
2025-09-03,0.004688830576405435,0.007836648881103974,-0.002645795122542308,16.350000381469727,-0.8199996948242188,0.1188783301030427,0.0918040370758024,-0.03362934635656471,1.3091799613203663,0.26940095747853354,-0.0002409656836806128,111723.2109375,567.3375854492188
2025-09-04,-0.00898746169776838,0.009010883392314829,0.002137504877720227,15.300000190734863,-1.0500001907348633,-0.0518698693770192,-0.07716766538858774,-0.04122947251508407,1.3017402858566673,0.26370205066058094,0.005624005173718026,110723.6015625,572.472900390625
2025-09-05,-0.0006560571512495267,0.0014418035426474176,-0.005914782137712255,15.18000030517578,-0.11999988555908381,0.1414193248111354,0.11419643749009574,0.01118862031465905,1.2963944991700354,0.2595869491183044,-0.026633420722207014,110650.984375,573.2988891601562
2025-09-06,-0.0038599957441809024,0.0,0.0,15.18000030517578,0.0,0.1883757191719386,0.157148089546674,0.0,1.2963944991700354,0.2595869491183044,0.0,110224.6953125,573.2988891601562
2025-09-07,0.008518160055379413,0.0,0.0,15.18000030517578,0.0,0.0849941195920715,0.05184611755708117,0.0,1.2963944991700354,0.2595869491183044,0.0,111167.6171875,573.2988891601562
2025-09-08,0.008097306013038336,0.00486606613333882,-0.0032783525451429082,15.109999656677246,-0.07000064849853338,0.043747490004108,0.010702231341096283,0.008885281718449918,1.3044168565229384,0.2657560876668682,0.007068915671910938,112071.4296875,576.0953979492188
2025-09-09,-0.004837916692699648,0.002829209055351995,0.0034829370489315808,15.039999961853027,-0.06999969482421875,0.0176941434906776,-0.023825662967805247,0.09978892393593373,1.3481989681949735,0.2987696041164617,0.007436450087345509,111530.546875,577.7276000976562
2025-09-10,0.02150827089182057,0.00032713507553117034,-0.00010228702004190965,15.350000381469728,0.310000419616701,0.002068244102714,-0.03704919663147862,0.06300242357145604,1.4227950447180582,0.35262327831835727,0.02083906701399402,113955.359375,577.9166259765625
2025-09-11,0.013529013824572132,0.005803636328416825,-0.0024574849982395976,14.710000038146973,-0.6400003433227557,-0.0600001420361833,-0.09717717965673012,-0.01572545855765149,1.4205967220129743,0.3510770101123288,0.00021598986286140563,115507.5390625,581.2803955078125
2025-09-12,0.005129680319349263,0.004407569107359404,0.0001025386850767745,14.760000228881836,0.05000019073486328,0.1202486884800903,0.07934205321543819,0.030867091085539294,1.4237367496703996,0.3532849290953154,0.010625288629610569,116101.578125,583.8480834960938
2025-09-13,-0.0013020381457220277,0.0,0.0,14.760000228881836,0.0,0.1360399928175174,0.09078599113420877,0.0,1.4237367496703996,0.3532849290953154,0.0,115950.5078125,583.8480834960938
2025-09-14,-0.0046927460797969575,0.0,0.0,14.760000228881836,0.0,0.1931251853145575,0.14087710554205254,0.0,1.4237367496703996,0.3532849290953154,0.0,115407.65625,583.8480834960938
2025-09-15,0.00032244610982561805,0.008520568596929316,-0.002566077796780523,15.6899995803833,0.9299993515014648,0.0135259360798822,-0.04004575863651121,0.018727786465797824,1.479981457975793,0.3920295593028083,0.005128678028026253,115444.875,588.8440551757812
2025-09-16,0.012039614740681204,-0.0008455398228908733,-0.006909796968858478,16.360000610351562,0.6700010299682617,0.0253480760271111,-0.029811191642199013,0.04057090772546306,1.3744864721661858,0.318080186571228,-0.014308582383131749,116843.1875,588.3463745117188
2025-09-17,-0.003211840787451935,-0.0019979555646343766,0.0024806782040535684,15.720000267028809,-0.6400003433227539,-0.0663019892246891,-0.11805487029825726,0.02431581873856258,1.412068999075861,0.34505600407817116,-0.012336883369838474,116468.5078125,587.1720581054688
2025-09-18,0.005725006775122414,0.008976529136785837,0.004942814352483226,15.699999809265137,-0.020000457763671875,0.0648262234150897,0.012344059437201717,0.021121541210768834,1.298564775103375,0.2612596354381786,0.01563045121432911,117137.203125,592.466552734375
2025-09-19,-0.012441583362179643,0.006746654316926612,0.002974523129664807,15.449999809265137,-0.25,-0.043965447731773,-0.09431613050485349,0.010022412828497636,1.341705487637516,0.2939415566689164,0.010454921334106013,115688.859375,596.4772338867188
2025-09-20,0.0002860848311332532,0.0,0.0,15.449999809265137,0.0,-0.0473853986363192,-0.09663346691173501,0.0,1.341705487637516,0.2939415566689164,0.0,115721.9609375,596.4772338867188
2025-09-21,-0.0036001483649767967,0.0,0.0,15.449999809265137,0.0,-0.0042766603564696,-0.0534646070864528,0.0,1.341705487637516,0.2939415566689164,0.0,115306.09375,596.4772338867188
2025-09-22,-0.02243053331974822,0.00590251682814617,-0.0031799540224672377,16.100000381469727,0.6500005722045898,-0.0530569660393925,-0.09536022860077734,0.04307371849581502,1.4228675369263695,0.35267422758324524,0.015894325241791428,112748.5078125,600.0083618164062
2025-09-23,-0.006531416615244119,-0.006664419755090148,-0.0007194583114905994,16.639999389648438,0.5399990081787109,-0.0320851318356105,-0.06136183992927567,-0.00994562747281636,1.4378722982850471,0.36316445026855626,-0.019407983719744983,112014.5,596.02294921875
2025-09-24,0.011663525697123141,-0.0035167918722211994,0.006252268561541021,16.18000030517578,-0.45999908447265625,0.0160277787256571,-0.010929511242913716,0.031654099276708585,1.5085862777726946,0.41117297239489414,-0.0032056130670492745,113328.6328125,593.9305419921875
2025-09-25,-0.038491879643615556,-0.004320612275500377,0.006923969064019991,16.739999771118164,0.5599994659423828,0.0369422972367211,0.006704786467182075,-0.06850316541085884,1.5938911959551902,0.4661783195409348,-0.0010372075830039273,109049.2890625,591.3699340820312
2025-09-26,0.00606632543055882,0.004102521579534001,-0.004067128296454978,15.289999961853027,-1.4499998092651367,-0.0565288271753773,-0.08129305253773028,-0.017773873435473698,1.486532734341052,0.3964463842973435,0.005754567116414243,109712.828125,593.801025390625
2025-09-27,-0.00028152733285390487,0.0,0.0,15.289999961853027,0.0,-0.0531659402409908,-0.07800542626368137,0.0,1.486532734341052,0.3964463842973435,0.0,109681.9453125,593.801025390625
2025-09-28,0.022008506441889,0.0,0.0,15.289999961853027,0.0,-0.3132256545532104,-0.3267270907465023,0.0,1.486532734341052,0.3964463842973435,0.0,112122.640625,593.801025390625
2025-09-29,0.020111147409077906,0.004620387718368893,-0.002448209500075601,16.1200008392334,0.8300008773803711,0.0870224907054438,0.07005391186211916,0.09747638992658592,1.4042393551136612,0.33949577192359665,0.01322614297163962,114400.3828125,596.5509643554688
2025-09-30,-0.0030141158842399056,0.002735491733528961,-0.001430979586219124,16.280000686645508,0.15999984741210938,0.1187746242442811,0.09938902630362811,-0.007111696133922582,1.4730642897643698,0.38734478198927286,0.016083414456737798,114056.0859375,598.18505859375
2025-10-01,0.03947865276779501,0.004785451323200659,-0.0006138485961637263,16.290000915527344,0.010000228881835938,-0.0368073800707878,-0.0571503784139396,0.0042756988569959955,1.46786878656407,0.3838115437479311,0.003461695600488934,118648.9296875,601.0545043945312
2025-10-02,0.016983874858595087,0.004102593138743781,0.0014317796616148805,16.6299991607666,0.3399982452392578,0.1221805814529117,0.09842825350300743,0.02436663268799433,1.4422715108562583,0.36621930883390136,0.0005527326240980122,120681.2578125,603.5254516601562
2025-10-03,0.013050507216426515,-0.0042185662989068385,-0.0013294193666388184,16.649999618530273,0.020000457763671875,0.1343100587880626,0.110043339881991,0.029902628741493884,1.4797047811406292,0.39184259567652036,-0.001814812472194275,122266.53125,600.9848022460938
2025-10-04,0.0012987632223538373,0.0,0.0,16.649999618530273,0.0,0.1185606927176013,0.08861295507504234,0.0,1.4797047811406292,0.39184259567652036,0.0,122425.4296875,600.9848022460938
2025-10-05,0.008848164694084894,0.0,0.0,16.649999618530273,0.0,0.0118066569785369,-0.013820658402935438,0.0,1.4797047811406292,0.39184259567652036,0.0,123513.4765625,600.9848022460938
2025-10-06,0.009981752928713129,0.007482093782821667,0.00398304551500883,16.3700008392334,-0.279998779296875,0.1502945456267044,0.1259366026967399,0.06693773164877323,1.4712894711248197,0.38613920752462316,0.00515381804706518,124752.53125,605.498291015625
2025-10-07,-0.02681798376519831,-0.005279583009126591,0.004779115455139551,17.239999771118164,0.8699989318847656,0.0892818673521432,0.06478099949684295,0.009546608988791708,1.5227882625315894,0.4205430376764246,-0.005710123693045884,121451.3828125,602.3099365234375
2025-10-08,0.015551259305387295,0.011398728964268849,0.002735114328785877,16.299999237060547,-0.9400005340576172,0.069568343314382,0.044206780348739275,0.028981304458565536,1.4700016497926438,0.3852635230979361,0.011707870619053937,123354.8671875,609.2147827148438
2025-10-09,-0.01346040236705057,-0.00121108735517917,0.006956048447671245,16.43000030517578,0.13000106811523438,-0.0084386533460133,-0.032929123083766325,0.04013729815459575,1.5259708661877454,0.4226308410599297,0.006726057558830911,121705.5859375,608.4774169921875
2025-10-10,-0.07232182184699049,-0.03533104885346548,-0.005641739188979238,21.65999984741211,5.229999542236328,0.4001929691040344,0.3624316751995707,-0.04053248068015723,1.5575161233899868,0.44309232372218826,-0.036120995579320615,113214.3671875,587.3546142578125
2025-10-11,-0.021485160033407134,0.0,0.0,21.65999984741211,0.0,0.6694957467559456,0.6074179232250776,0.0,1.5575161233899868,0.44309232372218826,0.0,110807.8828125,587.3546142578125
2025-10-12,0.038609346343899696,0.0,0.0,21.65999984741211,0.0,0.1896575232350612,0.1252660718790275,0.0,1.5575161233899868,0.44309232372218826,0.0,115169.765625,587.3546142578125
2025-10-13,0.0008792929662890047,0.020999244023248567,0.0029255333464246066,19.030000686645508,-2.6299991607666016,0.1154414682021956,0.05173663433333929,0.06810056914492948,1.5706678960520253,0.45150094039650535,0.016905916484100628,115271.078125,599.8190307617188
2025-10-14,-0.01884916344559421,-0.006683330126140019,-0.002218572830600696,20.809999465942383,1.779998779296875,-0.0035711944916251,-0.06071948236694198,0.05740145974967252,1.5654268689905666,0.44815854653832315,-0.02297669284109903,113118.6640625,595.8236083984375
2025-10-15,-0.020862578290898413,0.007031986984332316,-0.0026284096310434397,20.63999938964844,-0.17000007629394176,0.0830634449545829,0.02359724011677599,0.016247771110051438,1.5166496118865898,0.41650369932158404,-0.000692094037368386,110783.1640625,600.0281982421875
2025-10-16,-0.02372248478317967,-0.0037098034473026557,-0.004057227649507828,25.309999465942383,4.670000076293942,0.0287239580719352,-0.030854776167365844,-0.1038516840003593,1.594382250719242,0.4664863575910882,0.0036995669787795466,108186.0390625,597.8063354492188
2025-10-17,-0.016009839805348834,0.0065454082328893146,0.0004064720672707441,20.780000686645508,-4.529998779296875,0.0233547749220219,-0.03921251812216951,-0.011431942363526976,1.5839323725307215,0.4599105983714217,0.005784443403917559,106467.7890625,601.7320556640625
2025-10-18,0.006837580349705927,0.0,0.0,20.780000686645508,0.0,-0.0585754579459876,-0.11702936161147644,0.0,1.5839323725307215,0.4599105983714217,0.0,107198.265625,601.7320556640625
2025-10-19,0.013605430464268035,0.0,0.0,20.780000686645508,0.0,-0.2199434495054006,-0.2725314197784352,0.0,1.5839323725307215,0.4599105983714217,0.0,108666.7109375,601.7320556640625
2025-10-20,0.01753449073833947,0.012521921362932125,0.0016241607005587312,18.229999542236328,-2.5500011444091797,0.0527434686860821,-0.0031821304976991857,0.03062292820753442,1.4551789983573964,0.3751289159828019,0.0015299611079727501,110588.9296875,609.3142700195312
2025-10-21,-0.019282830173496076,-0.0002614785071551668,0.0034427329777827467,17.8700008392334,-0.3599987030029297,0.4013510366047146,0.33190451418889383,-0.053723553157010516,1.4714333598319431,0.38623700042970033,-0.0032271312256241334,108476.890625,609.1549682617188
2025-10-22,-0.007293562270818725,-0.00968069451499771,-0.00030327836272713623,18.600000381469727,0.7299995422363281,0.0285728401316904,-0.043594675823166465,-0.07637918383015545,1.4954545627940785,0.40243021600783485,0.0003392880181960897,107688.5859375,603.286376953125
2025-10-23,0.021870444424777702,0.008371272153050618,0.00040437641801720285,17.299999237060547,-1.3000011444091797,0.0381874415542704,-0.036322493513582486,0.0435760677917786,1.5127222283071085,0.4139108279363792,0.005206397778347068,110069.7265625,608.3578491210938
2025-10-24,0.008721714285261932,0.010621670408383138,0.00010101073197513674,16.3700008392334,-0.9299983978271484,-0.0317656301825554,-0.10468245162013454,0.08317433783692292,1.5905511894425115,0.4640806161861727,0.014049928088574935,111033.921875,614.8540649414062
2025-10-25,0.005459116892619,0.0,0.0,16.3700008392334,0.0,-0.0969236062821213,-0.165378230935739,0.0,1.5905511894425115,0.4640806161861727,0.0,111641.7265625,614.8540649414062
2025-10-26,0.025039267744803344,0.0,0.0,16.3700008392334,0.0,-0.3912674672732719,-0.44856413725695976,0.0,1.5905511894425115,0.4640806161861727,0.0,114472.4453125,614.8540649414062
2025-10-27,-0.0030895028553826285,0.01765249697257181,-0.0017194984524790905,15.789999961853027,-0.5800008773803711,0.0999660853900597,0.037565014552003444,0.023312314023381797,1.5694709797180095,0.4507386069843004,0.02134301248937847,114119.328125,625.8041381835938
2025-10-28,-0.010244824086811922,0.007660590820871579,-0.0009114938326349186,16.420000076293945,0.630000114440918,0.0838026975204498,0.008167348279938216,-0.00797221422725322,1.6522614653789889,0.5021449345962711,0.03413639695277579,112956.1640625,630.6165771484375
2025-10-29,-0.02601680546576632,0.0044928826690138635,0.005355970253849993,16.920000076293945,0.5,0.0626625292581946,-0.012160821267408695,-0.014029987574503048,1.596429776761289,0.46776974646229125,0.014249066400199496,110055.3046875,633.4562377929688
2025-10-30,-0.01602663895461955,-0.015406729123482257,0.00311947481739951,16.90999984741211,-0.010000228881835938,-0.2066982084106668,-0.2706724645144385,-0.031477006116748515,1.658648729538508,0.5060032525253118,-0.024919377284932185,108305.546875,623.7715454101562
2025-10-31,0.01148096119628519,0.004812336810913628,0.002709119902856396,17.440000534057617,0.5300006866455078,0.0958232824217087,0.027428004234853795,0.01048009604708761,1.7509400223383478,0.5601527993408968,-0.008604974449208644,109556.1640625,626.7805786132812
2025-11-01,0.004624825172493095,0.0,0.0,17.440000534057617,0.0,0.0400113740625661,-0.025644930544610624,0.0,1.7509400223383478,0.5601527993408968,0.0,110064.015625,626.7805786132812
2025-11-02,0.005216141233319792,0.0,0.0,17.440000534057617,0.0,-0.0226275170401201,-0.08305256911969072,0.0,1.7509400223383478,0.5601527993408968,0.0,110639.625,626.7805786132812
2025-11-03,-0.03768718290100999,0.004773395143532112,0.0007011538604622097,17.170000076293945,-0.2700004577636719,0.0588443405132524,0.0004098335071600692,0.05810979703258097,1.9079535689629952,0.6460312378049408,0.009970502334575552,106547.5234375,629.7796020507812
2025-11-04,-0.04764085753760775,-0.02050683162302534,0.0034984139551978697,19.0,1.8299999237060547,-0.066209731207243,-0.122043691940476,-0.05180255251400294,1.9836898725405074,0.6849586824006405,-0.022814377692397504,101590.5234375,616.996337890625
2025-11-05,0.022400061321748738,0.00648686398804856,-0.00019962351771395684,18.010000228881836,-0.9899997711181641,0.0402146011984369,-0.011950028053853853,0.0417485109240199,2.155846735191463,0.7681835629463766,-0.015854277392389322,103891.8359375,621.01171875
2025-11-06,-0.025251182491850755,-0.018803036239942363,-0.0047015901201047285,19.5,1.489999771118164,-0.0108139665362414,-0.05964206799225267,-0.08941178925697184,2.0909650794425394,0.7376257198969711,-0.028621915497741273,101301.2890625,609.4439086914062
2025-11-07,0.02023892596873405,-0.003160280665695229,-0.0013044188035114378,19.07999992370605,-0.42000007629394887,0.0763368609309121,0.0272831422210165,-0.025225698112504174,1.9919504966458323,0.6891143077722038,-9.567383647119063e-05,103372.40625,607.5209350585938
2025-11-08,-0.010603212214200236,0.0,0.0,19.07999992370605,0.0,0.205066089036367,0.14889554558039203,0.0,1.9919504966458323,0.6891143077722038,0.0,102282.1171875,607.5209350585938
2025-11-09,0.023551839699680072,0.0,0.0,19.07999992370605,0.0,-0.0790270807902708,-0.11922362258310226,0.0,1.9919504966458323,0.6891143077722038,0.0,104719.640625,607.5209350585938
2025-11-10,0.01212026933646231,0.02188301612659341,0.00020082594524243618,17.600000381469727,-1.4799995422363246,0.0417077081781224,0.02243743433788507,-0.02048961193873915,1.9561861160816054,0.6709967184569849,0.037312699017338594,105996.59375,620.9618530273438
2025-11-11,-0.028702546476841843,-0.0026671499925751646,-0.001607431134113567,17.280000686645508,-0.31999969482421875,-0.0049479371307365,-0.01773136229211391,-0.07894350605722843,1.9428763017686461,0.6641695048425219,-0.012377339533177333,102997.46875,619.307861328125
2025-11-12,-0.013039146642676998,-0.0007886429130851422,0.00020110859840013023,17.510000228881836,0.22999954223632812,0.0084765195858136,-0.0007414072883510769,-0.034615931950493596,1.9625000466351157,0.6742191944375424,0.004066138547212311,101663.1875,618.8196411132812
2025-11-13,-0.019524742976585432,-0.0206272332406192,-0.0030202685420353567,20.0,2.489999771118164,-0.1892716239492922,-0.1922995365082013,-0.11170683602424973,1.953675022538701,0.6697122258373573,-0.02597209285309561,99697.4921875,606.1858520507812
2025-11-14,-0.054622871136591485,0.0007556739057180799,0.0009069926474588239,19.82999992370605,-0.17000007629394887,-0.0041681987884217,-0.0042883898892306545,-0.044409923902039496,1.9590785841601053,0.6724742525836228,0.0155779380482905,94397.7890625,606.6441040039062
2025-11-15,0.01212310649874722,0.0,0.0,19.82999992370605,0.0,-0.1487169847389567,-0.14292247774606925,0.0,1.9590785841601053,0.6724742525836228,0.0,95549.1484375,606.6441040039062
2025-11-16,-0.014463938461922525,0.0,0.0,19.82999992370605,0.0,0.0239449189218515,0.029719754448077958,0.0,1.9590785841601053,0.6724742525836228,0.0,94177.078125,606.6441040039062
2025-11-17,-0.02236838271634354,-0.008577156285282652,0.0032183443862534504,22.3799991607666,2.5499992370605504,-0.0161411385936361,-0.011780780379154695,-0.008690762306167476,2.0347222222222223,0.7103593094410667,-0.012118888795141287,92093.875,601.4630737304688
2025-11-18,0.009241173563305538,-0.012250547655252483,-0.00040166000595644977,24.690000534057617,2.3100013732910156,-0.0030823396194951,-0.00595068506787721,0.03218411224934154,2.0824460426147917,0.7335431848143297,-0.027924963371704165,92948.875,594.1397705078125
2025-11-19,-0.016082377699808928,0.005952425352571535,0.006807517363345193,23.65999984741211,-1.0300006866455078,-0.2474352019667145,-0.24029759172667006,-0.030281191343230596,2.118546280201279,0.7507301365863761,0.007227309112407091,91465.9921875,597.6868896484375
2025-11-20,-0.05429914313161118,-0.023956567630111586,-0.0006986346146965667,26.420000076293945,2.760000228881836,-0.0265812165210869,-0.005179197843515736,-0.04238064828359346,2.1399391195236563,0.7607773798083634,-0.024081490709374584,86631.8984375,583.5385131835938
2025-11-21,-0.017950490472289502,0.007484658284509737,0.00019962706136399537,23.43000030517578,-2.989999771118164,-0.0691996994383198,-0.044538596108414964,-0.01950859126584552,2.1002768178372007,0.7420691540598604,-0.01153387418650097,85090.6875,587.9224853515625
2025-11-22,-0.00521187239368071,0.0,0.0,23.43000030517578,0.0,-0.0068555670102141,0.019306969938506884,0.0,2.1002768178372007,0.7420691540598604,0.0,84648.359375,587.9224853515625
2025-11-23,0.025158586579000386,0.0,0.0,23.43000030517578,0.0,-0.3048222034281036,-0.269557780704531,0.0,2.1002768178372007,0.7420691540598604,0.0,86805.0078125,587.9224853515625
2025-11-24,0.016742357810839485,0.025251735358100397,-0.0003993701689292362,20.520000457763672,-2.9099998474121094,0.1229543541200386,0.15088951149687252,0.12051700307321518,2.101996238293302,0.7428874828686206,0.012141605332183647,88270.5625,602.9575805664062
2025-11-25,-0.01057647695675446,0.006144750819994581,-0.004804771207528,18.559999465942383,-1.960000991821289,0.0107315343564558,0.025266725012298805,0.024811495398962016,2.0588550229054046,0.72215001415597,-0.009982130021004778,87341.890625,606.6740112304688
2025-11-26,0.03572258791333639,0.00879693126233471,-0.0006022803288050176,17.190000534057617,-1.3699989318847656,-0.0799882551460766,-0.05945458647236239,0.05347423159296145,2.0108806229230827,0.6985727469813199,0.015656087994715576,90518.3671875,612.034423828125
2025-11-27,0.008437806108495432,0.0,0.0,17.190000534057617,0.0,-0.1801438620370459,-0.15081197471141516,0.0,2.0108806229230827,0.6985727469813199,0.0,91285.375,612.034423828125
2025-11-28,-0.004018666774419681,0.008074559524692734,-0.001406605188870993,16.350000381469727,-0.8400001525878906,0.2028262368072773,0.2274860005479386,0.05524326793427493,1.8636152663316117,0.6225182927769257,-0.0024653174975358925,90919.265625,616.996337890625
2025-11-29,-0.00074277862694653,0.0,0.0,16.350000381469727,0.0,0.2118936024301263,0.22260030580942786,0.0,1.8636152663316117,0.6225182927769257,0.0,90851.7578125,616.996337890625
2025-11-30,-0.005047792573132774,0.0,0.0,16.350000381469727,0.0,0.2736925511768232,0.2784702789309542,0.0,1.8636152663316117,0.6225182927769257,0.0,90394.3125,616.996337890625
2025-12-01,-0.04610183805407602,-0.0033646851120008713,-0.0005027950191184382,17.239999771118164,0.8899993896484375,-0.0780667419001316,-0.06935307694724395,-0.026619194982725074,1.9566699652159598,0.6712440309707947,0.0027968297282712036,86321.5703125,614.923828125
2025-12-02,0.05662099387030378,0.007795706937067122,-0.0005031247344953009,16.59000015258789,-0.6499996185302734,0.0137663897504333,0.021266924476969172,-0.057972592062056016,1.7424093689487568,0.5552688502188089,0.007599128051245377,91350.203125,619.736328125
2025-12-03,0.023558262011831657,0.0024407442390468616,-0.005146090147679137,16.079999923706055,-0.5100002288818359,-0.0337189166423521,-0.023132940010629405,0.044237534628921514,1.7591548815879026,0.5648335128103209,-0.01785925539803375,93527.8046875,621.2507934570312
2025-12-04,-0.014931972865932171,-0.000930622224641031,0.0014152791711311394,15.779999732971191,-0.3000001907348633,0.0909523790143705,0.09629961863870608,0.03220076130531686,1.826056712571638,0.6021588400539138,0.013714264974056306,92141.625,620.6729125976562
2025-12-05,-0.030343059975675362,0.00406906010802263,0.0,15.40999984741211,-0.36999988555908203,0.0284927859510963,0.03423075275034322,-0.04245127945376311,1.8893427560779652,0.6362290204862602,-0.0002451200363603086,89387.7578125,623.20361328125
2025-12-06,-0.0012916460625568118,0.0,0.0,15.40999984741211,0.0,0.0440393794832948,0.04794890141522385,0.0,1.8893427560779652,0.6362290204862602,0.0,89272.375,623.20361328125
2025-12-07,0.012614572226014349,0.0,0.0,15.40999984741211,0.0,-0.106936773338085,-0.09691813026385604,0.0,1.8893427560779652,0.6362290204862602,0.0,90405.640625,623.20361328125
2025-12-08,0.002591195979813834,-0.001920247034095815,0.001009677761950988,16.65999984741211,1.25,0.046310162105564,0.06162066941081972,0.02153939902991973,1.9312958342223994,0.6581911943129892,0.016602222667120338,90640.203125,622.008056640625
2025-12-09,0.022381192698197744,0.0012325856205166771,0.0013111280624961959,16.93000030517578,0.2700004577636719,0.0839284189634338,0.09380707627689937,0.023443832164235307,1.8756160274937521,0.6289371534589675,-0.0005481132179399274,92691.7109375,622.7752075195312
2025-12-10,-0.007262832846635849,0.004087269506081161,-0.004343224852105771,15.770000457763672,-1.1599998474121094,0.0996366231499095,0.10758431663098217,-0.02353455417796498,1.8326986965822938,0.6057895781406409,-0.01709604234702842,92020.9453125,625.3258666992188
2025-12-11,0.0053149701081481185,-0.003239688543543738,-0.0044638650035066525,14.850000381469728,-0.9200000762939435,-0.0650302061799689,-0.055079770397255146,0.007836389073030305,1.8196179779909685,0.5986265768533888,-0.002710757575575551,92511.3359375,623.3032836914062
2025-12-12,-0.024521421452147512,-0.019303325840271238,0.0005082902448220087,15.739999771118164,0.8899993896484357,0.0225437234462114,0.03202525243357855,-0.06495212021625252,1.7378213222898549,0.5526322150506857,-0.021740113238104573,90270.4140625,611.3868408203125
2025-12-13,0.0003134187556330964,0.0,0.0,15.739999771118164,0.0,0.0187762231863255,0.021322823935838727,0.0,1.7378213222898549,0.5526322150506857,0.0,90298.7109375,611.3868408203125
2025-12-14,-0.02379767101791624,0.0,0.0,15.739999771118164,0.0,0.3082255556078307,0.3003590312108022,0.0,1.7378213222898549,0.5526322150506857,0.0,88175.1796875,611.3868408203125
2025-12-15,-0.020108914713088392,-0.005032125882582181,-0.002543883296239742,16.5,0.7600002288818359,-0.0603724624679028,-0.07118380427396645,-0.11882393650298842,1.741225034506208,0.5545889083242158,-0.0002765364928681655,86419.78125,608.3179931640625
2025-12-16,0.016345736935078115,0.00197984179031945,0.0,16.479999542236328,-0.020000457763671875,-0.006691550983055,-0.016481677125621767,0.003856419709032394,1.7853970114197601,0.579640805862183,0.005690018193220434,87843.984375,609.5235595703125
2025-12-17,-0.019544833040854463,-0.01871090960391306,0.002238971176730493,17.6200008392334,1.1400012969970703,-0.0249013254642199,-0.03439944537776721,-0.06620791618534802,1.7142856667189335,0.5389964729853978,-0.01973180387925012,86143.7578125,598.224853515625
2025-12-18,-0.007939728497768105,0.014386217379170424,0.0006097312959566589,16.8700008392334,-0.75,-0.0902160953071435,-0.09680975669776919,0.025933347005019196,1.8135395540672261,0.5952804904030078,0.017460287482739444,85462.5078125,606.8932495117188
2025-12-19,0.030433154968407768,0.01295103125654776,0.001725607391589653,14.90999984741211,-1.960000991821289,-0.0059088962691468,-0.02055343451635808,0.07240483645813521,1.8534458985964413,0.6170465544027416,0.02129132597779434,88103.3828125,614.8042602539062
2025-12-20,0.002727355122150639,0.0,0.0,14.90999984741211,0.0,-0.0385764737842977,-0.052821170122735295,0.0,1.8534458985964413,0.6170465544027416,0.0,88344.0,614.8042602539062
2025-12-21,0.0031390280669266876,0.0,0.0,14.90999984741211,0.0,-0.0760648486404297,-0.09008070667213029,0.0,1.8534458985964413,0.6170465544027416,0.0,88621.75,614.8042602539062
2025-12-22,-0.0014875849588890807,0.004782077382168257,-0.0031489442400540555,14.079999923706056,-0.8299999237060529,-0.0135629708224497,-0.02735524872707577,0.00882772045547498,1.9191919444383043,0.6519042351805915,0.006373890713413227,88490.015625,617.7513427734375
2025-12-23,-0.012234274952953525,0.004672387736510809,-0.003567230691348937,14.0,-0.07999992370605646,0.0372022788111744,0.012009184831905724,-0.025547084316394138,1.9968607131714806,0.6915763039648566,0.016790062475142975,87414.0,620.6444702148438
2025-12-24,0.002262076104062497,0.002921390510044092,0.00040833927010335686,13.470000267028809,-0.5299997329711914,-0.0502617588155726,-0.06968098236365423,0.00437964772480127,1.9812819368319767,0.6837440780501798,-0.0003879743013709201,87611.9609375,622.4602661132812
2025-12-25,-0.0043148578556266,0.0,0.0,13.470000267028809,0.0,0.001411063378114,-0.017697477804022907,0.0,1.9812819368319767,0.6837440780501798,0.0,87234.7421875,622.4602661132812
2025-12-26,0.0007641682813230021,-6.422789274467806e-05,0.000408094762120937,13.600000381469728,0.13000011444091975,-0.0520169745931458,-0.07205789179371373,-0.04086088851015256,1.9840895707563553,0.6851601543941885,0.004746483180470464,87301.4296875,622.4202880859375
2025-12-27,0.00571921956587603,0.0,0.0,13.600000381469728,0.0,-0.1201550787655058,-0.14219562207512507,0.0,1.9840895707563553,0.6851601543941885,0.0,87802.15625,622.4202880859375
2025-12-28,0.0003835125589097617,0.0,0.0,13.600000381469728,0.0,-0.124710274947396,-0.1358329345318595,0.0,1.9840895707563553,0.6851601543941885,0.0,87835.8359375,622.4202880859375
2025-12-29,-0.007974888882579774,-0.004852338750347394,0.00020406276425030386,14.199999809265137,0.5999994277954084,0.0580952550018908,0.05209920699836849,-0.01674694111672129,1.9721723428170947,0.6791356472994035,-0.006724875764785588,87138.140625,619.4074096679688
2025-12-30,0.01471809780879094,-0.002322080967224036,0.0020378746555989903,14.329999923706056,0.13000011444091975,-0.0230870822542902,-0.01919047581010873,-0.028850351395806887,1.9741139873282103,0.6801196836846817,-0.0014197173518503909,88430.1328125,617.9707641601562
2025-12-31,-0.010473099349299821,-0.00829996744363593,0.0004070925784966296,14.949999809265137,0.6199998855590803,0.0515840812489454,0.05115899358815764,-0.006507761813666823,2.0088133976924927,0.6975441983394416,-0.006755409280970845,87508.828125,612.8628540039062
2026-01-01,0.013880733660550057,0.0,0.0,14.949999809265137,0.0,-0.1145450828310747,-0.1106931214058122,0.0,2.0088133976924927,0.6975441983394416,0.0,88731.984375,612.8628540039062
2026-01-02,0.013574570130194885,-0.0019389085586393317,0.0014234816010226063,14.510000228881836,-0.4399995803833008,0.0327274025418918,0.034364486661012834,0.10780423210932302,2.0053340969867506,0.6958106787905686,-0.004904528302368205,89944.6953125,611.6757202148438
2026-01-03,0.007294409627148249,0.0,0.0,14.510000228881836,0.0,-0.0547248958542435,-0.04823190257283533,0.0,2.0053340969867506,0.6958106787905686,0.0,90603.1875,611.6757202148438
2026-01-04,0.008903689947606831,0.0,0.0,14.510000228881836,0.0,-0.160609838861485,-0.14781342475299078,0.0,2.0053340969867506,0.6958106787905686,0.0,91413.4921875,611.6757202148438
2026-01-05,0.02665149838136465,0.007911489419854187,-0.0015252586193086073,14.899999618530272,0.3899993896484357,0.0897860500074602,0.10105757509848223,0.0744346031327082,2.085721880832017,0.7351150211471499,-0.002031653872240446,93882.5546875,616.5341796875
2026-01-06,-0.00163660971149983,0.008748217816814775,0.003149661637507837,14.75,-0.14999961853027166,-0.1195827466743394,-0.10788968913877554,-0.021865592836602686,2.0354077685522465,0.7106961764885866,0.00360508094093301,93729.03125,621.951416015625
2026-01-07,-0.026168967250151644,0.0009620444420226397,0.0010138749022024207,15.380000114440918,0.630000114440918,-0.0096010834202999,0.003955682299459411,-0.03334891088285393,1.9408529562649777,0.6631275446273281,0.010124826835926476,91308.0546875,622.550048828125
2026-01-08,-0.003081466892755565,-0.005705243648816256,0.0025302376661600922,15.449999809265137,0.06999969482421875,0.0102661706606684,0.026278344657186557,0.022872492677992986,2.0021299742330196,0.6942116009799899,-0.0164527090682927,91027.125,619.0083618164062
2026-01-09,-0.005662930149506993,0.00991095488475612,0.0020195599180394845,14.489999771118164,-0.9600000381469727,-0.0143318340395645,0.005479288529936125,0.0026688359529183003,2.0530282458568823,0.7193158962747781,0.0007354982718214297,90513.1015625,625.173828125
2026-01-10,-0.0013980466595052143,0.0,0.0,14.489999771118164,0.0,0.0024364079629778,0.019998643394380202,0.0,2.0530282458568823,0.7193158962747781,0.0,90386.6484375,625.173828125
2026-01-11,0.004865110901100388,0.0,0.0,14.489999771118164,0.0,-0.0558149616610821,-0.03564077005943658,0.0,2.0530282458568823,0.7193158962747781,0.0,90827.4609375,625.173828125
2026-01-12,0.004016380962680633,0.0008294056426431345,-0.00272737828522419,15.119999885559082,0.630000114440918,0.0614531184422322,0.08020474686868083,0.05214823896491932,2.089605758220027,0.7369754157527759,-0.001979252108473711,91192.9921875,625.6925659179688
2026-01-13,0.044280285031478225,-0.0014839300044612392,0.0027273782852241823,15.979999542236328,0.8599996566772461,-0.0763873157269603,-0.044815258256018634,0.03311893728878118,2.11577646480584,0.7494218679647812,-0.004521664870928881,95321.78125,624.7647705078125
2026-01-14,0.016723797821879046,-0.01074030034967808,0.0,16.75,0.7700004577636719,0.128217772065569,0.15350348838539493,0.014083149668782824,2.035680140277821,0.7108299843218148,-0.01937660733416521,96929.328125,618.0905151367188
2026-01-15,-0.014320038274756287,0.0035929980835507996,0.0019148652293785714,15.84000015258789,-0.9099998474121094,-0.0246386262860417,0.0012453258772171238,-0.029026319373625088,2.097097126051309,0.7405540675144902,0.007593246735431665,95551.1875,620.3153076171875
2026-01-16,-0.00027287855188963723,-0.0008366969035008165,0.000704541271624515,15.859999656677246,0.01999950408935547,0.017572276270598,0.0420404417093629,0.06943477009960354,2.0595861014361594,0.722505040981102,0.0012947197509275425,95525.1171875,619.7965087890625
2026-01-17,-0.004461072057980408,0.0,0.0,15.859999656677246,0.0,0.0713032920144026,0.09038747787578262,0.0,2.0595861014361594,0.722505040981102,0.0,95099.921875,619.7965087890625
2026-01-18,-0.015529993658124637,0.0,0.0,15.859999656677246,0.0,0.2602338032209206,0.27044656576596504,0.0,2.0595861014361594,0.722505040981102,0.0,93634.4296875,619.7965087890625
2026-01-19,-0.011610285761608208,0.0,0.0,15.859999656677246,0.0,0.4034081604745898,0.3988881018776714,0.0,2.0595861014361594,0.722505040981102,0.0,92553.59375,619.7965087890625
2026-01-20,-0.046924255054821146,-0.021476078403984473,-0.007574646170517677,20.09000015258789,4.2300004959106445,0.1839990742932728,0.1708102182652309,-0.05388173821403085,2.084647048794377,0.7345995597673171,-0.02824302053949393,88310.90625,606.6276245117188
2026-01-21,0.011999327760148783,0.0134278216147505,0.0012158334390808274,16.899999618530273,-3.190000534057617,0.1145314032008563,0.09707273470537087,-0.010909690050969187,2.0876415174474734,0.7360349682342551,0.0029434769801454184,89376.9609375,614.8282470703125
2026-01-22,0.0009560777691027553,0.007243087387034551,-0.00405846255422783,15.640000343322754,-1.2599992752075195,-0.0023410659185408,-0.018481622923035717,-0.0103926129332978,2.0520216884728755,0.718825496683893,0.011981372281493026,89462.453125,619.2976684570312
2026-01-23,0.00046290133092210693,0.0031524465518224464,-0.007756745768232539,16.09000015258789,0.4499998092651367,-0.0005195305789833,-0.018318161858031194,0.04166536675101653,2.1593154866523636,0.7697912671436765,0.02374758180857551,89503.875,621.2530517578125
2026-01-24,-0.004402117623558332,0.0,0.0,16.09000015258789,0.0,0.0524200314671685,0.03292110125181878,0.0,2.1593154866523636,0.7697912671436765,0.0,89110.734375,621.2530517578125
2026-01-25,-0.028900838361794735,0.0,0.0,16.09000015258789,0.0,0.4058273601772508,0.3710669521362212,0.0,2.1593154866523636,0.7697912671436765,0.0,86572.21875,621.2530517578125
2026-01-26,0.01938894055131375,0.004390457462666553,-0.005754203714711162,16.149999618530273,0.05999946594238281,-0.0927376534692181,-0.1284119756867906,-0.05190181006709549,2.204398518821596,0.7904546911076448,0.0014175503613019112,88267.140625,623.9866333007812
2026-01-27,0.00942027656458104,0.009024441229843394,-0.008486025112438676,16.350000381469727,0.20000076293945312,0.0387099523381103,-0.002411710788979095,0.08716777903556792,2.303822019366371,0.8345694913109213,0.01629966720937493,89102.5703125,629.6432495117188
2026-01-28,0.0009198645005418251,0.00330605974747412,0.002387458753018626,16.350000381469727,0.0,-0.0140701888858472,-0.052786337216678664,0.0032578788372438086,2.357747173624609,0.8577065756815624,0.008985219996411192,89184.5703125,631.7283325195312
2026-01-29,-0.053227949504083015,-0.006003257117329632,-0.001764107474717236,16.8799991607666,0.529998779296875,-0.0718888036760929,-0.10897822795953094,-0.048898297719304824,2.3647895063888558,0.8606890143417614,-0.050064186687734574,84561.5859375,627.947265625
2026-01-30,-0.005132847429550004,-0.012083554819464267,0.007347258143992739,17.440000534057617,0.5600013732910156,-0.1602768378937468,-0.1903042315390951,-0.07603000413734869,2.3118717838914433,0.8380574924779878,-0.007313343541101533,84128.65625,620.4050903320312
2026-01-31,-0.06770691927198588,0.0,0.0,17.440000534057617,0.0,0.6691153170024394,0.6129659100293073,0.0,2.3118717838914433,0.8380574924779878,0.0,78621.1171875,620.4050903320312
2026-02-01,-0.021166842147211495,0.0,0.0,17.440000534057617,0.0,0.940138716897623,0.8537422661126332,0.0,2.3118717838914433,0.8380574924779878,0.0,76974.4453125,620.4050903320312
2026-02-02,0.022026908157821636,0.006842932382385962,0.006372095059649294,16.34000015258789,-1.1000003814697266,-0.0737740318314975,-0.1595355114172455,-0.020542170623927103,2.378523205734862,0.8664797933003987,-0.022759507691278907,78688.765625,624.6650390625
2026-02-03,-0.03960046937497693,-0.015483245050837946,-0.0017431244227657681,18.0,1.6599998474121094,0.1660299961967108,0.06938052210902292,0.023386995819431548,2.4316083734685727,0.8885529204909479,-0.028973168287908864,75633.546875,615.0676879882812
2026-02-04,-0.035170615941758965,-0.017623402544910988,0.001845589577375835,18.63999938964844,0.639999389648441,0.090435351246164,-0.006235766216147326,-0.10814474024366719,2.296874925585501,0.8315494710209147,-0.01373816504261548,73019.703125,604.3230590820312
2026-02-05,-0.1523344080304475,-0.014499900962911242,0.002046633396997335,21.770000457763672,3.130001068115231,0.2091609151084396,0.1015316755867023,-0.15058239600793305,2.4588800092156204,0.8997059654658389,-0.0320809870749522,62702.09765625,595.6236572265625
2026-02-06,0.118003181433477,0.02091755534548786,-0.0019442568864248637,20.3700008392334,-1.3999996185302734,-0.0502397827947678,-0.15651439900402284,0.15538675915658348,2.225511210329716,0.7999866466795601,0.04728526780259812,70555.390625,608.2138671875
2026-02-07,-0.018213402812750957,0.0,0.0,20.3700008392334,0.0,0.1694001370306036,0.05782105527568407,0.0,2.225511210329716,0.7999866466795601,0.0,69281.96875,608.2138671875
2026-02-08,0.01408523588474713,0.0,0.0,20.3700008392334,0.0,-0.0008072151244984,-0.11283711750992013,0.0,2.225511210329716,0.7999866466795601,0.0,70264.7265625,608.2138671875
2026-02-09,-0.0020507154219692207,0.007630939018748233,-0.008331213745460345,17.360000610351562,-3.010000228881836,0.1410512664531957,0.024400868784766716,0.07183696699167638,2.4488260002276534,0.8956087261309447,0.0276268826079816,70120.78125,612.8728637695312
2026-02-10,-0.01910323758989731,-0.0046501304869109765,-0.0002065555506028379,17.790000915527344,0.43000030517578125,0.0246019959737109,-0.0947289669492112,-0.021781484071441762,2.388991384115475,0.8708712618555763,-0.004361300612586426,68793.9609375,610.029541015625
2026-02-11,-0.026543221212374526,0.002678524631827479,0.00030985672447881836,17.649999618530273,-0.1400012969970703,0.1295136590533473,0.007914011443388033,-0.021581840452493322,2.401188210205744,0.8759637024242033,-0.006896894230420666,66991.96875,611.6657104492188
2026-02-12,-0.01156236827483507,-0.020548591921097436,0.0010321891194976615,20.81999969482422,3.1700000762939453,-0.1308046485794198,-0.2505903850942971,-0.03325874742927812,2.3868659825303977,0.869981201050899,-0.011387871627602497,66221.84375,599.22509765625
2026-02-13,0.03903376935715579,0.0021287806931436742,-0.0005160007584457258,20.600000381469727,-0.2199993133544922,-0.0039810279420781,-0.11936013779003382,0.04703319169419791,2.313428309348815,0.8387305409223058,-0.011817671173420701,68857.84375,600.5020751953125
2026-02-14,0.013125933067848304,0.0,0.0,20.600000381469727,0.0,-0.1604110789209178,-0.271264440347711,0.0,2.313428309348815,0.8387305409223058,0.0,69767.625,600.5020751953125
2026-02-15,-0.014138040068878806,0.0,0.0,20.600000381469727,0.0,0.0081663730418831,-0.10237345827728626,0.0,2.313428309348815,0.8387305409223058,0.0,68788.1875,600.5020751953125
2026-02-16,0.0007987824782500607,0.0,0.0,20.600000381469727,0.0,-0.0014217099466586,-0.10953737453379259,0.0,2.313428309348815,0.8387305409223058,0.0,68843.15625,600.5020751953125
2026-02-17,-0.019788873300286218,-0.0010306544570979057,0.0028860709310194427,20.290000915527344,-0.3099994659423828,0.0659223127906788,-0.03571630211544713,-0.038483050952484214,2.3657761469731047,0.8611061486427531,0.000285443089539315,67494.21875,599.8834838867188
2026-02-18,-0.015963632260214883,0.007439427372770084,0.005542385987226216,19.6200008392334,-0.6700000762939453,-0.0172199959987961,-0.10483767235580917,0.0025029725394762406,2.316491068600637,0.8400535703094544,0.011511111670711715,66425.3203125,604.3629150390625
2026-02-19,0.007980125994704771,-0.0038370280008004024,0.0023514130362370924,20.229999542236328,0.6099987030029297,0.0443522788409582,-0.03861050433431104,0.03743306543801606,2.257058908155635,0.8140625976966707,-0.0005013679253409362,66957.5234375,602.0484008789062
2026-02-20,0.015528995656632263,0.00880995737807975,-0.001328332604128921,19.09000015258789,-1.1399993896484375,-0.0318366159683499,-0.10992046517131226,-0.0391311857718254,2.1708708597378332,0.7751284048974336,0.0035374098273849085,68005.421875,607.3758544921875
2026-02-21,-2.4354972344490844e-05,0.0,0.0,19.09000015258789,0.0,-0.0315451281305424,-0.10865550859310472,0.0,2.1708708597378332,0.7751284048974336,0.0,68003.765625,607.3758544921875
2026-02-22,-0.005076923598302017,0.0,0.0,19.09000015258789,0.0,0.0293723085833659,-0.04873446651794139,0.0,2.1708708597378332,0.7751284048974336,0.0,67659.390625,607.3758544921875
2026-02-23,-0.04601267313564273,-0.012229435937566502,-0.0010230804321081904,21.01000022888184,1.9200000762939489,-0.0198224083893703,-0.09552110216212628,0.01712448777923001,2.246776659394054,0.8094965932449575,-0.011788599036253166,64616.73828125,599.9932250976562
2026-02-24,-0.00834051043874472,0.010684214945387927,0.001840682701032689,19.549999237060547,-1.4600009918212926,0.0870705467179688,0.0219970800605222,0.06921195817004779,2.3174785026373463,0.84047974231446,0.009238783593549675,64080.04296875,606.4380493164062
2026-02-25,0.05878816281087323,0.014389206171659013,-0.0018406827010326312,17.93000030517578,-1.6199989318847656,0.2224613330243285,0.1468812334837637,0.010964501763389848,2.2168975082497453,0.7961086996375931,0.021669254395743756,67960.125,615.227294921875
2026-02-26,-0.007478610812400483,-0.012137991233678432,0.0009208038736308084,18.6299991607666,0.6999988555908203,0.0002182049906168,-0.07407883630503156,-0.003621952950031148,2.226236837147306,0.8003126430370707,-0.026657114247912783,67453.7734375,607.8048095703125
2026-02-27,-0.023580345399758597,-0.0032058888467913385,-0.0018423782465261309,19.86000061035156,1.2300014495849574,0.0344622886395734,-0.04145250190692232,-0.04672138850329197,2.1074473776721585,0.7454774415060595,-0.0325730194552099,65881.796875,605.859375
2026-02-28,0.016768637200983844,0.0,0.0,19.86000061035156,0.0,-0.1656566928693121,-0.23844588710936715,0.0,2.1074473776721585,0.7454774415060595,0.0,66995.859375,605.859375
2026-03-01,-0.018952127255243773,0.0,0.0,19.86000061035156,0.0,0.0607681261711215,-0.01938923353776252,0.0,2.1074473776721585,0.7454774415060595,0.0,65738.1015625,605.859375
2026-03-02,0.04517399874225875,0.0013165290300355826,0.007857550009264672,21.440000534057617,1.5799999237060582,0.1228597110472891,0.06091087153691009,0.014625952425428133,2.028547872617804,0.707320203394666,0.02205148924955851,68775.8515625,606.6575317382812
2026-03-03,-0.007035921401254354,-0.01076331062964133,0.006787300505735298,23.56999969482422,2.1299991607666016,0.0301084917418313,-0.001506006930021321,-0.07346640617550428,2.0357564457843482,0.7108674676547481,1.4215794098253881e-06,68293.6484375,600.1629028320312
2026-03-04,0.06267011054362281,0.015128145891415246,-0.0028309230221803955,21.149999618530277,-2.4200000762939418,0.1212074326358548,0.08309355181509044,0.07244442409780157,2.0572916439282354,0.7213903818207357,0.009804662620800871,72710.578125,609.311279296875
2026-03-05,-0.026047184090688055,-0.0030173828003607845,0.0055530766346594575,23.75,2.600000381469723,0.1166906934354868,0.08022145604009656,-0.04702369738133561,2.0791083389841964,0.7319391186216491,0.007535526623650857,70841.125,607.4755249023438
2026-03-06,-0.03892676222985379,-0.015157481402637382,-0.0033281442158637673,29.489999771118164,5.739999771118164,0.0279159329888272,-0.006469323797985139,-0.0908933704981333,2.0809303789494837,0.7328150912773559,-0.017383692743867016,68136.4921875,598.337158203125
2026-03-07,-0.012760002816373808,0.0,0.0,29.489999771118164,0.0,0.1823755308973797,0.14888312025093603,0.0,2.0809303789494837,0.7328150912773559,0.0,67272.59375,598.337158203125
2026-03-08,-0.019556151272463178,0.0,0.0,29.489999771118164,0.0,0.4229607021775595,0.37369494203203824,0.0,2.0809303789494837,0.7328150912773559,0.0,65969.78125,598.337158203125
2026-03-09,0.036210883133673905,0.013267197145365521,0.001917570786526701,25.5,-3.989999771118164,0.1408051277453442,0.09249253457599828,0.041562655781386466,2.057931507265367,0.7217013556458622,0.013949807348025593,68402.3828125,606.3283081054688
2026-03-10,0.022043063053682945,1.6508684927659008e-05,-0.003535163222568219,24.93000030517578,-0.5699996948242188,0.046004277233174,-0.003868699014761015,-0.0001245202375556163,2.0685139779497956,0.7268304644260092,0.0012924646241832165,69926.921875,606.3383178710938
2026-03-11,0.003967140831024369,-0.00013167441044641592,0.004039200840566423,24.229999542236328,-0.7000007629394531,0.1059955654348739,0.057291112554216275,0.037322258034571766,2.2230931092878246,0.7988995186248666,0.002339512212176505,70204.8828125,606.2584838867188
2026-03-12,0.004102088510358853,-0.017312295522057007,0.005126356944009507,27.290000915527344,3.0600013732910156,0.0257962756518972,-0.02294798655136664,-0.01746518774200252,2.202986828859702,0.7898140890731922,-0.01157200835678625,70493.4609375,595.8530883789062
2026-03-13,0.006712861238543366,-0.005944831950843222,0.006196948879858722,27.190000534057617,-0.10000038146972656,0.0603200946549833,0.013882284598331608,0.014064240508649687,2.1962560969145035,0.7867541365720058,-0.015866310605566765,70968.265625,592.3213500976562
2026-03-14,0.0034653905327112298,0.0,0.0,27.190000534057617,0.0,0.0185987077794764,-0.032819214155805174,0.0,2.1962560969145035,0.7867541365720058,0.0,71214.625,592.3213500976562
2026-03-15,0.021879197879022205,0.0,0.0,27.190000534057617,0.0,-0.2415028095088294,-0.28500333872521927,0.0,2.1962560969145035,0.7867541365720058,0.0,72789.9140625,592.3213500976562
2026-03-16,0.028056806108927662,0.0111550227168346,-0.00649776392104277,23.51000022888184,-3.6800003051757777,-0.1187937783513401,-0.1636815509200492,0.047568279184178545,2.32748881650348,0.8447899252181128,0.01370257364994135,74861.0859375,598.9656982421875
2026-03-17,-0.012617278563279094,0.004868369141310366,-0.0013046040569886796,22.3700008392334,-1.139999389648441,0.1237821252141575,0.07504049423970591,-0.010690911132150347,2.2162797727917867,0.7958300121758494,-0.004208349948588947,73922.4765625,601.8887939453125
2026-03-18,-0.03688417423341743,-0.014037748997582209,0.005108385040950413,25.09000015258789,2.719999313354492,-0.021993470208787,-0.07004937584116765,-0.027987797710432017,2.2449847529509626,0.8086987296125636,-0.013853904902651435,71245.578125,593.4986572265625
2026-03-19,-0.01888416104762736,-0.003165264649248654,-0.008629322886787194,24.059999465942383,-1.0300006866455078,0.0767603656206946,0.028343191560646762,0.007421081008161592,2.2259716171126693,0.8001935021488239,-0.008673648563687575,69912.7890625,591.623046875
2026-03-20,0.008684431647448684,-0.01865462814763994,0.004223640215210761,26.780000686645508,2.720001220703125,-0.0514874944208365,-0.098762418533483,-0.04598918447220547,2.3111396365426264,0.8377407520296722,-0.025959535138325142,70522.5859375,580.6888427734375
2026-03-21,-0.026016105631017767,0.0,0.0,26.780000686645508,0.0,0.2634451667552579,0.20886714637880144,0.0,2.3111396365426264,0.8377407520296722,0.0,68711.5234375,580.6888427734375
2026-03-22,-0.012688120086084904,0.0,0.0,26.780000686645508,0.0,0.4200365560990338,0.3503960966536645,0.0,2.3111396365426264,0.8377407520296722,0.0,67845.2109375,580.6888427734375
2026-03-23,0.04425119303469704,0.011413587600842143,-0.00704942076402453,26.149999618530277,-0.6300010681152308,-0.0304352644709732,-0.10011271937166147,0.05458622877295468,2.252856342093479,0.8121988964759658,0.00991761188768191,70914.859375,587.3545532226562
2026-03-24,-0.005613991531695598,-0.006860276943048109,0.004839240854073393,26.950000762939453,0.8000011444091761,-0.1978833819358261,-0.2599856471525413,-0.01832833402119909,2.306902953318235,0.8359059121248572,-0.014831112865331954,70517.859375,583.3389282226562
2026-03-25,0.011168924480813245,0.006554095441751243,0.001708267209248284,25.32999992370605,-1.620000839233402,-0.0757061088460192,-0.13594558404751275,0.03169798814583486,2.255688653085773,0.8134553157278134,0.007548557480012663,71309.8828125,587.1747436523438
2026-03-26,-0.03595291880741613,-0.024157388913031635,0.0030075516580878097,27.440000534057617,2.110000610351566,-0.0526154164842013,-0.10819869291228919,-0.06930406999154166,2.1511682801912766,0.7660110806942626,-0.02814441497573197,68791.625,573.1600952148438
2026-03-27,-0.03631346968520713,-0.019730019448686013,0.0024993764191914153,31.049999237060547,3.6099987030029297,-0.0190613653108023,-0.06659388512771916,-0.05914660384386074,2.2065807020511534,0.7914441237475706,-0.023711741409932728,66338.375,561.9624633789062
2026-03-28,-0.0002816215791388498,0.0,0.0,31.049999237060547,0.0,-0.0156867992999345,-0.06268915230716632,0.0,2.2065807020511534,0.7914441237475706,0.0,66319.6953125,561.9624633789062
2026-03-29,-0.005515409833700628,0.0,0.0,31.049999237060547,0.0,0.0505942150356007,0.003054131148501303,0.0,2.2065807020511534,0.7914441237475706,0.0,65954.921875,561.9624633789062
2026-03-30,0.011105181731209317,-0.007672732142518884,0.0035881689427959304,30.61000061035156,-0.4399986267089879,-0.0029590564288312,-0.05592239486394663,-0.08081162164831424,2.129809406767604,0.7560324953269284,-0.0040039681905428195,66691.4453125,557.6671752929688
2026-03-31,0.022856210162579323,0.0332934747441379,-0.005487149482743582,25.25,-5.360000610351559,-0.0348766594029859,-0.08465183831896442,0.057528256614501894,2.193248353712715,0.7853837114106477,0.04256385252728023,68233.3125,576.54638671875
2026-04-01,-0.002270644254019965,0.012277521075913629,-0.0031060348366285786,24.540000915527344,-0.7099990844726562,0.0460841709169841,-0.001131823327984248,0.0022320784942542493,2.1865799316038235,0.7823386480761135,0.0027737465652002283,68078.5546875,583.6685791015625
2026-04-02,-0.017634149228875802,0.0011459707010890616,0.003806066822533115,23.8700008392334,-0.6700000762939453,0.0522833158738699,0.004328160824500264,0.03487463409546025,2.1699605026165263,0.7747089658275134,0.010150148408889826,66888.5703125,584.3378295898438
2026-04-03,0.0006356502125007872,0.0,0.0,23.8700008392334,0.0,0.0446247137769121,-0.0007776839771594379,0.0,2.1699605026165263,0.7747089658275134,0.0,66931.1015625,584.3378295898438
2026-04-04,0.005355544495529739,0.0,0.0,23.8700008392334,0.0,-0.0197083866527438,-0.06056414840387432,0.0,2.1699605026165263,0.7747089658275134,0.0,67290.515625,584.3378295898438
2026-04-05,0.024824828794848448,0.0,0.0,23.8700008392334,0.0,-0.3134558737839172,-0.34293257530928956,0.0,2.1699605026165263,0.7747089658275134,0.0,68981.8984375,584.3378295898438
2026-04-06,-0.0017711667933321205,0.005999333491502505,-0.0004999292322441652,24.170000076293945,0.2999992370605469,0.1891097154114484,0.1594085410689404,0.028456732834982196,2.1280584549300867,0.7552100405241535,-7.29983052189583e-05,68859.828125,587.85400390625
2026-04-07,0.043769250088650125,0.0001529255739752784,-0.003406515293062941,25.780000686645508,1.6100006103515625,-0.4621644779066093,-0.462361479579645,0.03113278677668711,2.14653837985449,0.7638564887250473,0.0005013671544836301,71940.703125,587.9439086914062
2026-04-08,-0.011426386592901714,0.029298616548572833,-0.005131591930476434,21.040000915527344,-4.739999771118164,0.0593291365464273,0.06184800124668882,0.0759564185772915,2.043956028010239,0.714887159394909,0.013782786750726538,71123.359375,605.4246826171875
2026-04-09,0.00902047398791368,0.0067419281026438165,-0.003132082008530146,19.489999771118164,-1.5500011444091797,0.0873101870811281,0.08845218811979116,0.03160137095146204,2.025984703283256,0.7060558555922907,0.0033144009627868658,71767.828125,609.5202026367188
2026-04-10,0.01673607145352826,0.0014411254517957557,-0.001721762393179433,19.229999542236328,-0.26000022888183594,0.0831942558855185,0.08509630057582673,0.006153741784444533,2.1158738532600667,0.7494678965573746,0.009713186814866794,72979.046875,610.3992309570312
2026-04-11,0.0010302658186926742,0.0,0.0,19.229999542236328,0.0,0.0707517645004297,0.07115529289578686,0.0,2.1158738532600667,0.7494678965573746,0.0,73054.2734375,610.3992309570312
2026-04-12,-0.03200195641601119,0.0,0.0,19.229999542236328,0.0,0.4632868823894963,0.4502581845270363,0.0,2.1158738532600667,0.7494678965573746,0.0,70753.40625,610.3992309570312
2026-04-13,0.05139225778223328,0.010289374610302784,-0.0028423404906281133,19.1200008392334,-0.10999870300292969,-0.1578270016658216,-0.1649748425467716,0.059036674694615286,2.110418238831412,0.7468861453011364,0.019676189113025766,74484.640625,616.7122802734375
2026-04-14,-0.004076670658997154,0.017994109443091048,-0.0025446600632382803,18.36000061035156,-0.7600002288818395,0.0353279946617496,0.018952460308446953,0.04385938614236249,2.181544575472894,0.780033146777716,0.02990561972814033,74181.609375,627.909912109375
2026-04-15,0.00836950468372944,0.013902381380959105,-0.0006117360563381438,18.170000076293945,-0.19000053405761363,0.0593417266750565,0.037028342154207305,-0.011227424313884496,2.2367815687082384,0.8050380329966874,0.028488507418385076,74805.078125,636.7003173828125
2026-04-16,0.004628724487070657,0.004804816288567291,0.0016303617133312145,17.940000534057617,-0.22999954223632812,0.057142839321863,0.03705076433075695,0.003259218323696396,2.167209827497794,0.7734405464304573,0.009563504400551369,75152.1328125,639.7669067382812
2026-04-17,0.025937296578403095,0.012999264752728733,-0.0012225220223565552,17.479999542236328,-0.46000099182128906,0.0736124729544662,0.05033353319125171,0.04661142758787308,2.125959597570501,0.7542232757742213,0.011325560558479669,77126.875,648.1376953125
2026-04-18,-0.018327445076503752,0.0,0.0,17.479999542236328,0.0,0.296931121623901,0.26631315666057964,0.0,2.125959597570501,0.7542232757742213,0.0,75726.2109375,648.1376953125
2026-04-19,-0.025002336494923415,0.0,0.0,17.479999542236328,0.0,0.6082588741468473,0.5556493635646031,0.0,2.125959597570501,0.7542232757742213,0.0,73856.3515625,648.1376953125
2026-04-20,0.02693259727225901,-0.0031798994389941088,-0.0005097672501354949,18.8700008392334,1.3900012969970703,0.0802625044495377,0.03375908261081754,0.0016711657132566626,2.1318497274029626,0.7569900194868917,-0.004672165435001937,75872.5234375,646.0799560546875
2026-04-21,0.006309747501944813,-0.003810612297942086,0.0036648783568097748,19.5,0.6299991607666016,-0.2031790143510463,-0.22890858384143045,-0.03641139358753968,2.1347447048272263,0.7583470633374483,0.0018072562438205654,76352.7734375,643.6226806640625
2026-04-22,0.02394495237334366,0.016592177358323502,0.001827337318442917,18.920000076293945,-0.5799999237060547,0.112307326365832,0.08181967051422101,0.05341350866112141,2.1192099630062713,0.7510433602700093,0.016732422286308488,78203.1015625,654.390869140625
2026-04-23,0.0008417038623198857,-0.0056486029959206905,0.0021278361999452116,19.309999465942383,0.3899993896484375,-0.0780314193067853,-0.11251414057936432,-0.0014811660883052326,2.206439473773154,0.7913801184757066,-0.027346553250518872,78268.953125,650.7048950195312
2026-04-24,-0.010449855400701123,0.01894685734806014,-0.0029395480890534263,18.709999084472656,-0.6000003814697266,0.074781829845435,0.0352828439498075,-0.002489564666639923,2.128109655026452,0.7552340997694864,0.031715092108233395,77455.3125,663.1512451171875
2026-04-25,0.0020210985800430967,0.0,0.0,18.709999084472656,0.0,0.0504021506012781,0.00746924580280129,0.0,2.128109655026452,0.7552340997694864,0.0,77612.015625,663.1512451171875
2026-04-26,0.01338122502813899,0.0,0.0,18.709999084472656,0.0,-0.1097729328035446,-0.14968211868559667,0.0,2.128109655026452,0.7552340997694864,0.0,78657.5390625,663.1512451171875
2026-04-27,-0.016547994707933746,0.0005270551084132031,-0.0003045715893422104,18.020000457763672,-0.6899986267089844,-0.0273955339269355,-0.0669144286547542,-0.009747119245149845,2.1790937217867543,0.778909066412809,0.01986704582702434,77366.625,663.5008544921875
2026-04-28,-0.013218654490737211,-0.010107670226959518,0.0014205926824692504,17.829999923706055,-0.1900005340576172,0.0486169592073416,0.009163973007131537,-0.05266365312346281,2.1650583563677483,0.7724473155335667,-0.0028173140206033754,76350.671875,656.8281860351562
2026-04-29,-0.0075534590417408835,0.00609495624219003,0.0030373154966233475,18.809999465942383,0.9799995422363281,-0.0001793935569876,-0.03972503518625912,-0.03109893745630271,2.16548466495695,0.7726442001221643,-0.014891013112916069,75776.1328125,660.84375
2026-04-30,0.006946186875134918,0.009283050014774911,-0.008527933285863126,16.889999389648438,-1.9200000762939453,0.0685171721416085,0.025525069460850508,0.07093283120272832,2.089080444873547,0.7367239906283632,-0.04372727464663413,76304.3203125,667.0069580078125
2026-05-01,0.02427150989403538,0.009553839094710392,0.001324542990650584,16.989999771118164,0.10000038146972656,0.0914823673876616,0.046976991491214364,-0.006137154406980935,2.0726323156332844,0.7288194494795293,0.005286296130123344,78179.0,673.4099731445312
2026-05-02,0.006098736514783506,0.0,0.0,16.989999771118164,0.0,0.0179640147602414,-0.025397384432418225,0.0,2.0726323156332844,0.7288194494795293,0.0,78657.25,673.4099731445312
2026-05-03,-0.0015143369624661424,0.0,0.0,16.989999771118164,0.0,0.03617704873612,-0.006902761621846561,0.0,2.0726323156332844,0.7288194494795293,0.0,78538.2265625,673.4099731445312
2026-05-04,0.01628767686490818,-0.0018856450433876817,0.002643911808868412,18.290000915527344,1.3000011444091797,0.0844958275477756,0.037942543383125055,0.043381324647890525,2.143318739966666,0.7623554408335107,-0.0009147736917134168,79827.90625,672.141357421875
2026-05-05,0.013675043806522565,0.012890611441448364,0.00010157030725159178,17.3799991607666,-0.9100017547607422,0.150942645783534,0.08890941096663509,0.08190031335170067,2.1868467294599174,0.782460656687256,-0.007728059179986212,80927.0546875,680.8617553710938
2026-05-06,0.006165248057273942,0.020561520052475232,-0.0046820107296972075,17.389999389648438,0.010000228881835938,0.0453117630285518,-0.011928206708917227,0.08496516598516438,2.1735310832762815,0.7763530723687352,0.031154971300925982,81427.53125,695.0062255859375
2026-05-07,-0.017561908350902416,-0.0011936533232645772,0.0023437455154049283,17.079999923706055,-0.3099994659423828,0.0502448961697069,-0.024075386036972665,-0.048362381953420186,2.0324867024959543,0.709260019981012,0.01691082371958289,80009.9921875,694.1771240234375
2026-05-08,0.0022069548930199264,0.023170322549315968,-0.004181796800026888,17.190000534057617,0.1100006103515625,0.0296658991226147,-0.04366560850327112,0.014061643115749714,2.098984804180795,0.7414538012605013,0.001912040136568172,80186.765625,710.44921875
2026-05-09,0.005938447031188693,0.0,0.0,17.190000534057617,0.0,-0.041559939870445,-0.11059577659794505,0.0,2.098984804180795,0.7414538012605013,0.0,80664.3671875,710.44921875
2026-05-10,0.018115146956791082,0.0,0.0,17.190000534057617,0.0,-0.2562385014033483,-0.3139599128878861,0.0,2.098984804180795,0.7414538012605013,0.0,82138.9296875,710.44921875
2026-05-11,-0.005011785219488408,0.002892205291790606,0.00102161725239754,18.3799991607666,1.1899986267089844,0.0670567931738758,0.009458547400223116,-0.0035226176497043377,1.9134452538976647,0.6489054150210615,0.006783695765649191,81728.296875,712.5069580078125
2026-05-12,-0.015422747705667463,-0.008517965885225794,0.003567230691348961,17.989999771118164,-0.3899993896484375,0.0771655972521043,0.03243806098303134,-0.023111581897893297,2.0147928991856787,0.7005164105560081,-0.002916424609166833,80477.4921875,706.463623046875
2026-05-13,-0.015028018231235505,0.010506869811020687,0.0019312140705727032,17.8700008392334,-0.11999893188476562,0.0708223753484981,0.01847319317894782,0.014884203508723794,2.0068667544101917,0.6965746771818543,0.008158984805352182,79277.1171875,713.9254760742188
2026-05-14,0.022132143698821827,0.007082521408242194,0.004053449968795283,17.260000228881836,-0.6100006103515625,0.0842059807837633,0.030227532410145898,0.038058902821206934,2.0714974169835147,0.728271735604064,0.026653765699672878,81051.25,718.9998168945312
2026-05-15,-0.02480277513696735,-0.015202633423097531,0.0039364108529774495,18.43000030517578,1.1700000762939453,0.0219038621668081,-0.030826657389867677,-0.06800899460450902,2.028344196936395,0.7072197936829515,-0.007579080781078525,79065.6796875,708.1517944335938
2026-05-16,-0.011886390842574117,0.0,0.0,18.43000030517578,0.0,0.1656535501474678,0.10930600689660519,0.0,2.028344196936395,0.7072197936829515,0.0,78131.4375,708.1517944335938
2026-05-17,-0.009026576797854137,0.0,0.0,18.43000030517578,0.0,0.2759648740278058,0.21287225074116517,0.0,2.028344196936395,0.7072197936829515,0.0,77429.3515625,708.1517944335938
2026-05-18,-0.006155853649121142,-0.00431159631466126,-0.0030265905427638794,17.81999969482422,-0.6100006103515625,-0.0092270825960337,-0.06211443240867647,-0.028570684481538638,1.9502048728887962,0.6679344300768184,-0.004785733971812395,76954.171875,705.1051025390625
2026-05-19,-0.002644879999712329,-0.006181486111535493,0.003328815541161499,18.059999465942383,0.23999977111816406,0.0131480532192413,-0.019902269229147944,-0.0005907469282622028,1.8483174809126228,0.6142757554947126,-0.01113824348866589,76750.90625,700.7599487304688
2026-05-20,0.009167734783614812,0.01642810405387535,-0.0019152512068916288,17.440000534057617,-0.6199989318847656,0.0383011106353814,0.006649501314130703,0.04375991364603444,1.867483719508126,0.6245919201866348,0.010781562384325812,77457.7734375,712.3671875
2026-05-21,0.0010503232153248991,0.00190514930123256,0.0008068767943914787,16.760000228881836,-0.6800003051757812,0.0241160365113842,-0.015112074505280841,0.05840953853585873,1.9672741106308673,0.6766488843654088,-0.01020275855523434,77539.171875,713.7256469726562
2026-05-22,-0.026806340702622146,0.004231700104705903,0.00130973019598077,16.700000762939453,-0.05999946594238281,0.0455844996556272,0.008580482862635644,0.006506089552615596,1.9331122327225392,0.6591312599594943,-0.01023376411381325,75488.2421875,716.7523193359375
2026-05-23,0.015577503022418468,0.0,0.0,16.700000762939453,0.0,-0.1406017062435406,-0.17552004680530697,0.0,1.9331122327225392,0.6591312599594943,0.0,76673.3671875,716.7523193359375
2026-05-24,0.004005847400396048,0.0,0.0,16.700000762939453,0.0,-0.1880136202218401,-0.21417211244803064,0.0,1.9331122327225392,0.6591312599594943,0.0,76981.125,716.7523193359375
2026-05-25,0.003874018128693613,0.0,0.0,16.59000015258789,-0.1100006103515625,-0.2336849466999588,-0.2503738690161081,0.0,1.9331122327225392,0.6591312599594943,0.0,77279.9296875,716.7523193359375
2026-05-26,-0.018996541405031864,0.01759940870283534,-0.001511426833076731,17.010000228881836,0.4200000762939453,0.0109618127256021,-0.009751601108185435,0.05788571859184114,1.936510736019112,0.6608877639898926,-0.004135924807019622,75825.734375,729.4783935546875
2026-05-27,-0.019725310724108713,-0.0011372140589216441,0.0004032756993976544,16.290000915527344,-0.7199993133544922,0.090437680391235,0.06579649274684178,0.0563103360301479,2.0532792792479895,0.7194381634892452,-0.009341651468784212,74344.703125,728.6492919921875
2026-05-28,-0.010929802661887332,0.00839558454064457,-0.0019169904019299942,15.739999771118164,-0.5500011444091797,-0.0296268469369878,-0.05165990770990337,-0.00804859647431964,1.9718099275350676,0.6789518659037457,0.0209216896684684,73536.5546875,734.79248046875
2026-05-29,-0.0022330998228095003,0.0036773062882472845,-0.001111433255293822,15.31999969482422,-0.42000007629394354,-0.0990327292775959,-0.11777067885982453,-0.015083000078736423,1.9396118698788165,0.6624878859863752,0.01919904517222146,73372.5234375,737.49951171875
2026-05-30,0.005197039654902875,0.0,0.0,15.31999969482422,0.0,-0.1607220882444255,-0.17181872914711965,0.0,1.9396118698788165,0.6624878859863752,0.0,73754.8359375,737.49951171875
2026-05-31,-0.002377562514476544,0.0,0.0,15.31999969482422,0.0,-0.1325399757915525,-0.13616920525493953,0.0,1.9396118698788165,0.6624878859863752,0.0,73579.6875,737.49951171875
2026-06-01,-0.031195386303294676,0.005982305971067254,0.002927600750727831,16.049999237060547,0.7299995422363263,0.0698644781081158,0.06450523319979963,0.029938754020899083,1.930867407691073,0.6579693359883932,0.041652990659423086,71319.7734375,741.9246826171875
2026-06-02,-0.06691384852525814,0.004593940478789365,0.00020163564875819948,15.770000457763672,-0.279998779296875,0.1243728674918026,0.11607376195829701,0.0027036866892345877,2.063872910116904,0.7245842711677619,-0.024748213350775337,66703.65625,745.3408813476562
2026-06-03,-0.041152222290191665,-0.0026167416357909838,0.00311947481739951,16.059999465942383,0.28999900817871094,0.294427557095032,0.2791307272432845,-0.006355806959885116,2.035967628602828,0.7109711990544259,-0.034528625858249895,64014.3671875,743.39306640625
2026-06-04,-0.003329681149437111,-0.004849110671582846,-0.001206344930803231,15.399999618530272,-0.6599998474121112,-0.0012364996626809,-0.011460691332887872,-0.025546316503246885,1.994839166756065,0.6905634289246216,0.01043414607265738,63801.57421875,739.7969970703125
2026-06-05,-0.046172542625212365,-0.04919128136652138,0.006617188990247966,21.51000022888184,6.110000610351568,-0.0802987752852409,-0.08633594901165478,-0.10335273826214866,1.9821190690600259,0.684166509310228,-0.045482906150848934,60922.66796875,704.2860107421875
2026-06-06,-0.0009073630482773938,0.0,0.0,21.51000022888184,0.0,-0.0694783705721028,-0.07152476874045635,0.0,1.9821190690600259,0.684166509310228,0.0,60867.4140625,704.2860107421875
2026-06-07,0.0382314561194156,0.0,0.0,21.51000022888184,0.0,-0.5169905561797327,-0.5008150725046746,0.0,1.9821190690600259,0.684166509310228,0.0,63239.51953125,704.2860107421875
2026-06-08,-0.0023577871851843952,0.015495037605172682,-0.00019984652067284522,18.920000076293945,-2.590000152587894,0.0731158463793784,0.08546880384610897,0.07123541027690874,2.003929226704018,0.6951098665830342,0.0026050609710695583,63090.58984375,715.283935546875
2026-06-09,-0.023199274916972237,-0.011573979178238936,-0.001400274133059806,19.8700008392334,0.9500007629394531,0.1024373403440432,0.10283443641919406,-0.03650979790043774,1.948327960371045,0.6669715485298159,-0.01129888144404791,61643.78125,707.052978515625
2026-06-10,-0.00316008608540611,-0.02017873791071192,0.00040021301455522363,22.21999931335449,2.34999847412109,0.1134029596813124,0.1122551835395487,-0.0639888496168462,1.9457364852565553,0.665640561057345,-0.026573410273074655,61449.2890625,692.9285278320312
2026-06-11,0.03378866852406486,0.033217953298081464,-0.0009008192290284114,19.440000534057617,-2.7799987792968714,0.0215122885660502,0.02221962271382164,0.07944195761932438,1.9542203235674434,0.6699913024164295,0.002068010530628729,63561.0546875,716.332763671875
2026-06-12,-0.0002809578486747506,0.00586743842175724,-0.0011021554145628524,17.68000030517578,-1.760000228881836,0.0220575827505144,0.024390409984885293,0.034885347945539165,1.9840825634738901,0.6851566226509939,0.0012924971389602375,63543.19921875,720.5481567382812
2026-06-13,0.01372472245570358,0.0,0.0,17.68000030517578,0.0,-0.1418146977851314,-0.13194784793179734,0.0,1.9840825634738901,0.6851566226509939,0.0,64421.32421875,720.5481567382812
2026-06-14,0.019812484755317328,0.0,0.0,17.68000030517578,0.0,-0.3744427341039892,-0.35136433104162856,0.0,1.9840825634738901,0.6851566226509939,0.0,65710.3984375,720.5481567382812
2026-06-15,0.0087743291428838,0.030930450325272207,-0.0012037592810297223,16.200000762939453,-1.4799995422363281,0.0516823931391849,0.0785598347684883,0.04076442420710879,1.981744422854944,0.6839774784785853,0.028796156604290156,66289.5,743.1832885742188
2026-06-16,-0.010446052081715382,-0.019188346028391264,-0.0009037138609526744,16.40999984741211,0.20999908447265625,0.01817531793349,0.05364574476593725,-0.0054729891124749835,1.9504230070006152,0.6680462757174502,-0.019477113520338117,65600.640625,729.0587768554688
2026-06-17,-0.01818545153086442,-0.010121457029139838,0.005510162014771975,18.440000534057617,2.030000686645508,-0.0276526970087299,0.008431916970807227,-0.010112843500192429,1.967142581805174,0.6765820237169192,-0.026008504289543703,64418.4453125,721.7168579101562
2026-06-18,-0.023909926459543353,0.024756452193266106,0.007564504627275772,16.399999618530273,-2.0400009155273438,0.0092585180123314,0.04547278316543219,0.03891170037915685,1.9828743727681986,0.6845474954220035,0.015189532448808496,62896.47265625,739.8070068359375
2026-06-19,0.0101927013006599,0.0,0.0,16.399999618530273,0.0,-0.1125265531135427,-0.07128469916881111,0.0,1.9828743727681986,0.6845474954220035,0.0,63540.8359375,739.8070068359375
2026-06-20,0.01093823779640829,0.0,0.0,16.399999618530273,0.0,-0.2418460116128826,-0.19173875606400878,0.0,1.9828743727681986,0.6845474954220035,0.0,64239.67578125,739.8070068359375
2026-06-21,-0.01572292530514671,0.0,0.0,16.399999618530273,0.0,-0.0555124187633309,-0.0020352659338251436,0.0,1.9828743727681986,0.6845474954220035,0.0,63237.5390625,739.8070068359375
2026-06-22,0.011236353824842346,-0.002513262440915354,0.001684234539481904,17.280000686645508,0.8800010681152344,0.0934251395041174,0.1391013974753679,-0.005885134801814293,1.8752666625512429,0.6287508693373943,-0.021016443972142924,63952.10546875,737.9500122070312
2026-06-23,-0.02028318896027214,-0.03348340788368682,0.003853257926300192,19.489999771118164,2.2099990844726562,-0.0580237639899687,-0.016680501226447264,-0.00861778519896592,1.8596896685887343,0.6204096289601939,-0.012166685279550057,62668.01953125,713.6500244140625
2026-06-24,-0.027057191162537193,-0.00425485873687116,0.001970219768776039,18.6299991607666,-0.8600006103515625,-0.2282410597054555,-0.18707925984175083,-0.057367945316459786,1.8223764121617316,0.6001413703443838,-0.014075490758118868,60995.1328125,710.6199951171875
2026-06-25,-0.021099038116469408,0.008072937699171981,-0.0017730531079588703,18.88999938964844,0.2600002288818395,-0.1068307158420875,-0.061742498359459844,-0.020710530881962213,1.7574335106925447,0.5638545122331577,-0.025844040301442786,59721.67578125,716.3800048828125
2026-06-26,0.004923319948585001,-0.013859221316670988,-0.000690366362132091,18.40999984741211,-0.4799995422363317,-0.050672062064255,-0.0008801864997776826,0.013037650192006534,1.6864064683506474,0.5225999149544712,0.019488184943351534,60016.4296875,706.52001953125
2026-06-27,-0.0012726617424323222,0.0,0.0,18.40999984741211,0.0,-0.0354549284718825,0.01453121647709131,0.0,1.6864064683506474,0.5225999149544712,0.0,59940.09765625,706.52001953125
2026-06-28,-0.006825999440473744,0.0,0.0,18.40999984741211,0.0,0.0464944244130963,0.09162966423904703,0.0,1.6864064683506474,0.5225999149544712,0.0,59532.33984375,706.52001953125
2026-06-29,0.010128530183576383,0.02455036918952256,-0.0024695028946871414,17.649999618530273,-0.7600002288818359,0.0831324890348918,0.12013924295153197,-0.03631804115599872,1.7048119152320196,0.533454791003573,0.0003631979647871521,60138.37890625,724.0800170898438
2026-06-30,-0.026615830286262104,0.016871575391121125,0.0007909227288017499,16.450000762939453,-1.1999988555908203,0.0699072274236898,0.10016574123315522,-0.020596893731764033,1.7201719989738176,0.542424285229137,0.01896143917975489,58558.859375,736.4000244140625
2026-07-01,0.024374798891813786,-0.015367395952347176,0.001974499076028552,16.59000015258789,0.1399993896484375,0.0352462300212708,0.06665868543363104,-0.06923479764030326,1.7784102205737373,0.5757198307125913,0.00855790169193623,60003.7578125,725.1699829101562
2026-07-02,0.024390944088390595,-0.01748586764864489,-0.005241038244596401,16.149999618530273,-0.4400005340576172,0.0331199587401384,0.06757417777755412,-0.09726251247828441,1.727774243739608,0.5468340158629108,0.0010073480299754968,61485.30078125,712.5999755859375
2026-07-03,0.01707535974546987,0.0,0.0,16.149999618530273,0.0,-0.1706055998523544,-0.12065027558335914,0.0,1.727774243739608,0.5468340158629108,0.0,62544.19921875,712.5999755859375
2026-07-04,0.00866191238397133,0.0,0.0,16.149999618530273,0.0,-0.2726282840408589,-0.21362656695925772,0.0,1.727774243739608,0.5468340158629108,0.0,63088.3046875,712.5999755859375
2026-07-05,0.007258275090508953,0.0,0.0,16.149999618530273,0.0,-0.3574406061177539,-0.2892008280084023,0.0,1.727774243739608,0.5468340158629108,0.0,63547.8828125,712.5999755859375
2026-07-06,0.007011517689840301,0.014240019728462614,-9.917343001407815e-05,15.56999969482422,-0.5799999237060529,-0.0206295363335181,0.04598194730121404,0.06556665115562037,1.8025541574583352,0.5892046354722519,-0.002980508162258957,63995.015625,722.8200073242188
2026-07-07,-0.01096103180817717,-0.01869841825986055,0.0028714403470790108,16.1299991607666,0.559999465942381,0.1294092068980179,0.17447403176349172,-0.07656246358262282,1.78544857010726,0.5796696834410793,0.006223771441911377,63297.39453125,709.4299926757812
2026-07-08,-0.016563965519348627,0.0028292681432302547,-0.0008902155670145428,16.899999618530273,0.7700004577636719,0.0332346610185921,0.07962885872942543,0.048158135069611904,1.962975182213402,0.6744612724295852,0.010807056674273893,62257.57421875,711.4400024414062
2026-07-09,0.014915682336986301,0.01650537441166384,-0.0010891689512792287,15.84000015258789,-1.0599994659423828,0.0364314614309329,0.08502585510553659,0.030295645513572195,1.8618227675820433,0.6215559904266648,-0.0019645787125508983,63193.1484375,723.280029296875
2026-07-10,0.01467180052315595,0.003078406352438468,0.0002971500071669173,15.029999732971191,-0.8100004196166992,-0.0078857016712648,0.044751647381758124,-0.029510221493528936,1.8657760802747403,0.6236770953718286,0.020735196773155745,64127.140625,725.510009765625
2026-07-11,-0.005082718606355573,0.0,0.0,15.029999732971191,0.0,0.053222005888699,0.1048023643643003,0.0,1.8657760802747403,0.6236770953718286,0.0,63802.02734375,725.510009765625
2026-07-12,-0.0006868690961942699,0.0,0.0,15.029999732971191,0.0,0.0615038355349285,0.11176931891771599,0.0,1.8657760802747403,0.6236770953718286,0.0,63758.21875,725.510009765625
2026-07-13,-0.024114338771437895,-0.019162206825520382,0.0030654912371199288,17.15999984741211,2.130000114440918,0.0213779830373217,0.06620371039269408,-0.04911315003946572,1.845775557416672,0.6128995454909218,-0.010338115610959701,62239.12109375,711.739990234375
2026-07-14,0.04272810304426096,0.011107904669584076,-0.0033626412442866807,16.5,-0.6599998474121094,-0.0445432959092271,-0.010714216493680116,-0.0057043503175302586,1.7486899523810426,0.5588669089561402,0.012104304663917004,64956.11328125,719.6900024414062
2026-07-15,-0.0037594109647903352,-0.0027131942608764562,-0.004368577599692925,15.670000076293944,-0.8299999237060565,0.0690980666371772,0.10234662360279112,0.010497081512829066,1.72764398411505,0.5467586214440414,0.015358717819725753,64712.375,717.739990234375
2026-07-16,-0.014367279855176223,-0.01657712136589082,0.002285975781514461,16.729999542236328,1.0599994659423846,0.112066241536465,0.1421851010486464,-0.08449923319317368,1.7114047954476885,0.5373145510591798,-0.005280681443535695,63789.28125,705.9400024414062
2026-07-17,0.0017257545646935989,-0.015143673909127738,0.00019849754614746005,18.770000457763672,2.0400009155273438,0.0695853874940993,0.09646297752285307,-0.017788264426199206,1.7322534565582943,0.5494231369387441,-0.020348274999963924,63899.4609375,695.3300170898438
2026-07-18,0.01394223164475083,0.0,0.0,18.770000457763672,0.0,-0.0975239225147441,-0.06708691780175448,0.0,1.7322534565582943,0.5494231369387441,0.0,64796.6015625,695.3300170898438
2026-07-19,-0.0016340878484766735,0.0,0.0,18.770000457763672,0.0,-0.0780583310780137,-0.048770267099541714,0.0,1.7322534565582943,0.5494231369387441,0.0,64690.8046875,695.3300170898438
2026-07-20,0.008300835886390828,0.001049282412609157,0.002379280058781694,18.649999618530277,-0.12000083923339488,-0.0082834263145801,0.013219218153948465,0.10225708911008459,1.7712546509508438,0.5716881378207701,0.011797053904432005,65230.02734375,696.0599975585938
2026-07-21,0.019359107363714313,0.018377311188778098,0.0018796309943829937,17.049999237060547,-1.6000003814697301,0.0026840036764083,0.02224676739694556,0.06378296840420931,1.7339169825340723,0.5503830009343162,0.004092388640781593,66505.125,708.969970703125
2026-07-22,-0.006098209978869258,-0.0051190722888647755,-0.0003954222628398895,16.639999389648438,-0.4099998474121094,-0.0164833489384465,0.006743031063509559,0.017728273214745006,1.6509831036296325,0.5013709308635954,0.001972530612289105,66100.796875,705.3499755859375
2026-07-23,-0.016104346952909084,-0.019165916674813394,0.0028632187795201666,18.700000762939453,2.0600013732910156,-0.0350181653609963,-0.012558638646672657,0.020995993654046856,1.6192572545743187,0.48196755927731844,-0.019190867391049964,65044.8125,691.9600219726562
2026-07-24,-0.014655553654227636,-0.011234092367193102,0.0003942919245417454,18.57999992370605,-0.12000083923340199,0.0218109153911384,0.035935376268908914,-0.0737210813753686,1.5920276009672356,0.46500842456287933,-0.004462576701232933,64098.49609375,684.22998046875
2026-07-25,0.0033224217714330475,0.0,0.0,18.57999992370605,0.0,-0.0180643330492357,-0.006898751597893582,0.0,1.5920276009672356,0.46500842456287933,0.0,64311.8125,684.22998046875
2026-07-26,0.015865685940396487,0.0,0.0,18.57999992370605,0.0,-0.2066658587968267,-0.1903004841210655,0.0,1.5920276009672356,0.46500842456287933,0.0,65340.30078125,684.22998046875
2026-07-27,-0.025033652988595313,-0.0030885015793880475,0.0003941365196928716,18.670000076293945,0.09000015258789418,0.2335228319680286,0.24092228129579274,-0.04232296810796377,1.5703967588689616,0.4513283000891418,-0.016015419063081442,63724.8984375,682.1199951171875
2026-07-28,0.0022957554728576246,-0.009767249301847058,-0.0012815308886204337,18.209999084472656,-0.46000099182128906,-0.000256130042629,0.008701671100325981,-0.040483031101659135,1.5567245593874623,0.4425839725058238,0.00670226722461265,63871.36328125,675.489990234375
2026-07-29,0.0005760654802496461,-0.02058075074336642,-0.005737420039608633,20.65999984741211,2.450000762939453,-0.0691306880704252,-0.05509744769062632,-0.13452253071719325,1.5513647682844747,0.43913503918963936,-0.021673583123194978,63908.16796875,661.72998046875
2026-07-30,0.01270511594195683,0.03244220027850485,-0.007868183564049532,17.09000015258789,-3.5699996948242188,0.0092127312786204,0.025269121529921595,0.20167828200473287,1.6066418458240308,0.47414619061782526,0.08514330206467097,64725.30859375,683.5499877929688
2026-07-31,-0.02997835702863742,0.006474500229846181,-0.002101988452439996,15.989999771118164,-1.1000003814697266,-0.0351030349584482,-0.016701669207823035,-0.043534055667815826,1.6614364286812628,0.5076825466789386,0.029300866174178503,62813.74609375,687.989990234375
2026-08-01,-0.0008031049841085494,0.0,0.0,15.989999771118164,0.0,-0.0254901069929752,-0.005135072384579584,0.0,1.6614364286812628,0.5076825466789386,0.0,62763.3203125,687.989990234375
2026-08-02,0.011385569767075112,0.0,0.0,15.989999771118164,0.0,-0.1610535269840269,-0.14101689480457552,0.0,1.6614364286812628,0.5076825466789386,0.0,63482.0,687.989990234375
2026-08-03,-0.0003324575530272348,0.01740605175629989,0.0016018829116612508,15.859999656677246,-0.13000011444091797,0.1180131220073384,0.12502837398518318,0.06821969321281854,1.7024257709525559,0.5320541580631543,0.03854033023324023,63460.8984375,700.0700073242188
2026-08-04,0.00933302539348361,0.03340381436612204,-0.0007005223739931144,16.5,0.6400003433227539,0.0803760189151037,0.07279738339185322,-0.02398152879995786,1.7384161309312096,0.5529744290997337,0.0179254225129643,64055.953125,723.8499755859375
2026-08-05,0.008418741360802475,-0.009090008757622461,-0.0020041789092278884,15.8100004196167,-0.6899995803833008,0.0896319517009172,0.07837793324318557,-0.04582575259542139,1.702638406832598,0.5321790519677717,0.011428541634880551,64597.5,717.2999877929688
2026-08-06,-0.0052054707838791285,-0.0037011995969725166,0.002804757665190074,15.149999618530272,-0.6600008010864276,0.0668300559336423,0.05766200917472318,-0.03365577141598198,1.717103846862775,0.5406390616605282,0.012035042137339236,64262.11328125,714.6500244140625
2026-08-07,0.00957212039536744,0.011657809076050442,-0.003708003919300644,14.899999618530272,-0.25,0.0545267060457409,0.044648924452583484,-0.018692757574340097,1.8485201168492156,0.6143853821317703,0.011350727660060272,64880.19140625,723.030029296875
2026-08-08,0.00037748764335751974,0.0,0.0,14.899999618530272,0.0,0.0499771299260935,0.039647826049764065,0.0,1.8485201168492156,0.6143853821317703,0.0,64904.6875,723.030029296875
2026-08-09,-0.0009217877722439945,0.0,0.0,14.899999618530272,0.0,0.0610897724624224,0.04846128611497006,0.0,1.8485201168492156,0.6143853821317703,0.0,64844.88671875,723.030029296875
2026-08-10,-0.014513048045569134,-0.002991946470674987,0.002106204967474212,15.460000038146973,0.560000419616701,0.0393200705820081,0.027154982078112122,-0.059019820318796816,1.8342787330604922,0.606651343235353,-0.008485804068009879,63910.5859375,720.8699951171875
2026-08-11,-0.00562851025881392,-0.003362678456760894,0.00010020674624502334,15.279999732971191,-0.18000030517578125,0.0090870647010808,-0.0013307981083535893,0.025248801985357283,1.8402509470579584,0.6099019465920348,-0.002342953878407196,63551.875,718.4500122070312
2026-08-12,-0.0023542560615523694,0.0072808280736085884,0.0019016413643910249,14.550000190734863,-0.7299995422363281,0.0099490956300166,-8.78042658409503e-05,0.038254504500367804,1.939487396211822,0.6624237094038756,0.003500993358398102,63402.43359375,723.7000122070312
2026-08-13,-4.127906065128786e-06,0.011499189069701692,-0.0005001055407787341,14.630000114440918,0.07999992370605469,0.0137840309591129,0.0018028868343106814,-0.044510063361905425,2.0242864127076987,0.7052172496686623,0.007190708601029737,63402.171875,732.0700073242188
2026-08-14,-0.006750867021094253,-0.0013669233917396996,-0.0029053861996215396,14.25,-0.38000011444091797,-0.00011313906826,-0.009787243002880978,0.025211624314641235,2.025058979096419,0.705598825614077,-0.0018023312211198576,62975.59375,731.0700073242188
2026-08-15,0.0007734380660748331,0.0,0.0,14.25,0.0,-0.009390720075447,-0.015016258623004245,0.0,2.025058979096419,0.705598825614077,0.0,63024.3203125,731.0700073242188
2026-08-16,-0.003268647386863184,0.0,0.0,14.25,0.0,0.0298664776304559,0.0255649027450201,0.0,2.025058979096419,0.705598825614077,0.0,62818.65234375,731.0700073242188
2026-08-17,0.026510137670231988,-0.0016427950154094834,-0.000301026339781104,15.1899995803833,0.9399995803833008,-0.0179059673295969,-0.024861474054537605,0.028181830398203978,1.9599145990999585,0.6729009004053673,-0.01575845935932288,64506.25390625,729.8699951171875
2026-08-18,0.002700847372800676,-0.017079530972843513,0.00010037770277399256,15.84000015258789,0.6500005722045898,0.0063615372193047,-0.00340796511554662,-0.0837252930164711,1.9310606407068325,0.6580694067372519,-0.010519301994944798,64680.7109375,717.510009765625
2026-08-19,0.0684938460027011,-0.001994982000806985,-0.008262841055777364,14.890000343322754,-0.9499998092651367,-0.1197445723427466,-0.1257987031433257,0.012280222904561695,1.8933661334822598,0.6383562679372115,-0.002210685232445222,69266.1875,716.0800170898438
2026-08-20,0.05295120538976306,-0.007217954657645476,0.0007080331417601413,16.010000228881836,1.119999885559082,-0.0398874948345632,-0.044522575684776584,0.059481084452813034,1.7312765351939299,0.5488590180238809,-0.0039670809267981656,73032.7578125,710.9299926757812
2026-08-21,0.07008881775516321,0.0035243825303188123,-0.0010116184151103692,15.130000114440918,-0.880000114440918,-0.1769607049194846,-0.17624654057033004,-0.040614215101603755,1.7490132670335934,0.5590517815043181,-0.0027683475380324814,78335.1875,713.4400024414062
2026-08-22,-0.016108760387506423,0.0,0.0,15.130000114440918,0.0,0.0150360653338504,0.014081755326510062,0.0,1.7490132670335934,0.5590517815043181,0.0,77083.4140625,713.4400024414062
2026-08-23,0.008678138825315892,0.0,0.0,15.130000114440918,0.0,-0.088780964793984,-0.08604887879515359,0.0,1.7490132670335934,0.5590517815043181,0.0,77755.265625,713.4400024414062
2026-08-24,0.0154319126625293,-0.01002994133831255,0.0020222144925313456,15.850000381469728,0.7200002670288104,-0.0173978531092003,-0.01468798310837107,-0.017223431780755544,1.6831361713288384,0.5206588218161156,-0.010552355269802121,78964.484375,706.3200073242188
2026-08-25,-0.005072177186830813,0.006210096521785064,-0.0008084259918343916,15.449999809265137,-0.4000005722045916,0.0679727975957798,0.06152804571685548,0.057203034824498546,1.6687009779069741,0.5120454661997772,0.015336205998681957,78564.9765625,710.719970703125
2026-08-26,0.005868895257053803,0.0009141819082562716,0.002524106591481653,15.210000038146973,-0.23999977111816406,-0.0770499955019568,-0.07314231979854828,-0.03856833728856594,1.6580322702490613,0.5056315198825976,-0.0033036084564682846,79027.421875,711.3699951171875
2026-08-27,0.015445797722405792,0.01359898982202884,-0.00010078663593136844,14.510000228881836,-0.6999998092651367,-0.0534587628790714,-0.04777766608111479,0.034794564650060436,1.6332604214172135,0.4905782755034343,0.050563159809053335,80257.5390625,721.1099853515625
2026-08-28,-0.030710027313092664,-0.006511136081480176,0.0054309022600801905,14.43000030517578,-0.07999992370605646,0.1940700906027808,0.19097782811163053,-0.09675527186578421,1.6289932688872293,0.4879621975593326,-0.015098943559059013,77830.2890625,716.4299926757812
2026-08-29,0.005324638622765287,0.0,0.0,14.43000030517578,0.0,0.1293136294034904,0.12221800364151113,0.0,1.6289932688872293,0.4879621975593326,0.0,78245.8125,716.4299926757812
2026-08-30,-0.007417513856522034,0.0,0.0,14.43000030517578,0.0,0.2196174823207361,0.2040311726494507,0.0,1.6289932688872293,0.4879621975593326,0.0,77667.5703125,716.4299926757812
2026-08-31,0.01128015948027171,0.0004605350234295486,-0.0027117642971512257,14.920000076293944,0.48999977111816406,0.1063851266507363,0.08640297585799384,0.0066194822166596706,1.6562764062179147,0.5045719540021552,0.0012561926898864099,78548.6328125,716.760009765625
2026-09-01,-0.01468434511077238,-0.012805559656071983,0.0024108285469582724,16.34000015258789,1.420000076293947,0.0219175781496021,-0.004163609480927987,-0.03999085854323708,1.7282496799346563,0.5471091506470138,-0.013840294765850704,77403.625,707.6400146484375
2026-09-02,-0.0013334934464326008,0.0022584499188254463,-0.0011042576307611466,15.199999809265137,-1.140000343322754,0.0433927628801609,0.019798920553870055,0.03733301261103184,1.7615926028365034,0.5662182878610359,0.011566781400130326,77300.4765625,709.239990234375
2026-09-03,0.05009826088836319,0.011815869134702821,-0.005640602842842001,14.31999969482422,-0.8800001144409162,0.1193415262050549,0.09444883363576569,0.09603133654537063,1.6721094703648016,0.5140859852254869,0.022130389015040212,81271.7421875,717.6699829101562
2026-09-04,-0.019880567170122695,0.0017959243574899588,0.0016148939637159953,14.529999732971191,0.21000003814697088,0.0576912441366023,0.03386324181945692,0.017425597778146912,1.72663758168179,0.5461759228755745,-0.006156047632948045,79671.96875,718.9600219726562
2026-09-05,0.001904732904545248,0.0,0.0,14.529999732971191,0.0,0.0347464216872009,0.011987873844936898,0.0,1.72663758168179,0.5461759228755745,0.0,79823.8671875,718.9600219726562
2026-09-06,0.006570128267890348,0.0,0.0,14.529999732971191,0.0,-0.0440642244491534,-0.06353640794158759,0.0,1.72663758168179,0.5461759228755745,0.0,80350.046875,718.9600219726562
2026-09-07,-0.015479421851906922,0.0,0.0,15.300000190734863,0.7700004577636719,0.1424465644675149,0.11989206649036667,0.0,1.72663758168179,0.5461759228755745,0.0,79115.8515625,718.9600219726562
2026-09-08,-0.008597379465072897,-0.0008349381528042924,-0.0032324000287812923,15.720000267028809,0.4200000762939453,0.0224004889175826,0.0011356337252623541,0.048903983599706415,1.7557284211387314,0.5628838255863243,-0.015938680088954417,78438.578125,718.3599853515625
2026-09-09,-0.002285346965219089,-0.002857785013368337,-0.0007084631368699544,16.459999084472656,0.7399988174438477,0.0169400309606887,-0.0035788229109209,-0.031034890999778037,1.7048868011574099,0.5334987162483709,-0.006917539556992484,78259.5234375,716.3099975585938
2026-09-10,-0.021849659858284402,-0.010694831926934061,0.003234610180746546,17.84000015258789,1.3800010681152344,0.1084328498314409,0.0846024697888193,-0.046910688338242336,1.707613932467913,0.5350970349617983,-0.010651379156518672,76568.125,708.6900024414062
2026-09-11,0.00787911326948552,0.008696504452302125,0.00030277391715087846,15.84000015258789,-2.0,0.0398378416573144,0.01501117008044954,0.03798936334389818,1.666171560184501,0.5105285157444739,0.0030682016230304103,77173.796875,714.8800048828125
2026-09-12,0.001251867620127139,0.0,0.0,15.84000015258789,0.0,0.0247749888277984,-0.0004180480113559759,0.0,1.666171560184501,0.5105285157444739,0.0,77270.46875,714.8800048828125
2026-09-13,-0.0056105053694285294,0.0,0.0,15.84000015258789,0.0,0.092429664461138,0.06415186750433702,0.0,1.666171560184501,0.5105285157444739,0.0,76838.15625,714.8800048828125
2026-09-14,0.01709994445999339,-0.00800534058598382,0.0034242790510599216,17.100000381469727,1.260000228881836,0.1514699827974516,0.117830162411554,-0.04574176174446732,1.6535432087043178,0.5029203847610106,-0.007307775754793506,78163.3828125,709.1799926757812
2026-09-15,-0.03317957065234468,-0.006564286288720585,0.0019085178895739117,17.200000762939453,0.10000038146972656,0.0876826657626606,0.052115639105689504,-0.046976182270562425,1.6554178563604047,0.5040534581455505,-0.005409647432474859,75612.5078125,704.5399780273438
2026-09-16,0.007087568912612166,0.00025544283284598324,0.006601304585594888,17.709999084472656,0.5099983215332031,-0.0102933742994556,-0.0461141540574314,0.03806711463042922,1.695110862803697,0.5277481444774407,-0.0028466280016924096,76150.3203125,704.719970703125
2026-09-17,0.003322799827492972,0.017163715296351842,-0.0008975848449675706,15.4399995803833,-2.2699995040893555,0.0316047053876899,-0.005057513309232077,0.04063211692961648,1.6447620745352536,0.4975957382157274,0.020097476133141046,76403.7734375,716.9199829101562
2026-09-18,0.05718202827792623,-0.00022316436863519944,0.0006882508609609159,15.4399995803833,0.0,0.0148296465071713,-0.02631837948474794,0.042556523714837126,1.5818224169330648,0.4585776107900064,-0.0034515566441056,80900.0234375,716.760009765625
